date,tmpf,month,hour,dayofweek,mw2day,mw7day,poten_2,poten_7
2019-01-08 00:00:00,55.0,1,0,1,40894.547,37595.379,0.0,0.0
2019-01-08 01:00:00,55.0,1,1,1,39731.585,36246.587,0.0,0.0
2019-01-08 02:00:00,53.1,1,2,1,39302.356,35429.872,0.0,0.0
2019-01-08 03:00:00,53.1,1,3,1,39129.267,35011.561,0.0,0.0
2019-01-08 04:00:00,53.1,1,4,1,39169.129,35128.803,0.0,0.0
2019-01-08 05:00:00,53.1,1,5,1,39911.352,35794.553,0.0,0.0
2019-01-08 06:00:00,53.1,1,6,1,41189.341,36643.064,0.0,0.0
2019-01-08 07:00:00,53.1,1,7,1,42730.546,37902.84,0.0,0.0
2019-01-08 08:00:00,52.0,1,8,1,43694.432,38654.614,0.0,0.0
2019-01-08 09:00:00,52.0,1,9,1,43972.764,39803.744,0.0,0.0
2019-01-08 10:00:00,54.0,1,10,1,43673.311,41145.456,0.0,0.0
2019-01-08 11:00:00,55.9,1,11,1,43196.979,42216.627,0.0,0.0
2019-01-08 12:00:00,59.0,1,12,1,42948.53,42861.6,0.0,0.0
2019-01-08 13:00:00,61.0,1,13,1,42348.633,42930.324,0.0,0.0
2019-01-08 14:00:00,62.1,1,14,1,42004.55,43156.846,0.0,0.0
2019-01-08 15:00:00,57.9,1,15,1,42035.176,43427.543,0.0,0.0
2019-01-08 16:00:00,57.0,1,16,1,43214.29,44272.221,0.0,0.0
2019-01-08 17:00:00,51.1,1,17,1,46272.405,46270.223,0.0,0.0
2019-01-08 18:00:00,48.0,1,18,1,48099.46,46891.033,0.0,0.0
2019-01-08 19:00:00,46.0,1,19,1,48152.739,46571.415,0.0,0.0
2019-01-08 20:00:00,45.0,1,20,1,47926.503,46003.906,0.0,0.0
2019-01-08 21:00:00,43.0,1,21,1,46885.992,45067.898,0.0,0.0
2019-01-08 22:00:00,42.1,1,22,1,45104.095,43484.002,0.0,0.0
2019-01-08 23:00:00,41.0,1,23,1,43394.166,41529.086,0.0,0.0
2019-01-09 00:00:00,42.1,1,0,2,42115.821,40295.685,0.0,0.0
2019-01-09 01:00:00,41.0,1,1,2,41509.086,39584.985,375.0101851851796,0.0
2019-01-09 02:00:00,41.0,1,2,2,41355.174,39220.115,776.2421481481506,0.0
2019-01-09 03:00:00,39.9,1,3,2,41303.375,39242.388,891.2155555555582,0.0
2019-01-09 04:00:00,37.9,1,4,2,42155.436,40122.308,1291.9236666666766,0.0
2019-01-09 05:00:00,36.0,1,5,2,44515.179,42198.194,2265.4088518518474,0.0
2019-01-09 06:00:00,34.0,1,6,2,48303.582,45634.544,3680.7305555555577,1011.6925555555572
2019-01-09 07:00:00,30.9,1,7,2,51288.938,48793.616,4448.422814814818,1953.1008148148176
2019-01-09 08:00:00,28.9,1,8,2,52057.408,50174.182,4362.170111111118,2478.9441111111155
2019-01-09 09:00:00,28.0,1,9,2,52042.617,50688.858,3935.487000000008,2581.72800000001
2019-01-09 10:00:00,27.0,1,10,2,52112.514,51367.069,3792.6004074074153,3047.155407407416
2019-01-09 11:00:00,27.0,1,11,2,51784.932,51605.991,3639.225740740745,3460.284740740746
2019-01-09 12:00:00,28.0,1,12,2,51397.612,51494.73,3559.857518518518,3656.97551851852
2019-01-09 13:00:00,27.0,1,13,2,50907.597,51562.835,3555.5514444444416,4210.789444444439
2019-01-09 14:00:00,27.0,1,14,2,50325.639,51420.68,3474.0804444444366,4569.121444444434
2019-01-09 15:00:00,27.0,1,15,2,49731.984,51072.13,3144.5060740740737,4484.652074074074
2019-01-09 16:00:00,26.1,1,16,2,49738.623,51621.597,2649.719037037037,4532.693037037039
2019-01-09 17:00:00,26.1,1,17,2,51447.218,53531.967,2397.889222222213,4482.638222222209
2019-01-09 18:00:00,25.0,1,18,2,52016.147,53899.064,1876.6785925925944,3759.595592592596
2019-01-09 19:00:00,25.0,1,19,2,51405.24,53226.13,1626.3907777777786,3447.280777777778
2019-01-09 20:00:00,25.0,1,20,2,50239.129,52359.206,1117.6788148148262,3237.755814814824
2019-01-09 21:00:00,25.0,1,21,2,48245.964,50725.303,331.295074074078,2810.634074074078
2019-01-09 22:00:00,23.0,1,22,2,45838.292,48534.709,0.0,2414.546962962966
2019-01-09 23:00:00,23.0,1,23,2,43128.256,45940.611,0.0,1821.775370370371
2019-01-10 00:00:00,23.0,1,0,3,41168.876,43966.232,0.0,1793.1622222222286
2019-01-10 01:00:00,23.0,1,1,3,39909.717,42912.025,0.0,1777.949185185178
2019-01-10 02:00:00,21.9,1,2,3,39171.759,42445.634,0.0,1866.7021481481493
2019-01-10 03:00:00,21.0,1,3,3,39085.17,42351.992,0.0,1939.8325555555568
2019-01-10 04:00:00,19.9,1,4,3,39584.978,42968.095,0.0,2104.582666666676
2019-01-10 05:00:00,19.0,1,5,3,41744.206,44903.116,0.0,2653.345851851853
2019-01-10 06:00:00,19.0,1,6,3,45602.884,48346.06,980.0325555555536,3723.208555555553
2019-01-10 07:00:00,21.9,1,7,3,48164.216,51192.881,1323.700814814816,4352.365814814817
2019-01-10 08:00:00,23.0,1,8,3,48458.389,51753.718,763.1511111111176,4058.480111111116
2019-01-10 09:00:00,23.0,1,9,3,48130.982,51669.623,23.852000000013504,3562.493000000009
2019-01-10 10:00:00,23.0,1,10,3,47803.112,51907.832,0.0,3587.918407407414
2019-01-10 11:00:00,24.1,1,11,3,47469.546,51497.225,0.0,3351.518740740743
2019-01-10 12:00:00,24.1,1,12,3,46874.619,51067.98,0.0,3230.2255185185204
2019-01-10 13:00:00,25.0,1,13,3,46524.141,50315.271,0.0,2963.2254444444407
2019-01-10 14:00:00,25.0,1,14,3,45935.997,49527.875,0.0,2676.3164444444337
2019-01-10 15:00:00,26.1,1,15,3,45658.582,49273.028,0.0,2685.5500740740754
2019-01-10 16:00:00,26.1,1,16,3,46354.06,49620.076,0.0,2531.1720370370385
2019-01-10 17:00:00,26.1,1,17,3,48633.264,52467.144,0.0,3417.8152222222125
2019-01-10 18:00:00,26.1,1,18,3,50327.942,54157.938,188.4735925925997,4018.469592592599
2019-01-10 19:00:00,26.1,1,19,3,50134.155,53984.959,355.30577777777944,4206.109777777783
2019-01-10 20:00:00,26.1,1,20,3,49622.18,53463.475,500.72981481482566,4342.024814814824
2019-01-10 21:00:00,26.1,1,21,3,48553.595,52164.287,638.9260740740792,4249.618074074075
2019-01-10 22:00:00,27.0,1,22,3,46643.614,49949.741,523.4519629629649,3829.578962962965
2019-01-10 23:00:00,27.0,1,23,3,44603.54,47621.386,484.7043703703748,3502.5503703703725
2019-01-11 00:00:00,27.0,1,0,4,43054.198,45792.867,881.1282222222217,3619.797222222224
2019-01-11 01:00:00,26.1,1,1,4,42196.355,44761.924,1062.2791851851798,3627.848185185176
2019-01-11 02:00:00,26.1,1,2,4,42125.592,44213.55,1546.6601481481484,3634.6181481481535
2019-01-11 03:00:00,26.1,1,3,4,42406.578,44130.857,1994.41855555556,3718.697555555562
2019-01-11 04:00:00,26.1,1,4,4,43382.473,44723.682,2518.960666666673,3860.169666666676
2019-01-11 05:00:00,26.1,1,5,4,45977.163,46516.669,3727.392851851851,4266.898851851853
2019-01-11 06:00:00,26.1,1,6,4,50135.036,49944.623,5512.184555555556,5321.771555555555
2019-01-11 07:00:00,26.1,1,7,4,53480.658,52461.943,6640.142814814819,5621.427814814815
2019-01-11 08:00:00,26.1,1,8,4,54230.367,53057.287,6535.129111111113,5362.049111111111
2019-01-11 09:00:00,26.1,1,9,4,54412.773,52772.108,6305.643000000011,4664.97800000001
2019-01-11 10:00:00,27.0,1,10,4,54760.741,52275.491,6440.827407407414,3955.5774074074143
2019-01-11 11:00:00,28.0,1,11,4,54736.081,51307.194,6590.374740740743,3161.4877407407475
2019-01-11 12:00:00,28.0,1,12,4,54863.54,50440.03,7025.785518518518,2602.275518518516
2019-01-11 13:00:00,28.9,1,13,4,55049.495,49424.508,7697.449444444443,2072.4624444444416
2019-01-11 14:00:00,30.0,1,14,4,54848.279,48624.059,7996.720444444436,1772.5004444444348
2019-01-11 15:00:00,30.0,1,15,4,54936.344,47953.371,8348.866074074074,1365.893074074076
2019-01-11 16:00:00,30.0,1,16,4,55702.995,48089.633,8614.09103703704,1000.7290370370392
2019-01-11 17:00:00,28.9,1,17,4,57720.729,49975.664,8671.400222222212,926.3352222222092
2019-01-11 18:00:00,28.0,1,18,4,59117.701,50916.862,8978.232592592598,777.393592592598
2019-01-11 19:00:00,27.0,1,19,4,58751.464,50438.453,8972.61477777778,659.6037777777819
2019-01-11 20:00:00,27.0,1,20,4,58052.834,49654.136,8931.383814814828,532.685814814824
2019-01-11 21:00:00,28.0,1,21,4,56557.396,48546.449,8642.727074074079,631.7800740740786
2019-01-11 22:00:00,27.0,1,22,4,54213.823,46866.513,8093.66096296296,746.3509629629625
2019-01-11 23:00:00,27.0,1,23,4,51829.984,44514.116,7711.148370370371,395.28037037037575
2019-01-12 00:00:00,27.0,1,0,5,50281.262,42671.346,8108.192222222227,498.2762222222227
2019-01-12 01:00:00,28.0,1,1,5,49445.284,41329.566,8311.208185185176,195.4901851851755
2019-01-12 02:00:00,28.0,1,2,5,49155.432,40688.738,8576.500148148152,109.80614814814908
2019-01-12 03:00:00,28.0,1,3,5,49147.629,40366.057,8735.469555555559,0.0
2019-01-12 04:00:00,28.0,1,4,5,50114.14,40823.112,9250.627666666674,0.0
2019-01-12 05:00:00,28.0,1,5,5,52334.149,41636.335,10084.378851851849,0.0
2019-01-12 06:00:00,28.0,1,6,5,56000.034,43123.491,11377.182555555555,0.0
2019-01-12 07:00:00,28.0,1,7,5,58982.728,44824.51,12142.21281481482,0.0
2019-01-12 08:00:00,27.0,1,8,5,59399.771,45854.938,11704.533111111115,0.0
2019-01-12 09:00:00,27.0,1,9,5,59094.252,46265.684,10987.12200000001,0.0
2019-01-12 10:00:00,27.0,1,10,5,58840.563,46007.583,10520.649407407414,0.0
2019-01-12 11:00:00,28.0,1,11,5,58308.644,45672.166,10162.937740740745,0.0
2019-01-12 12:00:00,28.0,1,12,5,57818.464,44742.809,9980.709518518515,0.0
2019-01-12 13:00:00,28.9,1,13,5,57433.425,43710.215,10081.379444444445,0.0
2019-01-12 14:00:00,30.0,1,14,5,56875.71,42648.029,10024.151444444433,0.0
2019-01-12 15:00:00,30.0,1,15,5,56532.406,42147.833,9944.92807407408,0.0
2019-01-12 16:00:00,30.0,1,16,5,56870.973,42496.234,9782.069037037036,0.0
2019-01-12 17:00:00,30.0,1,17,5,58848.708,44826.502,9799.379222222213,0.0
2019-01-12 18:00:00,28.9,1,18,5,60105.072,46667.502,9965.603592592595,0.0
2019-01-12 19:00:00,30.0,1,19,5,59527.136,46549.535,9748.28677777778,0.0
2019-01-12 20:00:00,30.0,1,20,5,58902.042,46249.954,9780.591814814828,0.0
2019-01-12 21:00:00,30.0,1,21,5,57310.829,45434.725,9396.160074074076,0.0
2019-01-12 22:00:00,30.0,1,22,5,54902.731,43979.089,8782.568962962963,0.0
2019-01-12 23:00:00,30.0,1,23,5,52401.38,42199.969,8282.544370370371,0.0
2019-01-13 00:00:00,30.0,1,0,6,50661.126,40894.547,8488.056222222222,0.0
2019-01-13 01:00:00,28.9,1,1,6,49796.553,39731.585,8662.477185185176,0.0
2019-01-13 02:00:00,30.0,1,2,6,49186.75,39302.356,8607.818148148152,0.0
2019-01-13 03:00:00,30.0,1,3,6,49142.278,39129.267,8730.118555555557,0.0
2019-01-13 04:00:00,30.0,1,4,6,49870.155,39169.129,9006.642666666674,0.0
2019-01-13 05:00:00,30.0,1,5,6,51964.563,39911.352,9714.792851851853,0.0
2019-01-13 06:00:00,30.0,1,6,6,55478.057,41189.341,10855.205555555556,0.0
2019-01-13 07:00:00,30.0,1,7,6,58439.178,42730.546,11598.662814814816,0.0
2019-01-13 08:00:00,28.9,1,8,6,58541.287,43694.432,10846.049111111111,0.0
2019-01-13 09:00:00,28.9,1,9,6,57728.639,43972.764,9621.509000000013,0.0
2019-01-13 10:00:00,30.0,1,10,6,56967.18,43673.311,8647.266407407413,0.0
2019-01-13 11:00:00,32.0,1,11,6,56073.111,43196.979,7927.404740740741,0.0
2019-01-13 12:00:00,32.0,1,12,6,54917.514,42948.53,7079.75951851852,0.0
2019-01-13 13:00:00,32.0,1,13,6,53815.356,42348.633,6463.31044444444,0.0
2019-01-13 14:00:00,32.0,1,14,6,52682.272,42004.55,5830.713444444431,0.0
2019-01-13 15:00:00,30.9,1,15,6,52241.065,42035.176,5653.587074074079,0.0
2019-01-13 16:00:00,32.0,1,16,6,52769.484,43214.29,5680.580037037034,0.0
2019-01-13 17:00:00,32.0,1,17,6,54922.509,46272.405,5873.18022222221,0.0
2019-01-13 18:00:00,32.0,1,18,6,56029.64,48099.46,5890.171592592596,0.0
2019-01-13 19:00:00,32.0,1,19,6,55443.287,48152.739,5664.437777777777,0.0
2019-01-13 20:00:00,32.0,1,20,6,54727.666,47926.503,5606.215814814823,0.0
2019-01-13 21:00:00,30.9,1,21,6,53527.117,46885.992,5612.448074074076,0.0
2019-01-13 22:00:00,28.9,1,22,6,51504.601,45104.095,5384.438962962966,0.0
2019-01-13 23:00:00,28.0,1,23,6,49232.722,43394.166,5113.886370370376,0.0
2019-01-14 00:00:00,27.0,1,0,0,47462.723,42115.821,5289.653222222223,0.0
2019-01-14 01:00:00,27.0,1,1,0,46306.307,41509.086,5172.231185185177,375.0101851851796
2019-01-14 02:00:00,27.0,1,2,0,45641.093,41355.174,5062.161148148152,776.2421481481506
2019-01-14 03:00:00,26.1,1,3,0,45254.003,41303.375,4841.843555555555,891.2155555555582
2019-01-14 04:00:00,24.1,1,4,0,45599.862,42155.436,4736.349666666676,1291.9236666666766
2019-01-14 05:00:00,21.9,1,5,0,46435.898,44515.179,4186.127851851852,2265.4088518518474
2019-01-14 06:00:00,21.9,1,6,0,47908.44,48303.582,3285.588555555558,3680.7305555555577
2019-01-14 07:00:00,21.9,1,7,0,49810.39,51288.938,2969.874814814815,4448.422814814818
2019-01-14 08:00:00,21.9,1,8,0,51107.399,52057.408,3412.1611111111124,4362.170111111118
2019-01-14 09:00:00,23.0,1,9,0,52250.521,52042.617,4143.3910000000105,3935.487000000008
2019-01-14 10:00:00,26.1,1,10,0,52811.41,52112.514,4491.496407407416,3792.6004074074153
2019-01-14 11:00:00,28.0,1,11,0,52825.217,51784.932,4679.510740740741,3639.225740740745
2019-01-14 12:00:00,28.9,1,12,0,52404.108,51397.612,4566.353518518517,3559.857518518518
2019-01-14 13:00:00,28.9,1,13,0,51990.636,50907.597,4638.590444444439,3555.5514444444416
2019-01-14 14:00:00,30.0,1,14,0,51630.747,50325.639,4779.188444444437,3474.0804444444366
2019-01-14 15:00:00,30.0,1,15,0,51619.226,49731.984,5031.748074074079,3144.5060740740737
2019-01-14 16:00:00,28.9,1,16,0,52024.171,49738.623,4935.26703703704,2649.719037037037
2019-01-14 17:00:00,28.0,1,17,0,53685.077,51447.218,4635.74822222221,2397.889222222213
2019-01-14 18:00:00,27.0,1,18,0,54467.476,52016.147,4328.007592592599,1876.6785925925944
2019-01-14 19:00:00,27.0,1,19,0,53670.362,51405.24,3891.5127777777816,1626.3907777777786
2019-01-14 20:00:00,26.1,1,20,0,52834.622,50239.129,3713.171814814829,1117.6788148148262
2019-01-14 21:00:00,25.0,1,21,0,51347.42,48245.964,3432.7510740740763,331.295074074078
2019-01-14 22:00:00,23.0,1,22,0,49712.883,45838.292,3592.720962962965,0.0
2019-01-14 23:00:00,21.9,1,23,0,47739.393,43128.256,3620.5573703703694,0.0
2019-01-15 00:00:00,19.0,1,0,1,46032.426,41168.876,3859.356222222225,0.0
2019-01-15 01:00:00,19.0,1,1,1,44837.243,39909.717,3703.167185185179,0.0
2019-01-15 02:00:00,17.1,1,2,1,44084.169,39171.759,3505.237148148153,0.0
2019-01-15 03:00:00,15.1,1,3,1,43762.937,39085.17,3350.7775555555563,0.0
2019-01-15 04:00:00,15.1,1,4,1,43858.711,39584.978,2995.198666666678,0.0
2019-01-15 05:00:00,12.9,1,5,1,44515.319,41744.206,2265.548851851854,0.0
2019-01-15 06:00:00,14.0,1,6,1,45439.567,45602.884,816.7155555555582,980.0325555555536
2019-01-15 07:00:00,16.0,1,7,1,46726.019,48164.216,0.0,1323.700814814816
2019-01-15 08:00:00,15.1,1,8,1,47653.375,48458.389,0.0,763.1511111111176
2019-01-15 09:00:00,15.1,1,9,1,48628.088,48130.982,520.9580000000133,23.852000000013504
2019-01-15 10:00:00,17.1,1,10,1,49005.273,47803.112,685.3594074074135,0.0
2019-01-15 11:00:00,19.0,1,11,1,49080.942,47469.546,935.2357407407472,0.0
2019-01-15 12:00:00,19.9,1,12,1,49257.213,46874.619,1419.4585185185206,0.0
2019-01-15 13:00:00,21.0,1,13,1,48878.492,46524.141,1526.4464444444384,0.0
2019-01-15 14:00:00,21.9,1,14,1,48740.546,45935.997,1888.987444444436,0.0
2019-01-15 15:00:00,24.1,1,15,1,48883.532,45658.582,2296.054074074076,0.0
2019-01-15 16:00:00,25.0,1,16,1,49665.622,46354.06,2576.7180370370406,0.0
2019-01-15 17:00:00,26.1,1,17,1,51936.555,48633.264,2887.2262222222125,0.0
2019-01-15 18:00:00,27.0,1,18,1,53707.472,50327.942,3568.0035925925986,188.4735925925997
2019-01-15 19:00:00,27.0,1,19,1,53243.293,50134.155,3464.4437777777785,355.30577777777944
2019-01-15 20:00:00,27.0,1,20,1,52619.352,49622.18,3497.9018148148243,500.72981481482566
2019-01-15 21:00:00,27.0,1,21,1,51075.869,48553.595,3161.200074074077,638.9260740740792
2019-01-15 22:00:00,28.9,1,22,1,49504.568,46643.614,3384.405962962963,523.4519629629649
2019-01-15 23:00:00,30.0,1,23,1,47587.714,44603.54,3468.878370370374,484.7043703703748
2019-01-16 00:00:00,30.9,1,0,2,46449.178,43054.198,4276.108222222225,881.1282222222217
2019-01-16 01:00:00,30.9,1,1,2,45889.203,42196.355,4755.127185185178,1062.2791851851798
2019-01-16 02:00:00,30.9,1,2,2,45744.991,42125.592,5166.059148148153,1546.6601481481484
2019-01-16 03:00:00,30.9,1,3,2,46089.49,42406.578,5677.330555555556,1994.41855555556
2019-01-16 04:00:00,32.0,1,4,2,47093.904,43382.473,6230.391666666677,2518.960666666673
2019-01-16 05:00:00,32.0,1,5,2,49466.966,45977.163,7217.195851851851,3727.392851851851
2019-01-16 06:00:00,33.1,1,6,2,53405.21,50135.036,8782.358555555555,5512.184555555556
2019-01-16 07:00:00,32.0,1,7,2,56443.758,53480.658,9603.242814814816,6640.142814814819
2019-01-16 08:00:00,30.9,1,8,2,57287.671,54230.367,9592.433111111117,6535.129111111113
2019-01-16 09:00:00,30.9,1,9,2,57250.205,54412.773,9143.075000000012,6305.643000000011
2019-01-16 10:00:00,32.0,1,10,2,56743.352,54760.741,8423.438407407411,6440.827407407414
2019-01-16 11:00:00,32.0,1,11,2,55999.165,54736.081,7853.458740740745,6590.374740740743
2019-01-16 12:00:00,32.0,1,12,2,55564.846,54863.54,7727.091518518515,7025.785518518518
2019-01-16 13:00:00,33.1,1,13,2,55147.879,55049.495,7795.833444444441,7697.449444444443
2019-01-16 14:00:00,33.1,1,14,2,54553.191,54848.279,7701.632444444433,7996.720444444436
2019-01-16 15:00:00,34.0,1,15,2,54039.823,54936.344,7452.345074074074,8348.866074074074
2019-01-16 16:00:00,34.0,1,16,2,54640.054,55702.995,7551.150037037034,8614.09103703704
2019-01-16 17:00:00,34.0,1,17,2,56608.372,57720.729,7559.043222222215,8671.400222222212
2019-01-16 18:00:00,34.0,1,18,2,58344.66,59117.701,8205.1915925926,8978.232592592598
2019-01-16 19:00:00,33.1,1,19,2,57982.614,58751.464,8203.764777777782,8972.61477777778
2019-01-16 20:00:00,33.1,1,20,2,57239.719,58052.834,8118.268814814823,8931.383814814828
2019-01-16 21:00:00,33.1,1,21,2,55643.387,56557.396,7728.71807407408,8642.727074074079
2019-01-16 22:00:00,32.0,1,22,2,53241.228,54213.823,7121.065962962966,8093.66096296296
2019-01-16 23:00:00,32.0,1,23,2,50995.715,51829.984,6876.87937037037,7711.148370370371
2019-01-17 00:00:00,32.0,1,0,3,49447.659,50281.262,7274.589222222225,8108.192222222227
2019-01-17 01:00:00,32.0,1,1,3,48629.308,49445.284,7495.232185185174,8311.208185185176
2019-01-17 02:00:00,32.0,1,2,3,48234.837,49155.432,7655.905148148151,8576.500148148152
2019-01-17 03:00:00,32.0,1,3,3,48483.339,49147.629,8071.179555555558,8735.469555555559
2019-01-17 04:00:00,32.0,1,4,3,49359.904,50114.14,8496.391666666677,9250.627666666674
2019-01-17 05:00:00,32.0,1,5,3,51586.753,52334.149,9336.982851851848,10084.378851851849
2019-01-17 06:00:00,33.1,1,6,3,55426.338,56000.034,10803.48655555556,11377.182555555555
2019-01-17 07:00:00,32.0,1,7,3,58080.351,58982.728,11239.835814814818,12142.21281481482
2019-01-17 08:00:00,32.0,1,8,3,58561.795,59399.771,10866.557111111111,11704.533111111115
2019-01-17 09:00:00,32.0,1,9,3,58117.029,59094.252,10009.899000000012,10987.12200000001
2019-01-17 10:00:00,33.1,1,10,3,57661.866,58840.563,9341.952407407414,10520.649407407414
2019-01-17 11:00:00,34.0,1,11,3,57074.786,58308.644,8929.079740740744,10162.937740740745
2019-01-17 12:00:00,33.1,1,12,3,56763.967,57818.464,8926.212518518514,9980.709518518515
2019-01-17 13:00:00,33.1,1,13,3,56421.263,57433.425,9069.21744444444,10081.379444444445
2019-01-17 14:00:00,34.0,1,14,3,55971.572,56875.71,9120.013444444434,10024.151444444433
2019-01-17 15:00:00,34.0,1,15,3,55764.632,56532.406,9177.154074074077,9944.92807407408
2019-01-17 16:00:00,35.1,1,16,3,56352.661,56870.973,9263.757037037038,9782.069037037036
2019-01-17 17:00:00,34.0,1,17,3,58043.299,58848.708,8993.970222222211,9799.379222222213
2019-01-17 18:00:00,34.0,1,18,3,59031.857,60105.072,8892.3885925926,9965.603592592595
2019-01-17 19:00:00,34.0,1,19,3,58708.733,59527.136,8929.88377777778,9748.28677777778
2019-01-17 20:00:00,34.0,1,20,3,57681.84,58902.042,8560.389814814822,9780.591814814828
2019-01-17 21:00:00,34.0,1,21,3,56163.79,57310.829,8249.121074074079,9396.160074074076
2019-01-17 22:00:00,35.1,1,22,3,53669.204,54902.731,7549.041962962961,8782.568962962963
2019-01-17 23:00:00,34.0,1,23,3,51040.184,52401.38,6921.348370370375,8282.544370370371
2019-01-18 00:00:00,35.1,1,0,4,49051.363,50661.126,6878.293222222223,8488.056222222222
2019-01-18 01:00:00,35.1,1,1,4,47995.894,49796.553,6861.818185185177,8662.477185185176
2019-01-18 02:00:00,35.1,1,2,4,47455.654,49186.75,6876.722148148154,8607.818148148152
2019-01-18 03:00:00,35.1,1,3,4,47068.59,49142.278,6656.430555555555,8730.118555555557
2019-01-18 04:00:00,35.1,1,4,4,47759.592,49870.155,6896.079666666672,9006.642666666674
2019-01-18 05:00:00,35.1,1,5,4,49606.634,51964.563,7356.863851851849,9714.792851851853
2019-01-18 06:00:00,35.1,1,6,4,53184.885,55478.057,8562.033555555558,10855.205555555556
2019-01-18 07:00:00,35.1,1,7,4,55845.252,58439.178,9004.736814814816,11598.662814814816
2019-01-18 08:00:00,34.0,1,8,4,56190.761,58541.287,8495.523111111113,10846.049111111111
2019-01-18 09:00:00,34.0,1,9,4,55864.926,57728.639,7757.796000000009,9621.509000000013
2019-01-18 10:00:00,35.1,1,10,4,55737.861,56967.18,7417.94740740741,8647.266407407413
2019-01-18 11:00:00,35.1,1,11,4,55101.658,56073.111,6955.951740740748,7927.404740740741
2019-01-18 12:00:00,35.1,1,12,4,54474.003,54917.514,6636.248518518514,7079.75951851852
2019-01-18 13:00:00,35.1,1,13,4,54175.564,53815.356,6823.518444444439,6463.31044444444
2019-01-18 14:00:00,36.0,1,14,4,53776.086,52682.272,6924.527444444437,5830.713444444431
2019-01-18 15:00:00,36.0,1,15,4,53544.106,52241.065,6956.628074074077,5653.587074074079
2019-01-18 16:00:00,36.0,1,16,4,54030.588,52769.484,6941.684037037041,5680.580037037034
2019-01-18 17:00:00,36.0,1,17,4,55737.806,54922.509,6688.477222222209,5873.18022222221
2019-01-18 18:00:00,35.1,1,18,4,56819.793,56029.64,6680.324592592595,5890.171592592596
2019-01-18 19:00:00,35.1,1,19,4,56241.967,55443.287,6463.1177777777775,5664.437777777777
2019-01-18 20:00:00,35.1,1,20,4,55565.512,54727.666,6444.061814814828,5606.215814814823
2019-01-18 21:00:00,35.1,1,21,4,54051.44,53527.117,6136.77107407408,5612.448074074076
2019-01-18 22:00:00,35.1,1,22,4,51442.741,51504.601,5322.578962962965,5384.438962962966
2019-01-18 23:00:00,35.1,1,23,4,49052.09,49232.722,4933.25437037037,5113.886370370376
2019-01-19 00:00:00,34.0,1,0,5,47303.884,47462.723,5130.814222222223,5289.653222222223
2019-01-19 01:00:00,34.0,1,1,5,46254.446,46306.307,5120.37018518518,5172.231185185177
2019-01-19 02:00:00,33.1,1,2,5,45847.458,45641.093,5268.52614814815,5062.161148148152
2019-01-19 03:00:00,33.1,1,3,5,45699.263,45254.003,5287.103555555557,4841.843555555555
2019-01-19 04:00:00,33.1,1,4,5,46625.106,45599.862,5761.593666666675,4736.349666666676
2019-01-19 05:00:00,33.1,1,5,5,48772.557,46435.898,6522.786851851852,4186.127851851852
2019-01-19 06:00:00,33.1,1,6,5,52770.324,47908.44,8147.472555555556,3285.588555555558
2019-01-19 07:00:00,33.1,1,7,5,55596.004,49810.39,8755.488814814817,2969.874814814815
2019-01-19 08:00:00,33.1,1,8,5,55920.369,51107.399,8225.131111111114,3412.1611111111124
2019-01-19 09:00:00,33.1,1,9,5,55884.425,52250.521,7777.295000000013,4143.3910000000105
2019-01-19 10:00:00,33.1,1,10,5,55723.31,52811.41,7403.39640740741,4491.496407407416
2019-01-19 11:00:00,33.1,1,11,5,55283.645,52825.217,7137.938740740741,4679.510740740741
2019-01-19 12:00:00,34.0,1,12,5,54960.749,52404.108,7122.994518518521,4566.353518518517
2019-01-19 13:00:00,35.1,1,13,5,54629.047,51990.636,7277.001444444439,4638.590444444439
2019-01-19 14:00:00,35.1,1,14,5,54326.438,51630.747,7474.879444444436,4779.188444444437
2019-01-19 15:00:00,35.1,1,15,5,53900.181,51619.226,7312.703074074074,5031.748074074079
2019-01-19 16:00:00,35.1,1,16,5,54247.128,52024.171,7158.224037037035,4935.26703703704
2019-01-19 17:00:00,34.0,1,17,5,55863.412,53685.077,6814.083222222209,4635.74822222221
2019-01-19 18:00:00,34.0,1,18,5,56740.541,54467.476,6601.072592592594,4328.007592592599
2019-01-19 19:00:00,33.1,1,19,5,56149.411,53670.362,6370.561777777781,3891.5127777777816
2019-01-19 20:00:00,32.0,1,20,5,55298.024,52834.622,6176.573814814823,3713.171814814829
2019-01-19 21:00:00,30.9,1,21,5,53595.529,51347.42,5680.86007407408,3432.7510740740763
2019-01-19 22:00:00,30.0,1,22,5,50892.149,49712.883,4771.986962962961,3592.720962962965
2019-01-19 23:00:00,28.0,1,23,5,48220.382,47739.393,4101.546370370372,3620.5573703703694
2019-01-20 00:00:00,26.1,1,0,6,46467.763,46032.426,4294.693222222224,3859.356222222225
2019-01-20 01:00:00,21.9,1,1,6,45304.668,44837.243,4170.592185185175,3703.167185185179
2019-01-20 02:00:00,19.9,1,2,6,44662.005,44084.169,4083.073148148149,3505.237148148153
2019-01-20 03:00:00,18.0,1,3,6,44469.344,43762.937,4057.184555555556,3350.7775555555563
2019-01-20 04:00:00,19.0,1,4,6,45215.062,43858.711,4351.549666666673,2995.198666666678
2019-01-20 05:00:00,19.9,1,5,6,47316.753,44515.319,5066.982851851848,2265.548851851854
2019-01-20 06:00:00,19.9,1,6,6,50761.567,45439.567,6138.715555555558,816.7155555555582
2019-01-20 07:00:00,14.0,1,7,6,53632.721,46726.019,6792.2058148148135,0.0
2019-01-20 08:00:00,12.9,1,8,6,54183.901,47653.375,6488.663111111113,0.0
2019-01-20 09:00:00,12.0,1,9,6,54172.542,48628.088,6065.412000000011,520.9580000000133
2019-01-20 10:00:00,10.9,1,10,6,54108.641,49005.273,5788.727407407416,685.3594074074135
2019-01-20 11:00:00,10.0,1,11,6,53801.469,49080.942,5655.762740740742,935.2357407407472
2019-01-20 12:00:00,10.0,1,12,6,53245.991,49257.213,5408.236518518519,1419.4585185185206
2019-01-20 13:00:00,9.0,1,13,6,52980.572,48878.492,5628.52644444444,1526.4464444444384
2019-01-20 14:00:00,10.0,1,14,6,52393.251,48740.546,5541.69244444443,1888.987444444436
2019-01-20 15:00:00,10.9,1,15,6,51818.221,48883.532,5230.743074074075,2296.054074074076
2019-01-20 16:00:00,12.0,1,16,6,51902.547,49665.622,4813.643037037036,2576.7180370370406
2019-01-20 17:00:00,10.9,1,17,6,53194.988,51936.555,4145.65922222221,2887.2262222222125
2019-01-20 18:00:00,10.0,1,18,6,54121.127,53707.472,3981.658592592597,3568.0035925925986
2019-01-20 19:00:00,8.1,1,19,6,53424.906,53243.293,3646.0567777777833,3464.4437777777785
2019-01-20 20:00:00,7.0,1,20,6,52639.851,52619.352,3518.400814814828,3497.9018148148243
2019-01-20 21:00:00,6.1,1,21,6,51337.976,51075.869,3423.3070740740804,3161.200074074077
2019-01-20 22:00:00,6.1,1,22,6,49498.877,49504.568,3378.714962962964,3384.405962962963
2019-01-20 23:00:00,5.0,1,23,6,47325.064,47587.714,3206.2283703703724,3468.878370370374
2019-01-21 00:00:00,3.9,1,0,0,45591.596,46449.178,3418.5262222222227,4276.108222222225
2019-01-21 01:00:00,3.0,1,1,0,44345.236,45889.203,3211.1601851851738,4755.127185185178
2019-01-21 02:00:00,1.9,1,2,0,43784.263,45744.991,3205.3311481481505,5166.059148148153
2019-01-21 03:00:00,1.0,1,3,0,43439.776,46089.49,3027.6165555555563,5677.330555555556
2019-01-21 04:00:00,1.9,1,4,0,43666.231,47093.904,2802.718666666675,6230.391666666677
2019-01-21 05:00:00,1.0,1,5,0,44592.147,49466.966,2342.376851851848,7217.195851851851
2019-01-21 06:00:00,-0.9,1,6,0,45974.206,53405.21,1351.3545555555538,8782.358555555555
2019-01-21 07:00:00,-0.9,1,7,0,47795.361,56443.758,954.8458148148128,9603.242814814816
2019-01-21 08:00:00,-2.0,1,8,0,49164.165,57287.671,1468.9271111111157,9592.433111111117
2019-01-21 09:00:00,-2.0,1,9,0,50424.497,57250.205,2317.367000000013,9143.075000000012
2019-01-21 10:00:00,1.0,1,10,0,51374.45,56743.352,3054.5364074074096,8423.438407407411
2019-01-21 11:00:00,3.0,1,11,0,51550.544,55999.165,3404.837740740746,7853.458740740745
2019-01-21 12:00:00,6.1,1,12,0,51510.156,55564.846,3672.40151851852,7727.091518518515
2019-01-21 13:00:00,8.1,1,13,0,51137.377,55147.879,3785.33144444444,7795.833444444441
2019-01-21 14:00:00,10.0,1,14,0,50715.079,54553.191,3863.520444444432,7701.632444444433
2019-01-21 15:00:00,12.0,1,15,0,50590.636,54039.823,4003.158074074076,7452.345074074074
2019-01-21 16:00:00,12.0,1,16,0,51078.239,54640.054,3989.335037037039,7551.150037037034
2019-01-21 17:00:00,14.0,1,17,0,52621.658,56608.372,3572.329222222216,7559.043222222215
2019-01-21 18:00:00,10.0,1,18,0,53437.609,58344.66,3298.1405925925937,8205.1915925926
2019-01-21 19:00:00,9.0,1,19,0,52750.426,57982.614,2971.57677777778,8203.764777777782
2019-01-21 20:00:00,8.1,1,20,0,51855.667,57239.719,2734.216814814826,8118.268814814823
2019-01-21 21:00:00,7.0,1,21,0,50665.403,55643.387,2750.7340740740765,7728.71807407408
2019-01-21 22:00:00,6.1,1,22,0,49068.331,53241.228,2948.168962962962,7121.065962962966
2019-01-21 23:00:00,8.1,1,23,0,47528.976,50995.715,3410.1403703703763,6876.87937037037
2019-01-22 00:00:00,7.0,1,0,1,46422.28,49447.659,4249.210222222224,7274.589222222225
2019-01-22 01:00:00,8.1,1,1,1,45643.153,48629.308,4509.077185185175,7495.232185185174
2019-01-22 02:00:00,9.0,1,2,1,45457.122,48234.837,4878.190148148155,7655.905148148151
2019-01-22 03:00:00,10.0,1,3,1,45683.452,48483.339,5271.292555555556,8071.179555555558
2019-01-22 04:00:00,10.0,1,4,1,46184.117,49359.904,5320.604666666673,8496.391666666677
2019-01-22 05:00:00,12.0,1,5,1,47276.61,51586.753,5026.839851851852,9336.982851851848
2019-01-22 06:00:00,10.9,1,6,1,48464.504,55426.338,3841.652555555556,10803.48655555556
2019-01-22 07:00:00,12.0,1,7,1,50076.225,58080.351,3235.7098148148143,11239.835814814818
2019-01-22 08:00:00,10.9,1,8,1,51440.982,58561.795,3745.7441111111184,10866.557111111111
2019-01-22 09:00:00,12.0,1,9,1,52694.706,58117.029,4587.576000000008,10009.899000000012
2019-01-22 10:00:00,15.1,1,10,1,53437.026,57661.866,5117.1124074074105,9341.952407407414
2019-01-22 11:00:00,18.0,1,11,1,53665.261,57074.786,5519.554740740743,8929.079740740744
2019-01-22 12:00:00,21.0,1,12,1,53564.938,56763.967,5727.183518518519,8926.212518518514
2019-01-22 13:00:00,24.1,1,13,1,53225.659,56421.263,5873.61344444444,9069.21744444444
2019-01-22 14:00:00,28.0,1,14,1,52905.738,55971.572,6054.179444444431,9120.013444444434
2019-01-22 15:00:00,30.0,1,15,1,53076.194,55764.632,6488.71607407408,9177.154074074077
2019-01-22 16:00:00,32.0,1,16,1,54417.83,56352.661,7328.926037037039,9263.757037037038
2019-01-22 17:00:00,33.1,1,17,1,57318.41,58043.299,8269.081222222216,8993.970222222211
2019-01-22 18:00:00,33.1,1,18,1,60163.805,59031.857,10024.336592592595,8892.3885925926
2019-01-22 19:00:00,33.1,1,19,1,60520.245,58708.733,10741.395777777783,8929.88377777778
2019-01-22 20:00:00,34.0,1,20,1,60174.393,57681.84,11052.942814814822,8560.389814814822
2019-01-22 21:00:00,35.1,1,21,1,59457.078,56163.79,11542.40907407408,8249.121074074079
2019-01-22 22:00:00,36.0,1,22,1,58386.816,53669.204,12266.653962962962,7549.041962962961
2019-01-22 23:00:00,37.9,1,23,1,57141.645,51040.184,13022.80937037037,6921.348370370375
2019-01-23 00:00:00,41.0,1,0,2,56282.996,49051.363,14109.926222222224,6878.293222222223
2019-01-23 01:00:00,42.1,1,1,2,56030.901,47995.894,14896.825185185176,6861.818185185177
2019-01-23 02:00:00,43.0,1,2,2,56051.336,47455.654,15472.404148148154,6876.722148148154
2019-01-23 03:00:00,43.0,1,3,2,56407.413,47068.59,15995.25355555556,6656.430555555555
2019-01-23 04:00:00,44.1,1,4,2,57372.833,47759.592,16509.320666666674,6896.079666666672
2019-01-23 05:00:00,43.0,1,5,2,59496.217,49606.634,17246.446851851848,7356.863851851849
2019-01-23 06:00:00,43.0,1,6,2,62297.563,53184.885,17674.711555555557,8562.033555555558
2019-01-23 07:00:00,42.1,1,7,2,64933.833,55845.252,18093.31781481481,9004.736814814816
2019-01-23 08:00:00,43.0,1,8,2,65722.002,56190.761,18026.764111111108,8495.523111111113
2019-01-23 09:00:00,43.0,1,9,2,65454.575,55864.926,17347.445000000007,7757.796000000009
2019-01-23 10:00:00,43.0,1,10,2,65047.175,55737.861,16727.261407407415,7417.94740740741
2019-01-23 11:00:00,43.0,1,11,2,63818.824,55101.658,15673.117740740743,6955.951740740748
2019-01-23 12:00:00,45.0,1,12,2,62693.378,54474.003,14855.623518518514,6636.248518518514
2019-01-23 13:00:00,46.9,1,13,2,61640.797,54175.564,14288.75144444444,6823.518444444439
2019-01-23 14:00:00,46.9,1,14,2,60562.573,53776.086,13711.01444444443,6924.527444444437
2019-01-23 15:00:00,48.0,1,15,2,59809.883,53544.106,13222.40507407408,6956.628074074077
2019-01-23 16:00:00,48.0,1,16,2,60477.456,54030.588,13388.552037037036,6941.684037037041
2019-01-23 17:00:00,50.0,1,17,2,63073.446,55737.806,14024.117222222216,6688.477222222209
2019-01-23 18:00:00,50.0,1,18,2,65473.964,56819.793,15334.495592592595,6680.324592592595
2019-01-23 19:00:00,50.0,1,19,2,65602.195,56241.967,15823.345777777788,6463.1177777777775
2019-01-23 20:00:00,48.0,1,20,2,65211.597,55565.512,16090.146814814829,6444.061814814828
2019-01-23 21:00:00,42.1,1,21,2,63827.563,54051.44,15912.89407407408,6136.77107407408
2019-01-23 22:00:00,39.9,1,22,2,61712.264,51442.741,15592.101962962966,5322.578962962965
2019-01-23 23:00:00,39.0,1,23,2,59296.92,49052.09,15178.084370370372,4933.25437037037
2019-01-24 00:00:00,36.0,1,0,3,57981.043,47303.884,15807.973222222225,5130.814222222223
2019-01-24 01:00:00,35.1,1,1,3,57165.549,46254.446,16031.473185185176,5120.37018518518
2019-01-24 02:00:00,34.0,1,2,3,56754.403,45847.458,16175.47114814815,5268.52614814815
2019-01-24 03:00:00,33.1,1,3,3,56501.888,45699.263,16089.728555555555,5287.103555555557
2019-01-24 04:00:00,33.1,1,4,3,57232.62,46625.106,16369.107666666678,5761.593666666675
2019-01-24 05:00:00,32.0,1,5,3,59080.145,48772.557,16830.374851851848,6522.786851851852
2019-01-24 06:00:00,32.0,1,6,3,62300.374,52770.324,17677.52255555556,8147.472555555556
2019-01-24 07:00:00,30.9,1,7,3,64543.153,55596.004,17702.637814814814,8755.488814814817
2019-01-24 08:00:00,30.0,1,8,3,64961.778,55920.369,17266.540111111113,8225.131111111114
2019-01-24 09:00:00,30.0,1,9,3,63647.507,55884.425,15540.377000000008,7777.295000000013
2019-01-24 10:00:00,30.0,1,10,3,62057.398,55723.31,13737.484407407414,7403.39640740741
2019-01-24 11:00:00,30.0,1,11,3,60323.379,55283.645,12177.672740740743,7137.938740740741
2019-01-24 12:00:00,30.0,1,12,3,58816.922,54960.749,10979.167518518516,7122.994518518521
2019-01-24 13:00:00,28.9,1,13,3,57591.341,54629.047,10239.29544444444,7277.001444444439
2019-01-24 14:00:00,28.9,1,14,3,56601.293,54326.438,9749.734444444432,7474.879444444436
2019-01-24 15:00:00,28.0,1,15,3,56115.786,53900.181,9528.308074074075,7312.703074074074
2019-01-24 16:00:00,28.0,1,16,3,56486.037,54247.128,9397.133037037034,7158.224037037035
2019-01-24 17:00:00,27.0,1,17,3,58127.547,55863.412,9078.21822222221,6814.083222222209
2019-01-24 18:00:00,26.1,1,18,3,59560.592,56740.541,9421.123592592594,6601.072592592594
2019-01-24 19:00:00,27.0,1,19,3,58926.394,56149.411,9147.54477777778,6370.561777777781
2019-01-24 20:00:00,27.0,1,20,3,57793.166,55298.024,8671.715814814823,6176.573814814823
2019-01-24 21:00:00,28.0,1,21,3,55755.677,53595.529,7841.008074074081,5680.86007407408
2019-01-24 22:00:00,28.0,1,22,3,53062.981,50892.149,6942.818962962963,4771.986962962961
2019-01-24 23:00:00,28.0,1,23,3,50187.721,48220.382,6068.885370370372,4101.546370370372
2019-01-25 00:00:00,26.1,1,0,4,48158.55,46467.763,5985.480222222228,4294.693222222224
2019-01-25 01:00:00,26.1,1,1,4,46886.901,45304.668,5752.825185185175,4170.592185185175
2019-01-25 02:00:00,26.1,1,2,4,46096.218,44662.005,5517.286148148152,4083.073148148149
2019-01-25 03:00:00,21.9,1,3,4,45766.559,44469.344,5354.399555555559,4057.184555555556
2019-01-25 04:00:00,19.9,1,4,4,46262.563,45215.062,5399.050666666677,4351.549666666673
2019-01-25 05:00:00,17.1,1,5,4,48223.159,47316.753,5973.388851851851,5066.982851851848
2019-01-25 06:00:00,14.0,1,6,4,51523.247,50761.567,6900.395555555559,6138.715555555558
2019-01-25 07:00:00,12.9,1,7,4,54207.756,53632.721,7367.240814814817,6792.2058148148135
2019-01-25 08:00:00,10.9,1,8,4,54357.889,54183.901,6662.651111111118,6488.663111111113
2019-01-25 09:00:00,10.9,1,9,4,54066.559,54172.542,5959.429000000011,6065.412000000011
2019-01-25 10:00:00,10.9,1,10,4,53727.274,54108.641,5407.36040740741,5788.727407407416
2019-01-25 11:00:00,12.9,1,11,4,53252.131,53801.469,5106.424740740746,5655.762740740742
2019-01-25 12:00:00,14.0,1,12,4,52846.158,53245.991,5008.40351851852,5408.236518518519
2019-01-25 13:00:00,16.0,1,13,4,52458.326,52980.572,5106.280444444441,5628.52644444444
2019-01-25 14:00:00,17.1,1,14,4,52044.289,52393.251,5192.730444444431,5541.69244444443
2019-01-25 15:00:00,18.0,1,15,4,51735.612,51818.221,5148.134074074078,5230.743074074075
2019-01-25 16:00:00,19.9,1,16,4,51891.017,51902.547,4802.113037037037,4813.643037037036
2019-01-25 17:00:00,19.0,1,17,4,53312.43,53194.988,4263.1012222222125,4145.65922222221
2019-01-25 18:00:00,19.0,1,18,4,54381.949,54121.127,4242.4805925925975,3981.658592592597
2019-01-25 19:00:00,19.0,1,19,4,53931.836,53424.906,4152.986777777784,3646.0567777777833
2019-01-25 20:00:00,19.0,1,20,4,53336.403,52639.851,4214.952814814824,3518.400814814828
2019-01-25 21:00:00,19.9,1,21,4,51798.886,51337.976,3884.2170740740767,3423.3070740740804
2019-01-25 22:00:00,19.9,1,22,4,49480.348,49498.877,3360.1859629629616,3378.714962962964
2019-01-25 23:00:00,21.0,1,23,4,47195.07,47325.064,3076.2343703703737,3206.2283703703724
2019-01-26 00:00:00,21.0,1,0,5,45506.993,45591.596,3333.923222222227,3418.5262222222227
2019-01-26 01:00:00,21.0,1,1,5,44650.063,44345.236,3515.9871851851785,3211.1601851851738
2019-01-26 02:00:00,21.9,1,2,5,44348.773,43784.263,3769.841148148153,3205.3311481481505
2019-01-26 03:00:00,21.9,1,3,5,44483.153,43439.776,4070.9935555555567,3027.6165555555563
2019-01-26 04:00:00,21.9,1,4,5,45464.997,43666.231,4601.484666666678,2802.718666666675
2019-01-26 05:00:00,21.9,1,5,5,47860.072,44592.147,5610.301851851851,2342.376851851848
2019-01-26 06:00:00,21.9,1,6,5,51668.053,45974.206,7045.201555555555,1351.3545555555538
2019-01-26 07:00:00,21.9,1,7,5,54711.276,47795.361,7870.760814814814,954.8458148148128
2019-01-26 08:00:00,21.9,1,8,5,55782.457,49164.165,8087.219111111117,1468.9271111111157
2019-01-26 09:00:00,21.9,1,9,5,56062.531,50424.497,7955.401000000013,2317.367000000013
2019-01-26 10:00:00,23.0,1,10,5,56743.721,51374.45,8423.80740740741,3054.5364074074096
2019-01-26 11:00:00,24.1,1,11,5,56992.461,51550.544,8846.754740740747,3404.837740740746
2019-01-26 12:00:00,26.1,1,12,5,56882.586,51510.156,9044.83151851852,3672.40151851852
2019-01-26 13:00:00,27.0,1,13,5,56847.469,51137.377,9495.423444444436,3785.33144444444
2019-01-26 14:00:00,28.0,1,14,5,56633.657,50715.079,9782.098444444431,3863.520444444432
2019-01-26 15:00:00,28.9,1,15,5,56280.954,50590.636,9693.476074074077,4003.158074074076
2019-01-26 16:00:00,30.0,1,16,5,56815.945,51078.239,9727.041037037035,3989.335037037039
2019-01-26 17:00:00,30.0,1,17,5,58192.445,52621.658,9143.116222222212,3572.329222222216
2019-01-26 18:00:00,28.9,1,18,5,59746.648,53437.609,9607.179592592598,3298.1405925925937
2019-01-26 19:00:00,28.0,1,19,5,59712.919,52750.426,9934.069777777782,2971.57677777778
2019-01-26 20:00:00,28.9,1,20,5,59171.984,51855.667,10050.533814814822,2734.216814814826
2019-01-26 21:00:00,28.9,1,21,5,57833.509,50665.403,9918.840074074076,2750.7340740740765
2019-01-26 22:00:00,30.9,1,22,5,55688.317,49068.331,9568.154962962966,2948.168962962962
2019-01-26 23:00:00,30.9,1,23,5,53361.053,47528.976,9242.217370370374,3410.1403703703763
2019-01-27 00:00:00,32.0,1,0,6,51745.992,46422.28,9572.922222222223,4249.210222222224
2019-01-27 01:00:00,33.1,1,1,6,51064.242,45643.153,9930.166185185177,4509.077185185175
2019-01-27 02:00:00,34.0,1,2,6,50763.217,45457.122,10184.285148148148,4878.190148148155
2019-01-27 03:00:00,33.1,1,3,6,51061.237,45683.452,10649.07755555556,5271.292555555556
2019-01-27 04:00:00,35.1,1,4,6,52031.718,46184.117,11168.205666666676,5320.604666666673
2019-01-27 05:00:00,34.0,1,5,6,54507.114,47276.61,12257.343851851852,5026.839851851852
2019-01-27 06:00:00,30.0,1,6,6,58471.759,48464.504,13848.907555555554,3841.652555555556
2019-01-27 07:00:00,27.0,1,7,6,61527.729,50076.225,14687.213814814815,3235.7098148148143
2019-01-27 08:00:00,25.0,1,8,6,61903.005,51440.982,14207.767111111112,3745.7441111111184
2019-01-27 09:00:00,24.1,1,9,6,61395.929,52694.706,13288.799000000006,4587.576000000008
2019-01-27 10:00:00,21.9,1,10,6,60605.884,53437.026,12285.97040740741,5117.1124074074105
2019-01-27 11:00:00,21.0,1,11,6,59530.771,53665.261,11385.064740740743,5519.554740740743
2019-01-27 12:00:00,21.0,1,12,6,58546.679,53564.938,10708.924518518514,5727.183518518519
2019-01-27 13:00:00,21.9,1,13,6,57699.13,53225.659,10347.084444444436,5873.61344444444
2019-01-27 14:00:00,23.0,1,14,6,56883.492,52905.738,10031.933444444432,6054.179444444431
2019-01-27 15:00:00,23.0,1,15,6,56301.527,53076.194,9714.04907407408,6488.71607407408
2019-01-27 16:00:00,21.9,1,16,6,56713.289,54417.83,9624.385037037036,7328.926037037039
2019-01-27 17:00:00,21.9,1,17,6,58563.913,57318.41,9514.584222222213,8269.081222222216
2019-01-27 18:00:00,19.0,1,18,6,60832.157,60163.805,10692.688592592596,10024.336592592595
2019-01-27 19:00:00,18.0,1,19,6,60589.256,60520.245,10810.406777777782,10741.395777777783
2019-01-27 20:00:00,17.1,1,20,6,60102.946,60174.393,10981.495814814827,11052.942814814822
2019-01-27 21:00:00,16.0,1,21,6,58974.53,59457.078,11059.861074074077,11542.40907407408
2019-01-27 22:00:00,15.1,1,22,6,57233.518,58386.816,11113.35596296296,12266.653962962962
2019-01-27 23:00:00,15.1,1,23,6,55056.721,57141.645,10937.885370370372,13022.80937037037
2019-01-28 00:00:00,16.0,1,0,0,53471.412,56282.996,11298.342222222222,14109.926222222224
2019-01-28 01:00:00,17.1,1,1,0,52486.416,56030.901,11352.340185185174,14896.825185185176
2019-01-28 02:00:00,18.0,1,2,0,51939.984,56051.336,11361.052148148148,15472.404148148154
2019-01-28 03:00:00,18.0,1,3,0,51647.432,56407.413,11235.27255555556,15995.25355555556
2019-01-28 04:00:00,18.0,1,4,0,51831.468,57372.833,10967.955666666676,16509.320666666674
2019-01-28 05:00:00,19.0,1,5,0,52639.515,59496.217,10389.74485185185,17246.446851851848
2019-01-28 06:00:00,19.9,1,6,0,54132.588,62297.563,9509.73655555556,17674.711555555557
2019-01-28 07:00:00,19.9,1,7,0,55717.737,64933.833,8877.221814814817,18093.31781481481
2019-01-28 08:00:00,21.0,1,8,0,56746.652,65722.002,9051.414111111117,18026.764111111108
2019-01-28 09:00:00,21.9,1,9,0,57095.631,65454.575,8988.501000000011,17347.445000000007
2019-01-28 10:00:00,24.1,1,10,0,56561.729,65047.175,8241.815407407412,16727.261407407415
2019-01-28 11:00:00,28.9,1,11,0,55606.352,63818.824,7460.645740740743,15673.117740740743
2019-01-28 12:00:00,34.0,1,12,0,54327.017,62693.378,6489.262518518517,14855.623518518514
2019-01-28 13:00:00,37.9,1,13,0,53117.811,61640.797,5765.7654444444415,14288.75144444444
2019-01-28 14:00:00,39.9,1,14,0,52426.995,60562.573,5575.436444444436,13711.01444444443
2019-01-28 15:00:00,42.1,1,15,0,51949.822,59809.883,5362.344074074077,13222.40507407408
2019-01-28 16:00:00,44.1,1,16,0,52467.022,60477.456,5378.118037037035,13388.552037037036
2019-01-28 17:00:00,44.1,1,17,0,53916.937,63073.446,4867.60822222221,14024.117222222216
2019-01-28 18:00:00,44.1,1,18,0,55786.16,65473.964,5646.6915925926005,15334.495592592595
2019-01-28 19:00:00,45.0,1,19,0,55664.485,65602.195,5885.635777777781,15823.345777777788
2019-01-28 20:00:00,44.1,1,20,0,55120.046,65211.597,5998.595814814828,16090.146814814829
2019-01-28 21:00:00,42.1,1,21,0,54126.434,63827.563,6211.765074074079,15912.89407407408
2019-01-28 22:00:00,41.0,1,22,0,52563.835,61712.264,6443.672962962963,15592.101962962966
2019-01-28 23:00:00,37.0,1,23,0,50663.656,59296.92,6544.820370370377,15178.084370370372
2019-01-29 00:00:00,32.0,1,0,1,49282.052,57981.043,7108.982222222228,15807.973222222225
2019-01-29 01:00:00,28.0,1,1,1,48177.019,57165.549,7042.943185185177,16031.473185185176
2019-01-29 02:00:00,25.0,1,2,1,47729.699,56754.403,7150.767148148152,16175.47114814815
2019-01-29 03:00:00,21.9,1,3,1,47367.25,56501.888,6955.090555555558,16089.728555555555
2019-01-29 04:00:00,19.0,1,4,1,47410.638,57232.62,6547.125666666674,16369.107666666678
2019-01-29 05:00:00,19.0,1,5,1,47865.401,59080.145,5615.630851851849,16830.374851851848
2019-01-29 06:00:00,18.0,1,6,1,48945.51,62300.374,4322.6585555555575,17677.52255555556
2019-01-29 07:00:00,18.0,1,7,1,50367.071,64543.153,3526.55581481482,17702.637814814814
2019-01-29 08:00:00,17.1,1,8,1,51424.306,64961.778,3729.068111111112,17266.540111111113
2019-01-29 09:00:00,17.1,1,9,1,52026.922,63647.507,3919.792000000009,15540.377000000008
2019-01-29 10:00:00,17.1,1,10,1,51620.342,62057.398,3300.4284074074094,13737.484407407414
2019-01-29 11:00:00,17.1,1,11,1,51033.423,60323.379,2887.716740740747,12177.672740740743
2019-01-29 12:00:00,18.0,1,12,1,50276.985,58816.922,2439.230518518518,10979.167518518516
2019-01-29 13:00:00,18.0,1,13,1,49677.149,57591.341,2325.1034444444376,10239.29544444444
2019-01-29 14:00:00,18.0,1,14,1,49189.642,56601.293,2338.0834444444336,9749.734444444432
2019-01-29 15:00:00,19.0,1,15,1,49148.809,56115.786,2561.331074074078,9528.308074074075
2019-01-29 16:00:00,17.1,1,16,1,50057.402,56486.037,2968.4980370370395,9397.133037037034
2019-01-29 17:00:00,18.0,1,17,1,52498.254,58127.547,3448.925222222213,9078.21822222221
2019-01-29 18:00:00,18.0,1,18,1,55624.163,59560.592,5484.6945925925975,9421.123592592594
2019-01-29 19:00:00,17.1,1,19,1,55907.291,58926.394,6128.441777777778,9147.54477777778
2019-01-29 20:00:00,18.0,1,20,1,55759.295,57793.166,6637.844814814824,8671.715814814823
2019-01-29 21:00:00,17.1,1,21,1,54894.264,55755.677,6979.595074074081,7841.008074074081
2019-01-29 22:00:00,16.0,1,22,1,53339.243,53062.981,7219.080962962966,6942.818962962963
2019-01-29 23:00:00,16.0,1,23,1,51536.383,50187.721,7417.547370370376,6068.885370370372
2019-01-30 00:00:00,14.0,1,0,2,50621.173,48158.55,8448.103222222227,5985.480222222228
2019-01-30 01:00:00,12.0,1,1,2,50167.946,46886.901,9033.87018518518,5752.825185185175
2019-01-30 02:00:00,10.0,1,2,2,50174.402,46096.218,9595.470148148152,5517.286148148152
2019-01-30 03:00:00,9.0,1,3,2,50447.367,45766.559,10035.207555555557,5354.399555555559
2019-01-30 04:00:00,7.0,1,4,2,51409.44,46262.563,10545.927666666676,5399.050666666677
2019-01-30 05:00:00,3.9,1,5,2,53698.478,48223.159,11448.707851851854,5973.388851851851
2019-01-30 06:00:00,1.9,1,6,2,57495.913,51523.247,12873.061555555556,6900.395555555559
2019-01-30 07:00:00,1.0,1,7,2,60141.962,54207.756,13301.446814814815,7367.240814814817
2019-01-30 08:00:00,1.0,1,8,2,60393.672,54357.889,12698.434111111112,6662.651111111118
2019-01-30 09:00:00,0.0,1,9,2,59411.445,54066.559,11304.31500000001,5959.429000000011
2019-01-30 10:00:00,-0.9,1,10,2,58269.351,53727.274,9949.437407407417,5407.36040740741
2019-01-30 11:00:00,-2.0,1,11,2,56934.346,53252.131,8788.639740740742,5106.424740740746
2019-01-30 12:00:00,-4.0,1,12,2,55728.347,52846.158,7890.592518518519,5008.40351851852
2019-01-30 13:00:00,-2.9,1,13,2,54842.351,52458.326,7490.305444444442,5106.280444444441
2019-01-30 14:00:00,-0.9,1,14,2,54065.849,52044.289,7214.290444444436,5192.730444444431
2019-01-30 15:00:00,-0.9,1,15,2,53583.417,51735.612,6995.939074074078,5148.134074074078
2019-01-30 16:00:00,0.0,1,16,2,53832.929,51891.017,6744.025037037034,4802.113037037037
2019-01-30 17:00:00,0.0,1,17,2,55497.784,53312.43,6448.455222222212,4263.1012222222125
2019-01-30 18:00:00,0.0,1,18,2,57208.436,54381.949,7068.967592592599,4242.4805925925975
2019-01-30 19:00:00,0.0,1,19,2,57153.62,53931.836,7374.770777777783,4152.986777777784
2019-01-30 20:00:00,0.0,1,20,2,56537.92,53336.403,7416.469814814824,4214.952814814824
2019-01-30 21:00:00,1.0,1,21,2,55138.638,51798.886,7223.969074074077,3884.2170740740767
2019-01-30 22:00:00,1.0,1,22,2,53045.958,49480.348,6925.795962962962,3360.1859629629616
2019-01-30 23:00:00,1.0,1,23,2,50831.193,47195.07,6712.357370370373,3076.2343703703737
2019-01-31 00:00:00,0.0,1,0,3,49504.175,45506.993,7331.105222222228,3333.923222222227
2019-01-31 01:00:00,0.0,1,1,3,48773.661,44650.063,7639.585185185177,3515.9871851851785
2019-01-31 02:00:00,0.0,1,2,3,48720.987,44348.773,8142.055148148152,3769.841148148153
2019-01-31 03:00:00,0.0,1,3,3,48972.54,44483.153,8560.38055555556,4070.9935555555567
2019-01-31 04:00:00,-0.9,1,4,3,49996.483,45464.997,9132.970666666675,4601.484666666678
2019-01-31 05:00:00,-0.9,1,5,3,52321.947,47860.072,10072.176851851851,5610.301851851851
2019-01-31 06:00:00,-2.0,1,6,3,56303.823,51668.053,11680.971555555552,7045.201555555555
2019-01-31 07:00:00,-2.9,1,7,3,59400.6,54711.276,12560.084814814814,7870.760814814814
2019-01-31 08:00:00,-4.0,1,8,3,60065.03,55782.457,12369.792111111114,8087.219111111117
2019-01-31 09:00:00,-0.9,1,9,3,60513.079,56062.531,12405.949000000008,7955.401000000013
2019-01-31 10:00:00,1.9,1,10,3,60702.271,56743.721,12382.357407407411,8423.80740740741
2019-01-31 11:00:00,3.9,1,11,3,60827.603,56992.461,12681.896740740747,8846.754740740747
2019-01-31 12:00:00,6.1,1,12,3,60847.578,56882.586,13009.82351851852,9044.83151851852
2019-01-31 13:00:00,7.0,1,13,3,60646.927,56847.469,13294.881444444443,9495.423444444436
2019-01-31 14:00:00,9.0,1,14,3,60248.122,56633.657,13396.563444444437,9782.098444444431
2019-01-31 15:00:00,10.9,1,15,3,60048.35,56280.954,13460.872074074075,9693.476074074077
2019-01-31 16:00:00,10.0,1,16,3,60732.747,56815.945,13643.84303703704,9727.041037037035
2019-01-31 17:00:00,9.0,1,17,3,62462.032,58192.445,13412.703222222211,9143.116222222212
2019-01-31 18:00:00,9.0,1,18,3,65097.014,59746.648,14957.5455925926,9607.179592592598
2019-01-31 19:00:00,10.0,1,19,3,65176.517,59712.919,15397.66777777778,9934.069777777782
2019-01-31 20:00:00,10.9,1,20,3,64684.628,59171.984,15563.177814814822,10050.533814814822
2019-01-31 21:00:00,10.9,1,21,3,63443.008,57833.509,15528.33907407408,9918.840074074076
2019-01-31 22:00:00,10.0,1,22,3,61552.019,55688.317,15431.856962962964,9568.154962962966
2019-01-31 23:00:00,10.0,1,23,3,59478.046,53361.053,15359.210370370376,9242.217370370374
2019-02-01 00:00:00,10.0,2,0,4,58153.572,51745.992,15980.502222222223,9572.922222222223
2019-02-01 01:00:00,10.9,2,1,4,57489.408,51064.242,16355.33218518518,9930.166185185177
2019-02-01 02:00:00,10.0,2,2,4,57457.838,50763.217,16878.906148148155,10184.285148148148
2019-02-01 03:00:00,10.0,2,3,4,57767.035,51061.237,17354.87555555556,10649.07755555556
2019-02-01 04:00:00,10.9,2,4,4,58842.166,52031.718,17978.653666666673,11168.205666666676
2019-02-01 05:00:00,10.0,2,5,4,60757.687,54507.114,18507.91685185185,12257.343851851852
2019-02-01 06:00:00,10.9,2,6,4,63575.974,58471.759,18953.12255555556,13848.907555555554
2019-02-01 07:00:00,10.9,2,7,4,65928.353,61527.729,19087.83781481482,14687.213814814815
2019-02-01 08:00:00,12.0,2,8,4,66882.157,61903.005,19186.91911111112,14207.767111111112
2019-02-01 09:00:00,12.0,2,9,4,67448.656,61395.929,19341.526000000013,13288.799000000006
2019-02-01 10:00:00,12.9,2,10,4,67955.017,60605.884,19635.10340740742,12285.97040740741
2019-02-01 11:00:00,15.1,2,11,4,67880.194,59530.771,19734.487740740748,11385.064740740743
2019-02-01 12:00:00,16.0,2,12,4,67723.033,58546.679,19885.27851851852,10708.924518518514
2019-02-01 13:00:00,17.1,2,13,4,66969.839,57699.13,19617.793444444447,10347.084444444436
2019-02-01 14:00:00,19.0,2,14,4,66296.171,56883.492,19444.61244444444,10031.933444444432
2019-02-01 15:00:00,19.9,2,15,4,65749.203,56301.527,19161.72507407407,9714.04907407408
2019-02-01 16:00:00,21.0,2,16,4,66281.836,56713.289,19192.93203703704,9624.385037037036
2019-02-01 17:00:00,21.9,2,17,4,68429.043,58563.913,19379.714222222217,9514.584222222213
2019-02-01 18:00:00,21.0,2,18,4,71202.397,60832.157,21062.928592592594,10692.688592592596
2019-02-01 19:00:00,19.9,2,19,4,71335.533,60589.256,21556.683777777776,10810.406777777782
2019-02-01 20:00:00,19.9,2,20,4,70739.239,60102.946,21617.788814814827,10981.495814814827
2019-02-01 21:00:00,17.1,2,21,4,69544.037,58974.53,21629.368074074075,11059.861074074077
2019-02-01 22:00:00,16.0,2,22,4,67700.431,57233.518,21580.26896296296,11113.35596296296
2019-02-01 23:00:00,14.0,2,23,4,65954.409,55056.721,21835.573370370374,10937.885370370372
2019-02-02 00:00:00,10.0,2,0,5,64502.6,53471.412,22329.530222222224,11298.342222222222
2019-02-02 01:00:00,10.0,2,1,5,63867.399,52486.416,22733.32318518517,11352.340185185174
2019-02-02 02:00:00,10.9,2,2,5,63418.495,51939.984,22839.56314814816,11361.052148148148
2019-02-02 03:00:00,12.9,2,3,5,63211.918,51647.432,22799.75855555556,11235.27255555556
2019-02-02 04:00:00,10.0,2,4,5,63893.642,51831.468,23030.129666666675,10967.955666666676
2019-02-02 05:00:00,10.0,2,5,5,65521.935,52639.515,23272.16485185185,10389.74485185185
2019-02-02 06:00:00,12.0,2,6,5,68022.894,54132.588,23400.04255555556,9509.73655555556
2019-02-02 07:00:00,15.1,2,7,5,69975.805,55717.737,23135.28981481481,8877.221814814817
2019-02-02 08:00:00,16.0,2,8,5,70212.907,56746.652,22517.66911111112,9051.414111111117
2019-02-02 09:00:00,18.0,2,9,5,69572.89,57095.631,21465.76000000001,8988.501000000011
2019-02-02 10:00:00,21.0,2,10,5,68695.022,56561.729,20375.10840740741,8241.815407407412
2019-02-02 11:00:00,24.1,2,11,5,67488.943,55606.352,19343.236740740744,7460.645740740743
2019-02-02 12:00:00,25.0,2,12,5,66292.577,54327.017,18454.82251851852,6489.262518518517
2019-02-02 13:00:00,28.0,2,13,5,65050.267,53117.811,17698.22144444444,5765.7654444444415
2019-02-02 14:00:00,28.9,2,14,5,64215.756,52426.995,17364.197444444435,5575.436444444436
2019-02-02 15:00:00,30.0,2,15,5,63613.039,51949.822,17025.561074074074,5362.344074074077
2019-02-02 16:00:00,32.0,2,16,5,64090.133,52467.022,17001.22903703704,5378.118037037035
2019-02-02 17:00:00,34.0,2,17,5,65696.706,53916.937,16647.377222222218,4867.60822222221
2019-02-02 18:00:00,32.0,2,18,5,67925.555,55786.16,17786.08659259259,5646.6915925926005
2019-02-02 19:00:00,30.9,2,19,5,67849.003,55664.485,18070.153777777778,5885.635777777781
2019-02-02 20:00:00,28.9,2,20,5,67135.663,55120.046,18014.212814814826,5998.595814814828
2019-02-02 21:00:00,27.0,2,21,5,65429.624,54126.434,17514.95507407408,6211.765074074079
2019-02-02 22:00:00,26.1,2,22,5,63052.194,52563.835,16932.031962962967,6443.672962962963
2019-02-02 23:00:00,26.1,2,23,5,60798.738,50663.656,16679.90237037037,6544.820370370377
2019-02-03 00:00:00,26.1,2,0,6,59078.147,49282.052,15873.437333333335,7108.982222222228
2019-02-03 01:00:00,26.1,2,1,6,57972.809,48177.019,15635.040399999998,7042.943185185177
2019-02-03 02:00:00,26.1,2,2,6,57303.302,47729.699,15395.498700000004,7150.767148148152
2019-02-03 03:00:00,25.0,2,3,6,56973.003,47367.25,15092.556099999994,6955.090555555558
2019-02-03 04:00:00,25.0,2,4,6,57330.459,47410.638,14882.099300000002,6547.125666666674
2019-02-03 05:00:00,24.1,2,5,6,58880.633,47865.401,14874.633299999994,5615.630851851849
2019-02-03 06:00:00,26.1,2,6,6,61591.053,48945.51,14894.655066666674,4322.6585555555575
2019-02-03 07:00:00,30.9,2,7,6,63727.394,50367.071,14904.33353333333,3526.55581481482
2019-02-03 08:00:00,32.0,2,8,6,64080.775,51424.306,14674.013,3729.068111111112
2019-02-03 09:00:00,33.1,2,9,6,64195.38,52026.922,14746.212833333324,3919.792000000009
2019-02-03 10:00:00,35.1,2,10,6,63910.698,51620.342,14702.062633333328,3300.4284074074094
2019-02-03 11:00:00,39.9,2,11,6,62997.957,51033.423,14323.29683333332,2887.716740740747
2019-02-03 12:00:00,45.0,2,12,6,61974.466,50276.985,13824.957633333346,2439.230518518518
2019-02-03 13:00:00,46.9,2,13,6,60775.783,49677.149,13182.240300000012,2325.1034444444376
2019-02-03 14:00:00,51.1,2,14,6,59400.834,49189.642,12370.011400000005,2338.0834444444336
2019-02-03 15:00:00,54.0,2,15,6,58311.779,49148.809,11609.03303333334,2561.331074074078
2019-02-03 16:00:00,57.0,2,16,6,58031.795,50057.402,11066.43536666668,2968.4980370370395
2019-02-03 17:00:00,55.9,2,17,6,59068.75,52498.254,11044.160400000008,3448.925222222213
2019-02-03 18:00:00,55.0,2,18,6,60779.11,55624.163,10984.489099999992,5484.6945925925975
2019-02-03 19:00:00,45.0,2,19,6,60769.111,55907.291,10691.76926666667,6128.441777777778
2019-02-03 20:00:00,43.0,2,20,6,60019.015,55759.295,10492.38426666666,6637.844814814824
2019-02-03 21:00:00,41.0,2,21,6,59046.961,54894.264,10739.127199999995,6979.595074074081
2019-02-03 22:00:00,39.9,2,22,6,57382.612,53339.243,10864.95866666668,7219.080962962966
2019-02-03 23:00:00,37.9,2,23,6,55371.347,51536.383,10804.022799999984,7417.547370370376
2019-02-04 00:00:00,39.9,2,0,0,53791.873,50621.173,10587.163333333338,8448.103222222227
2019-02-04 01:00:00,36.0,2,1,0,52744.238,50167.946,10406.469399999994,9033.87018518518
2019-02-04 02:00:00,35.1,2,2,0,52241.851,50174.402,10334.047700000005,9595.470148148152
2019-02-04 03:00:00,34.0,2,3,0,52185.801,50447.367,10305.354099999997,10035.207555555557
2019-02-04 04:00:00,30.9,2,4,0,52429.312,51409.44,9980.952299999995,10545.927666666676
2019-02-04 05:00:00,32.0,2,5,0,53283.125,53698.478,9277.125299999992,11448.707851851854
2019-02-04 06:00:00,32.0,2,6,0,54580.96,57495.913,7884.562066666673,12873.061555555556
2019-02-04 07:00:00,37.0,2,7,0,56075.24,60141.962,7252.179533333328,13301.446814814815
2019-02-04 08:00:00,36.0,2,8,0,56714.834,60393.672,7308.072,12698.434111111112
2019-02-04 09:00:00,43.0,2,9,0,56532.106,59411.445,7082.938833333326,11304.31500000001
2019-02-04 10:00:00,50.0,2,10,0,55110.665,58269.351,5902.029633333332,9949.437407407417
2019-02-04 11:00:00,54.0,2,11,0,53421.628,56934.346,4746.967833333314,8788.639740740742
2019-02-04 12:00:00,57.0,2,12,0,51352.798,55728.347,3203.2896333333483,7890.592518518519
2019-02-04 13:00:00,59.0,2,13,0,49525.276,54842.351,1931.7333000000071,7490.305444444442
2019-02-04 14:00:00,60.1,2,14,0,47945.476,54065.849,914.6534000000028,7214.290444444436
2019-02-04 15:00:00,59.0,2,15,0,47095.948,53583.417,393.2020333333349,6995.939074074078
2019-02-04 16:00:00,59.0,2,16,0,47193.759,53832.929,228.39936666667927,6744.025037037034
2019-02-04 17:00:00,57.0,2,17,0,48436.976,55497.784,412.3864000000103,6448.455222222212
2019-02-04 18:00:00,53.1,2,18,0,50826.139,57208.436,1031.518099999994,7068.967592592599
2019-02-04 19:00:00,53.1,2,19,0,50978.058,57153.62,900.71626666667,7374.770777777783
2019-02-04 20:00:00,52.0,2,20,0,50603.156,56537.92,1076.5252666666638,7416.469814814824
2019-02-04 21:00:00,52.0,2,21,0,49733.885,55138.638,1426.0511999999944,7223.969074074077
2019-02-04 22:00:00,52.0,2,22,0,48479.374,53045.958,1961.7206666666823,6925.795962962962
2019-02-04 23:00:00,53.1,2,23,0,46842.361,50831.193,2275.03679999998,6712.357370370373
2019-02-05 00:00:00,53.1,2,0,1,45253.126,49504.175,2048.4163333333345,7331.105222222228
2019-02-05 01:00:00,53.1,2,1,1,44143.286,48773.661,1805.517399999997,7639.585185185177
2019-02-05 02:00:00,52.0,2,2,1,43621.478,48720.987,1713.6747000000032,8142.055148148152
2019-02-05 03:00:00,52.0,2,3,1,43280.376,48972.54,1399.929099999994,8560.38055555556
2019-02-05 04:00:00,52.0,2,4,1,43202.499,49996.483,754.1393000000025,9132.970666666675
2019-02-05 05:00:00,50.0,2,5,1,43596.037,52321.947,0.0,10072.176851851851
2019-02-05 06:00:00,48.0,2,6,1,44546.765,56303.823,0.0,11680.971555555552
2019-02-05 07:00:00,48.0,2,7,1,45698.904,59400.6,0.0,12560.084814814814
2019-02-05 08:00:00,48.0,2,8,1,46561.514,60065.03,0.0,12369.792111111114
2019-02-05 09:00:00,46.0,2,9,1,46777.974,60513.079,0.0,12405.949000000008
2019-02-05 10:00:00,44.1,2,10,1,46130.83,60702.271,0.0,12382.357407407411
2019-02-05 11:00:00,43.0,2,11,1,45231.902,60827.603,0.0,12681.896740740747
2019-02-05 12:00:00,43.0,2,12,1,44215.705,60847.578,0.0,13009.82351851852
2019-02-05 13:00:00,43.0,2,13,1,43271.765,60646.927,0.0,13294.881444444443
2019-02-05 14:00:00,43.0,2,14,1,42543.604,60248.122,0.0,13396.563444444437
2019-02-05 15:00:00,42.1,2,15,1,42207.784,60048.35,0.0,13460.872074074075
2019-02-05 16:00:00,41.0,2,16,1,42659.627,60732.747,0.0,13643.84303703704
2019-02-05 17:00:00,42.1,2,17,1,44121.501,62462.032,0.0,13412.703222222211
2019-02-05 18:00:00,42.1,2,18,1,46179.826,65097.014,0.0,14957.5455925926
2019-02-05 19:00:00,42.1,2,19,1,45988.665,65176.517,0.0,15397.66777777778
2019-02-05 20:00:00,42.1,2,20,1,45681.9,64684.628,0.0,15563.177814814822
2019-02-05 21:00:00,42.1,2,21,1,44915.296,63443.008,0.0,15528.33907407408
2019-02-05 22:00:00,42.1,2,22,1,44028.992,61552.019,0.0,15431.856962962964
2019-02-05 23:00:00,42.1,2,23,1,42690.23,59478.046,0.0,15359.210370370376
2019-02-06 00:00:00,42.1,2,0,2,41458.647,58153.572,0.0,15980.502222222223
2019-02-06 01:00:00,43.0,2,1,2,40990.61,57489.408,0.0,16355.33218518518
2019-02-06 02:00:00,44.1,2,2,2,40868.767,57457.838,0.0,16878.906148148155
2019-02-06 03:00:00,45.0,2,3,2,41181.269,57767.035,0.0,17354.87555555556
2019-02-06 04:00:00,46.0,2,4,2,42300.796,58842.166,0.0,17978.653666666673
2019-02-06 05:00:00,46.9,2,5,2,44760.537,60757.687,754.537299999989,18507.91685185185
2019-02-06 06:00:00,48.0,2,6,2,48911.977,63575.974,2215.5790666666726,18953.12255555556
2019-02-06 07:00:00,50.0,2,7,2,51825.327,65928.353,3002.266533333328,19087.83781481482
2019-02-06 08:00:00,50.0,2,8,2,51855.757,66882.157,2448.994999999996,19186.91911111112
2019-02-06 09:00:00,48.0,2,9,2,50743.153,67448.656,1293.985833333325,19341.526000000013
2019-02-06 10:00:00,51.1,2,10,2,49730.536,67955.017,521.9006333333309,19635.10340740742
2019-02-06 11:00:00,52.0,2,11,2,48647.787,67880.194,0.0,19734.487740740748
2019-02-06 12:00:00,52.0,2,12,2,48037.162,67723.033,0.0,19885.27851851852
2019-02-06 13:00:00,54.0,2,13,2,47500.068,66969.839,0.0,19617.793444444447
2019-02-06 14:00:00,54.0,2,14,2,47069.369,66296.171,38.54639999999927,19444.61244444444
2019-02-06 15:00:00,57.0,2,15,2,46725.72,65749.203,22.97403333333932,19161.72507407407
2019-02-06 16:00:00,57.9,2,16,2,46852.067,66281.836,0.0,19192.93203703704
2019-02-06 17:00:00,55.9,2,17,2,48118.765,68429.043,94.17540000000736,19379.714222222217
2019-02-06 18:00:00,55.0,2,18,2,49860.934,71202.397,66.31309999999212,21062.928592592594
2019-02-06 19:00:00,54.0,2,19,2,49844.698,71335.533,0.0,21556.683777777776
2019-02-06 20:00:00,53.1,2,20,2,49156.471,70739.239,0.0,21617.788814814827
2019-02-06 21:00:00,51.1,2,21,2,47531.46,69544.037,0.0,21629.368074074075
2019-02-06 22:00:00,51.1,2,22,2,45209.007,67700.431,0.0,21580.26896296296
2019-02-06 23:00:00,48.9,2,23,2,42849.446,65954.409,0.0,21835.573370370374
2019-02-07 00:00:00,48.0,2,0,3,41051.206,64502.6,0.0,22329.530222222224
2019-02-07 01:00:00,46.9,2,1,3,40020.977,63867.399,0.0,22733.32318518517
2019-02-07 02:00:00,46.9,2,2,3,39430.79,63418.495,0.0,22839.56314814816
2019-02-07 03:00:00,46.0,2,3,3,39345.904,63211.918,0.0,22799.75855555556
2019-02-07 04:00:00,46.0,2,4,3,40082.682,63893.642,0.0,23030.129666666675
2019-02-07 05:00:00,46.9,2,5,3,42273.457,65521.935,0.0,23272.16485185185
2019-02-07 06:00:00,48.0,2,6,3,46119.277,68022.894,0.0,23400.04255555556
2019-02-07 07:00:00,46.9,2,7,3,48968.086,69975.805,145.02553333333344,23135.28981481481
2019-02-07 08:00:00,48.9,2,8,3,49424.738,70212.907,17.97599999999511,22517.66911111112
2019-02-07 09:00:00,50.0,2,9,3,49511.159,69572.89,61.99183333332621,21465.76000000001
2019-02-07 10:00:00,51.1,2,10,3,49483.899,68695.022,275.26363333332847,20375.10840740741
2019-02-07 11:00:00,54.0,2,11,3,49198.449,67488.943,523.7888333333176,19343.236740740744
2019-02-07 12:00:00,55.9,2,12,3,48927.521,66292.577,778.0126333333465,18454.82251851852
2019-02-07 13:00:00,55.9,2,13,3,48663.361,65050.267,1069.8183000000065,17698.22144444444
2019-02-07 14:00:00,57.9,2,14,3,48314.647,64215.756,1283.8243999999977,17364.197444444435
2019-02-07 15:00:00,57.9,2,15,3,48104.455,63613.039,1401.70903333334,17025.561074074074
2019-02-07 16:00:00,57.0,2,16,3,48234.573,64090.133,1269.2133666666778,17001.22903703704
2019-02-07 17:00:00,61.0,2,17,3,49509.01,65696.706,1484.42040000001,16647.377222222218
2019-02-07 18:00:00,57.9,2,18,3,51512.702,67925.555,1718.0810999999885,17786.08659259259
2019-02-07 19:00:00,57.9,2,19,3,51368.27,67849.003,1290.9282666666695,18070.153777777778
2019-02-07 20:00:00,60.1,2,20,3,50782.479,67135.663,1255.8482666666605,18014.212814814826
2019-02-07 21:00:00,60.1,2,21,3,49252.389,65429.624,944.5551999999952,17514.95507407408
2019-02-07 22:00:00,48.9,2,22,3,47035.864,63052.194,518.2106666666805,16932.031962962967
2019-02-07 23:00:00,45.0,2,23,3,44478.838,60798.738,0.0,16679.90237037037
2019-02-08 00:00:00,42.1,2,0,4,42692.248,59078.147,0.0,15873.437333333335
2019-02-08 01:00:00,39.0,2,1,4,41554.288,57972.809,0.0,15635.040399999998
2019-02-08 02:00:00,36.0,2,2,4,41032.647,57303.302,0.0,15395.498700000004
2019-02-08 03:00:00,33.1,2,3,4,40812.036,56973.003,0.0,15092.556099999994
2019-02-08 04:00:00,30.0,2,4,4,41459.56,57330.459,0.0,14882.099300000002
2019-02-08 05:00:00,28.0,2,5,4,43298.962,58880.633,0.0,14874.633299999994
2019-02-08 06:00:00,26.1,2,6,4,46967.245,61591.053,270.84706666667626,14894.655066666674
2019-02-08 07:00:00,25.0,2,7,4,49651.003,63727.394,827.9425333333274,14904.33353333333
2019-02-08 08:00:00,21.9,2,8,4,50011.671,64080.775,604.9089999999997,14674.013
2019-02-08 09:00:00,23.0,2,9,4,49909.432,64195.38,460.26483333332726,14746.212833333324
2019-02-08 10:00:00,21.9,2,10,4,50107.385,63910.698,898.7496333333329,14702.062633333328
2019-02-08 11:00:00,24.1,2,11,4,50206.332,62997.957,1531.6718333333192,14323.29683333332
2019-02-08 12:00:00,24.1,2,12,4,49749.951,61974.466,1600.4426333333467,13824.957633333346
2019-02-08 13:00:00,26.1,2,13,4,49416.676,60775.783,1823.1333000000088,13182.240300000012
2019-02-08 14:00:00,27.0,2,14,4,48850.475,59400.834,1819.652399999999,12370.011400000005
2019-02-08 15:00:00,28.0,2,15,4,48258.217,58311.779,1555.471033333335,11609.03303333334
2019-02-08 16:00:00,26.1,2,16,4,48163.615,58031.795,1198.255366666679,11066.43536666668
2019-02-08 17:00:00,25.0,2,17,4,49089.144,59068.75,1064.5544000000082,11044.160400000008
2019-02-08 18:00:00,24.1,2,18,4,50469.744,60779.11,675.1230999999898,10984.489099999992
2019-02-08 19:00:00,23.0,2,19,4,50267.079,60769.111,189.73726666667065,10691.76926666667
2019-02-08 20:00:00,21.0,2,20,4,49348.646,60019.015,0.0,10492.38426666666
2019-02-08 21:00:00,21.0,2,21,4,47840.488,59046.961,0.0,10739.127199999995
2019-02-08 22:00:00,19.9,2,22,4,45579.94,57382.612,0.0,10864.95866666668
2019-02-08 23:00:00,19.0,2,23,4,43127.42,55371.347,0.0,10804.022799999984
2019-02-09 00:00:00,18.0,2,0,5,41243.525,53791.873,0.0,10587.163333333338
2019-02-09 01:00:00,18.0,2,1,5,40348.298,52744.238,0.0,10406.469399999994
2019-02-09 02:00:00,18.0,2,2,5,39668.112,52241.851,0.0,10334.047700000005
2019-02-09 03:00:00,17.1,2,3,5,39469.834,52185.801,0.0,10305.354099999997
2019-02-09 04:00:00,17.1,2,4,5,40161.985,52429.312,0.0,9980.952299999995
2019-02-09 05:00:00,15.1,2,5,5,42343.601,53283.125,0.0,9277.125299999992
2019-02-09 06:00:00,15.1,2,6,5,46106.11,54580.96,0.0,7884.562066666673
2019-02-09 07:00:00,15.1,2,7,5,48664.995,56075.24,0.0,7252.179533333328
2019-02-09 08:00:00,14.0,2,8,5,49043.529,56714.834,0.0,7308.072
2019-02-09 09:00:00,16.0,2,9,5,49082.902,56532.106,0.0,7082.938833333326
2019-02-09 10:00:00,19.0,2,10,5,49223.442,55110.665,14.806633333333592,5902.029633333332
2019-02-09 11:00:00,19.9,2,11,5,49247.607,53421.628,572.9468333333207,4746.967833333314
2019-02-09 12:00:00,23.0,2,12,5,49157.748,51352.798,1008.2396333333454,3203.2896333333483
2019-02-09 13:00:00,23.0,2,13,5,48934.649,49525.276,1341.1063000000067,1931.7333000000071
2019-02-09 14:00:00,26.1,2,14,5,48387.974,47945.476,1357.1514000000025,914.6534000000028
2019-02-09 15:00:00,27.0,2,15,5,48087.845,47095.948,1385.099033333339,393.2020333333349
2019-02-09 16:00:00,27.0,2,16,5,48176.331,47193.759,1210.9713666666794,228.39936666667927
2019-02-09 17:00:00,27.0,2,17,5,48934.704,48436.976,910.1144000000058,412.3864000000103
2019-02-09 18:00:00,26.1,2,18,5,50271.977,50826.139,477.35609999999,1031.518099999994
2019-02-09 19:00:00,25.0,2,19,5,50438.231,50978.058,360.8892666666725,900.71626666667
2019-02-09 20:00:00,24.1,2,20,5,49639.442,50603.156,112.81126666666388,1076.5252666666638
2019-02-09 21:00:00,21.9,2,21,5,48578.942,49733.885,271.1081999999951,1426.0511999999944
2019-02-09 22:00:00,21.9,2,22,5,46822.903,48479.374,305.2496666666775,1961.7206666666823
2019-02-09 23:00:00,21.9,2,23,5,44716.235,46842.361,148.91079999998328,2275.03679999998
2019-02-10 00:00:00,21.0,2,0,6,43417.908,45253.126,213.198333333341,2048.4163333333345
2019-02-10 01:00:00,19.9,2,1,6,42855.032,44143.286,517.2633999999962,1805.517399999997
2019-02-10 02:00:00,19.0,2,2,6,42830.426,43621.478,922.6227,1713.6747000000032
2019-02-10 03:00:00,19.9,2,3,6,43174.36,43280.376,1293.913099999998,1399.929099999994
2019-02-10 04:00:00,19.9,2,4,6,44241.814,43202.499,1793.4542999999976,754.1393000000025
2019-02-10 05:00:00,19.9,2,5,6,46897.576,43596.037,2891.5762999999934,0.0
2019-02-10 06:00:00,21.0,2,6,6,51328.928,44546.765,4632.5300666666735,0.0
2019-02-10 07:00:00,23.0,2,7,6,54725.358,45698.904,5902.297533333331,0.0
2019-02-10 08:00:00,23.0,2,8,6,55639.478,46561.514,6232.716,0.0
2019-02-10 09:00:00,24.1,2,9,6,55878.399,46777.974,6429.231833333324,0.0
2019-02-10 10:00:00,26.1,2,10,6,55949.053,46130.83,6740.417633333331,0.0
2019-02-10 11:00:00,28.0,2,11,6,55735.315,45231.902,7060.654833333319,0.0
2019-02-10 12:00:00,30.0,2,12,6,55178.725,44215.705,7029.216633333344,0.0
2019-02-10 13:00:00,32.0,2,13,6,54784.839,43271.765,7191.296300000009,0.0
2019-02-10 14:00:00,28.0,2,14,6,54174.274,42543.604,7143.451399999998,0.0
2019-02-10 15:00:00,28.9,2,15,6,53620.278,42207.784,6917.532033333337,0.0
2019-02-10 16:00:00,28.9,2,16,6,53815.405,42659.627,6850.04536666668,0.0
2019-02-10 17:00:00,30.0,2,17,6,55082.704,44121.501,7058.114400000006,0.0
2019-02-10 18:00:00,30.0,2,18,6,57564.691,46179.826,7770.07009999999,0.0
2019-02-10 19:00:00,30.0,2,19,6,58059.973,45988.665,7982.631266666671,0.0
2019-02-10 20:00:00,30.9,2,20,6,57715.298,45681.9,8188.667266666664,0.0
2019-02-10 21:00:00,30.9,2,21,6,56871.971,44915.296,8564.13719999999,0.0
2019-02-10 22:00:00,32.0,2,22,6,55212.671,44028.992,8695.017666666681,0.0
2019-02-10 23:00:00,32.0,2,23,6,53195.836,42690.23,8628.511799999986,0.0
2019-02-11 00:00:00,32.0,2,0,0,51652.871,41458.647,8448.161333333337,0.0
2019-02-11 01:00:00,33.1,2,1,0,50669.618,40990.61,8331.8494,0.0
2019-02-11 02:00:00,33.1,2,2,0,50387.199,40868.767,8479.395700000001,0.0
2019-02-11 03:00:00,33.1,2,3,0,50195.554,41181.269,8315.107099999994,0.0
2019-02-11 04:00:00,33.1,2,4,0,50679.202,42300.796,8230.842299999997,0.0
2019-02-11 05:00:00,33.1,2,5,0,51695.99,44760.537,7689.99029999999,754.537299999989
2019-02-11 06:00:00,33.1,2,6,0,53416.788,48911.977,6720.390066666674,2215.5790666666726
2019-02-11 07:00:00,34.0,2,7,0,55309.668,51825.327,6486.607533333328,3002.266533333328
2019-02-11 08:00:00,34.0,2,8,0,56173.925,51855.757,6767.1630000000005,2448.994999999996
2019-02-11 09:00:00,34.0,2,9,0,56178.945,50743.153,6729.777833333326,1293.985833333325
2019-02-11 10:00:00,34.0,2,10,0,55448.66,49730.536,6240.024633333334,521.9006333333309
2019-02-11 11:00:00,35.1,2,11,0,53896.238,48647.787,5221.577833333315,0.0
2019-02-11 12:00:00,36.0,2,12,0,52361.024,48037.162,4211.515633333343,0.0
2019-02-11 13:00:00,37.9,2,13,0,50687.065,47500.068,3093.5223000000115,0.0
2019-02-11 14:00:00,37.9,2,14,0,49210.973,47069.369,2180.1503999999986,38.54639999999927
2019-02-11 15:00:00,37.9,2,15,0,48453.039,46725.72,1750.2930333333352,22.97403333333932
2019-02-11 16:00:00,37.9,2,16,0,48641.621,46852.067,1676.2613666666805,0.0
2019-02-11 17:00:00,37.0,2,17,0,50126.456,48118.765,2101.8664000000063,94.17540000000736
2019-02-11 18:00:00,37.0,2,18,0,53251.743,49860.934,3457.122099999993,66.31309999999212
2019-02-11 19:00:00,37.0,2,19,0,54011.706,49844.698,3934.364266666671,0.0
2019-02-11 20:00:00,37.0,2,20,0,53832.029,49156.471,4305.398266666663,0.0
2019-02-11 21:00:00,37.0,2,21,0,53206.921,47531.46,4899.0871999999945,0.0
2019-02-11 22:00:00,37.0,2,22,0,51887.111,45209.007,5369.457666666676,0.0
2019-02-11 23:00:00,37.0,2,23,0,50243.386,42849.446,5676.061799999981,0.0
2019-02-12 00:00:00,37.0,2,0,1,49064.114,41051.206,5859.404333333339,0.0
2019-02-12 01:00:00,37.9,2,1,1,48284.8,40020.977,5947.0314,0.0
2019-02-12 02:00:00,39.0,2,2,1,48016.769,39430.79,6108.965700000001,0.0
2019-02-12 03:00:00,37.9,2,3,1,47973.303,39345.904,6092.856099999997,0.0
2019-02-12 04:00:00,39.0,2,4,1,48259.877,40082.682,5811.5173,0.0
2019-02-12 05:00:00,39.0,2,5,1,48933.986,42273.457,4927.98629999999,0.0
2019-02-12 06:00:00,41.0,2,6,1,50039.792,46119.277,3343.394066666675,0.0
2019-02-12 07:00:00,42.1,2,7,1,51094.055,48968.086,2270.9945333333308,145.02553333333344
2019-02-12 08:00:00,44.1,2,8,1,51800.093,49424.738,2393.3309999999983,17.97599999999511
2019-02-12 09:00:00,45.0,2,9,1,51974.649,49511.159,2525.481833333324,61.99183333332621
2019-02-12 10:00:00,46.9,2,10,1,51682.702,49483.899,2474.0666333333284,275.26363333332847
2019-02-12 11:00:00,46.9,2,11,1,51125.545,49198.449,2450.884833333316,523.7888333333176
2019-02-12 12:00:00,55.0,2,12,1,50809.547,48927.521,2660.0386333333445,778.0126333333465
2019-02-12 13:00:00,57.9,2,13,1,50467.957,48663.361,2874.414300000012,1069.8183000000065
2019-02-12 14:00:00,55.0,2,14,1,50285.789,48314.647,3254.966399999997,1283.8243999999977
2019-02-12 15:00:00,52.0,2,15,1,50467.002,48104.455,3764.2560333333386,1401.70903333334
2019-02-12 16:00:00,51.1,2,16,1,51100.388,48234.573,4135.02836666668,1269.2133666666778
2019-02-12 17:00:00,50.0,2,17,1,52410.234,49509.01,4385.644400000005,1484.42040000001
2019-02-12 18:00:00,46.0,2,18,1,54273.098,51512.702,4478.477099999989,1718.0810999999885
2019-02-12 19:00:00,39.0,2,19,1,54378.502,51368.27,4301.160266666673,1290.9282666666695
2019-02-12 20:00:00,37.0,2,20,1,53437.122,50782.479,3910.491266666664,1255.8482666666605
2019-02-12 21:00:00,35.1,2,21,1,51990.661,49252.389,3682.827199999992,944.5551999999952
2019-02-12 22:00:00,34.0,2,22,1,49906.68,47035.864,3389.0266666666794,518.2106666666805
2019-02-12 23:00:00,33.1,2,23,1,47881.936,44478.838,3314.611799999984,0.0
2019-02-13 00:00:00,32.0,2,0,2,47972.805,42692.248,4768.095333333338,0.0
2019-02-13 01:00:00,32.0,2,1,2,47086.842,41554.288,4749.073399999994,0.0
2019-02-13 02:00:00,30.9,2,2,2,46769.717,41032.647,4861.913699999997,0.0
2019-02-13 03:00:00,30.9,2,3,2,46761.9,40812.036,4881.453099999999,0.0
2019-02-13 04:00:00,30.9,2,4,2,47494.192,41459.56,5045.832300000002,0.0
2019-02-13 05:00:00,28.9,2,5,2,49363.416,43298.962,5357.41629999999,0.0
2019-02-13 06:00:00,28.9,2,6,2,52856.841,46967.245,6160.443066666674,270.84706666667626
2019-02-13 07:00:00,28.0,2,7,2,55338.815,49651.003,6515.754533333333,827.9425333333274
2019-02-13 08:00:00,27.0,2,8,2,56103.225,50011.671,6696.462999999996,604.9089999999997
2019-02-13 09:00:00,27.0,2,9,2,56337.375,49909.432,6888.207833333327,460.26483333332726
2019-02-13 10:00:00,26.1,2,10,2,56461.969,50107.385,7253.333633333328,898.7496333333329
2019-02-13 11:00:00,28.0,2,11,2,56113.758,50206.332,7439.097833333319,1531.6718333333192
2019-02-13 12:00:00,28.9,2,12,2,55675.99,49749.951,7526.481633333344,1600.4426333333467
2019-02-13 13:00:00,30.0,2,13,2,55383.508,49416.676,7789.965300000011,1823.1333000000088
2019-02-13 14:00:00,30.9,2,14,2,54955.821,48850.475,7924.998400000004,1819.652399999999
2019-02-13 15:00:00,33.1,2,15,2,54589.509,48258.217,7886.763033333336,1555.471033333335
2019-02-13 16:00:00,35.1,2,16,2,54709.741,48163.615,7744.381366666683,1198.255366666679
2019-02-13 17:00:00,34.0,2,17,2,55487.667,49089.144,7463.077400000009,1064.5544000000082
2019-02-13 18:00:00,34.0,2,18,2,56862.598,50469.744,7067.977099999989,675.1230999999898
2019-02-13 19:00:00,33.1,2,19,2,56709.62,50267.079,6632.278266666675,189.73726666667065
2019-02-13 20:00:00,32.0,2,20,2,56091.415,49348.646,6564.784266666662,0.0
2019-02-13 21:00:00,32.0,2,21,2,54535.241,47840.488,6227.407199999994,0.0
2019-02-13 22:00:00,30.9,2,22,2,52284.412,45579.94,5766.758666666676,0.0
2019-02-13 23:00:00,30.0,2,23,2,49727.115,43127.42,5159.790799999981,0.0
2019-02-14 00:00:00,30.0,2,0,3,46658.678,41243.525,3453.968333333338,0.0
2019-02-14 01:00:00,30.0,2,1,3,45514.766,40348.298,3176.9974,0.0
2019-02-14 02:00:00,28.0,2,2,3,44878.723,39668.112,2970.9196999999986,0.0
2019-02-14 03:00:00,28.0,2,3,3,44621.311,39469.834,2740.864099999999,0.0
2019-02-14 04:00:00,30.0,2,4,3,45257.287,40161.985,2808.927299999996,0.0
2019-02-14 05:00:00,30.9,2,5,3,47287.964,42343.601,3281.9642999999924,0.0
2019-02-14 06:00:00,32.0,2,6,3,50591.188,46106.11,3894.790066666676,0.0
2019-02-14 07:00:00,34.0,2,7,3,53185.563,48664.995,4362.502533333332,0.0
2019-02-14 08:00:00,35.1,2,8,3,53460.129,49043.529,4053.3669999999984,0.0
2019-02-14 09:00:00,36.0,2,9,3,53475.181,49082.902,4026.0138333333234,0.0
2019-02-14 10:00:00,41.0,2,10,3,53587.531,49223.442,4378.8956333333335,14.806633333333592
2019-02-14 11:00:00,42.1,2,11,3,53270.87,49247.607,4596.20983333332,572.9468333333207
2019-02-14 12:00:00,45.0,2,12,3,53075.689,49157.748,4926.180633333344,1008.2396333333454
2019-02-14 13:00:00,46.0,2,13,3,52950.01,48934.649,5356.467300000011,1341.1063000000067
2019-02-14 14:00:00,46.9,2,14,3,52652.059,48387.974,5621.236400000002,1357.1514000000025
2019-02-14 15:00:00,46.9,2,15,3,52488.275,48087.845,5785.52903333334,1385.099033333339
2019-02-14 16:00:00,48.0,2,16,3,52661.442,48176.331,5696.082366666684,1210.9713666666794
2019-02-14 17:00:00,48.0,2,17,3,53805.46,48934.704,5780.870400000007,910.1144000000058
2019-02-14 18:00:00,48.0,2,18,3,55446.483,50271.977,5651.862099999991,477.35609999999
2019-02-14 19:00:00,45.0,2,19,3,55691.326,50438.231,5613.984266666674,360.8892666666725
2019-02-14 20:00:00,45.0,2,20,3,55070.446,49639.442,5543.815266666665,112.81126666666388
2019-02-14 21:00:00,45.0,2,21,3,53855.486,48578.942,5547.6521999999895,271.1081999999951
2019-02-14 22:00:00,50.0,2,22,3,51716.387,46822.903,5198.7336666666815,305.2496666666775
2019-02-14 23:00:00,51.1,2,23,3,49510.659,44716.235,4943.334799999982,148.91079999998328
2019-02-15 00:00:00,50.0,2,0,4,48229.738,43417.908,5025.028333333336,213.198333333341
2019-02-15 01:00:00,48.9,2,1,4,47633.079,42855.032,5295.310399999995,517.2633999999962
2019-02-15 02:00:00,48.0,2,2,4,47468.315,42830.426,5560.511700000003,922.6227
2019-02-15 03:00:00,48.9,2,3,4,47609.231,43174.36,5728.784099999997,1293.913099999998
2019-02-15 04:00:00,46.0,2,4,4,48597.377,44241.814,6149.0173,1793.4542999999976
2019-02-15 05:00:00,46.0,2,5,4,50750.457,46897.576,6744.457299999995,2891.5762999999934
2019-02-15 06:00:00,46.0,2,6,4,54871.503,51328.928,8175.105066666671,4632.5300666666735
2019-02-15 07:00:00,39.9,2,7,4,57636.881,54725.358,8813.820533333332,5902.297533333331
2019-02-15 08:00:00,37.0,2,8,4,58012.089,55639.478,8605.326999999997,6232.716
2019-02-15 09:00:00,35.1,2,9,4,57609.208,55878.399,8160.040833333325,6429.231833333324
2019-02-15 10:00:00,36.0,2,10,4,57281.527,55949.053,8072.891633333333,6740.417633333331
2019-02-15 11:00:00,37.9,2,11,4,56654.516,55735.315,7979.85583333332,7060.654833333319
2019-02-15 12:00:00,39.9,2,12,4,55957.232,55178.725,7807.723633333349,7029.216633333344
2019-02-15 13:00:00,37.9,2,13,4,55055.897,54784.839,7462.354300000006,7191.296300000009
2019-02-15 14:00:00,37.9,2,14,4,54225.794,54174.274,7194.971400000002,7143.451399999998
2019-02-15 15:00:00,36.0,2,15,4,53508.37,53620.278,6805.624033333341,6917.532033333337
2019-02-15 16:00:00,34.0,2,16,4,53448.263,53815.405,6482.90336666668,6850.04536666668
2019-02-15 17:00:00,33.1,2,17,4,54376.187,55082.704,6351.597400000006,7058.114400000006
2019-02-15 18:00:00,32.0,2,18,4,56929.748,57564.691,7135.127099999991,7770.07009999999
2019-02-15 19:00:00,30.0,2,19,4,57246.62,58059.973,7169.278266666675,7982.631266666671
2019-02-15 20:00:00,30.0,2,20,4,56941.68,57715.298,7415.049266666661,8188.667266666664
2019-02-15 21:00:00,28.9,2,21,4,55479.524,56871.971,7171.69019999999,8564.13719999999
2019-02-15 22:00:00,28.0,2,22,4,53053.794,55212.671,6536.140666666681,8695.017666666681
2019-02-15 23:00:00,27.0,2,23,4,50456.006,53195.836,5888.681799999984,8628.511799999986
2019-02-16 00:00:00,27.0,2,0,5,48715.081,51652.871,5510.371333333336,8448.161333333337
2019-02-16 01:00:00,26.1,2,1,5,47639.065,50669.618,5301.296399999999,8331.8494
2019-02-16 02:00:00,25.0,2,2,5,47100.261,50387.199,5192.457699999999,8479.395700000001
2019-02-16 03:00:00,24.1,2,3,5,47062.744,50195.554,5182.297099999996,8315.107099999994
2019-02-16 04:00:00,23.0,2,4,5,47804.132,50679.202,5355.772299999997,8230.842299999997
2019-02-16 05:00:00,23.0,2,5,5,49836.799,51695.99,5830.799299999992,7689.99029999999
2019-02-16 06:00:00,21.9,2,6,5,53410.483,53416.788,6714.085066666674,6720.390066666674
2019-02-16 07:00:00,21.0,2,7,5,55940.024,55309.668,7116.963533333328,6486.607533333328
2019-02-16 08:00:00,21.9,2,8,5,55727.64,56173.925,6320.877999999997,6767.1630000000005
2019-02-16 09:00:00,23.0,2,9,5,54980.043,56178.945,5530.875833333324,6729.777833333326
2019-02-16 10:00:00,24.1,2,10,5,54100.061,55448.66,4891.425633333332,6240.024633333334
2019-02-16 11:00:00,25.0,2,11,5,52839.862,53896.238,4165.201833333318,5221.577833333315
2019-02-16 12:00:00,27.0,2,12,5,51988.941,52361.024,3839.4326333333447,4211.515633333343
2019-02-16 13:00:00,27.0,2,13,5,51054.424,50687.065,3460.881300000008,3093.5223000000115
2019-02-16 14:00:00,28.0,2,14,5,50234.509,49210.973,3203.6863999999987,2180.1503999999986
2019-02-16 15:00:00,28.9,2,15,5,49489.348,48453.039,2786.6020333333363,1750.2930333333352
2019-02-16 16:00:00,28.9,2,16,5,49483.902,48641.621,2518.542366666683,1676.2613666666805
2019-02-16 17:00:00,30.0,2,17,5,49927.89,50126.456,1903.300400000008,2101.8664000000063
2019-02-16 18:00:00,28.0,2,18,5,51656.544,53251.743,1861.9230999999927,3457.122099999993
2019-02-16 19:00:00,26.1,2,19,5,51923.475,54011.706,1846.1332666666715,3934.364266666671
2019-02-16 20:00:00,25.0,2,20,5,51348.017,53832.029,1821.386266666661,4305.398266666663
2019-02-16 21:00:00,25.0,2,21,5,49808.991,53206.921,1501.1571999999942,4899.0871999999945
2019-02-16 22:00:00,26.1,2,22,5,47653.703,51887.111,1136.0496666666804,5369.457666666676
2019-02-16 23:00:00,26.1,2,23,5,45078.87,50243.386,511.5457999999853,5676.061799999981
2019-02-17 00:00:00,24.1,2,0,6,43446.019,49064.114,241.3093333333381,5859.404333333339
2019-02-17 01:00:00,23.0,2,1,6,42368.932,48284.8,31.16339999999764,5947.0314
2019-02-17 02:00:00,24.1,2,2,6,41661.287,48016.769,0.0,6108.965700000001
2019-02-17 03:00:00,21.9,2,3,6,41783.302,47973.303,0.0,6092.856099999997
2019-02-17 04:00:00,23.0,2,4,6,42449.545,48259.877,1.185299999997369,5811.5173
2019-02-17 05:00:00,24.1,2,5,6,44514.917,48933.986,508.9172999999937,4927.98629999999
2019-02-17 06:00:00,24.1,2,6,6,48233.026,50039.792,1536.6280666666717,3343.394066666675
2019-02-17 07:00:00,24.1,2,7,6,51030.941,51094.055,2207.8805333333294,2270.9945333333308
2019-02-17 08:00:00,25.0,2,8,6,51664.47,51800.093,2257.7079999999987,2393.3309999999983
2019-02-17 09:00:00,27.0,2,9,6,51641.962,51974.649,2192.794833333326,2525.481833333324
2019-02-17 10:00:00,28.0,2,10,6,51453.667,51682.702,2245.031633333332,2474.0666333333284
2019-02-17 11:00:00,28.9,2,11,6,50934.055,51125.545,2259.3948333333174,2450.884833333316
2019-02-17 12:00:00,30.9,2,12,6,50469.593,50809.547,2320.0846333333466,2660.0386333333445
2019-02-17 13:00:00,30.9,2,13,6,50126.591,50467.957,2533.048300000009,2874.414300000012
2019-02-17 14:00:00,30.0,2,14,6,49701.097,50285.789,2670.274400000002,3254.966399999997
2019-02-17 15:00:00,30.9,2,15,6,49405.083,50467.002,2702.337033333337,3764.2560333333386
2019-02-17 16:00:00,30.0,2,16,6,49603.676,51100.388,2638.316366666681,4135.02836666668
2019-02-17 17:00:00,30.0,2,17,6,50492.745,52410.234,2468.1554000000106,4385.644400000005
2019-02-17 18:00:00,30.9,2,18,6,52283.704,54273.098,2489.083099999989,4478.477099999989
2019-02-17 19:00:00,30.9,2,19,6,52442.624,54378.502,2365.282266666676,4301.160266666673
2019-02-17 20:00:00,30.9,2,20,6,51995.414,53437.122,2468.783266666658,3910.491266666664
2019-02-17 21:00:00,30.9,2,21,6,50995.678,51990.661,2687.8441999999923,3682.827199999992
2019-02-17 22:00:00,30.9,2,22,6,49329.051,49906.68,2811.3976666666786,3389.0266666666794
2019-02-17 23:00:00,30.9,2,23,6,47204.91,47881.936,2637.585799999986,3314.611799999984
2019-02-18 00:00:00,30.9,2,0,0,45709.789,47972.805,2505.079333333335,4768.095333333338
2019-02-18 01:00:00,30.9,2,1,0,44822.598,47086.842,2484.829399999995,4749.073399999994
2019-02-18 02:00:00,30.0,2,2,0,44488.164,46769.717,2580.360699999997,4861.913699999997
2019-02-18 03:00:00,30.0,2,3,0,44357.531,46761.9,2477.0841,4881.453099999999
2019-02-18 04:00:00,30.0,2,4,0,44882.853,47494.192,2434.493300000002,5045.832300000002
2019-02-18 05:00:00,28.9,2,5,0,45841.968,49363.416,1835.9682999999927,5357.41629999999
2019-02-18 06:00:00,28.9,2,6,0,47476.527,52856.841,780.1290666666755,6160.443066666674
2019-02-18 07:00:00,28.9,2,7,0,49346.914,55338.815,523.8535333333275,6515.754533333333
2019-02-18 08:00:00,28.9,2,8,0,50552.424,56103.225,1145.6619999999966,6696.462999999996
2019-02-18 09:00:00,28.9,2,9,0,51585.245,56337.375,2136.077833333329,6888.207833333327
2019-02-18 10:00:00,28.9,2,10,0,51762.566,56461.969,2553.9306333333298,7253.333633333328
2019-02-18 11:00:00,30.0,2,11,0,51047.801,56113.758,2373.140833333317,7439.097833333319
2019-02-18 12:00:00,30.9,2,12,0,50059.335,55675.99,1909.826633333345,7526.481633333344
2019-02-18 13:00:00,30.0,2,13,0,48973.241,55383.508,1379.698300000011,7789.965300000011
2019-02-18 14:00:00,30.0,2,14,0,48001.194,54955.821,970.3714000000036,7924.998400000004
2019-02-18 15:00:00,30.0,2,15,0,47587.699,54589.509,884.9530333333387,7886.763033333336
2019-02-18 16:00:00,28.9,2,16,0,47728.404,54709.741,763.0443666666833,7744.381366666683
2019-02-18 17:00:00,28.9,2,17,0,48844.634,55487.667,820.0444000000061,7463.077400000009
2019-02-18 18:00:00,28.0,2,18,0,50984.692,56862.598,1190.0710999999935,7067.977099999989
2019-02-18 19:00:00,26.1,2,19,0,51615.002,56709.62,1537.6602666666731,6632.278266666675
2019-02-18 20:00:00,26.1,2,20,0,51193.668,56091.415,1667.037266666659,6564.784266666662
2019-02-18 21:00:00,26.1,2,21,0,50429.753,54535.241,2121.9191999999894,6227.407199999994
2019-02-18 22:00:00,23.0,2,22,0,49128.619,52284.412,2610.965666666678,5766.758666666676
2019-02-18 23:00:00,23.0,2,23,0,47483.689,49727.115,2916.364799999981,5159.790799999981
2019-02-19 00:00:00,24.1,2,0,1,46138.928,46658.678,2934.218333333338,3453.968333333338
2019-02-19 01:00:00,21.0,2,1,1,45415.867,45514.766,3078.098399999996,3176.9974
2019-02-19 02:00:00,21.0,2,2,1,44904.02,44878.723,2996.216699999997,2970.9196999999986
2019-02-19 03:00:00,21.9,2,3,1,44444.739,44621.311,2564.2920999999988,2740.864099999999
2019-02-19 04:00:00,21.9,2,4,1,44766.36,45257.287,2318.0003,2808.927299999996
2019-02-19 05:00:00,21.9,2,5,1,45292.701,47287.964,1286.7012999999934,3281.9642999999924
2019-02-19 06:00:00,23.0,2,6,1,46373.971,50591.188,0.0,3894.790066666676
2019-02-19 07:00:00,24.1,2,7,1,47588.485,53185.563,0.0,4362.502533333332
2019-02-19 08:00:00,25.0,2,8,1,48477.288,53460.129,0.0,4053.3669999999984
2019-02-19 09:00:00,26.1,2,9,1,49259.412,53475.181,0.0,4026.0138333333234
2019-02-19 10:00:00,27.0,2,10,1,49641.963,53587.531,433.32763333333423,4378.8956333333335
2019-02-19 11:00:00,27.0,2,11,1,49678.474,53270.87,1003.813833333319,4596.20983333332
2019-02-19 12:00:00,28.0,2,12,1,49653.548,53075.689,1504.0396333333483,4926.180633333344
2019-02-19 13:00:00,28.9,2,13,1,49401.364,52950.01,1807.8213000000103,5356.467300000011
2019-02-19 14:00:00,30.9,2,14,1,49091.802,52652.059,2060.979400000004,5621.236400000002
2019-02-19 15:00:00,30.9,2,15,1,49066.83,52488.275,2364.08403333334,5785.52903333334
2019-02-19 16:00:00,30.9,2,16,1,49690.042,52661.442,2724.6823666666824,5696.082366666684
2019-02-19 17:00:00,32.0,2,17,1,50684.216,53805.46,2659.6264000000083,5780.870400000007
2019-02-19 18:00:00,30.9,2,18,1,51894.284,55446.483,2099.6630999999907,5651.862099999991
2019-02-19 19:00:00,30.9,2,19,1,51881.452,55691.326,1804.1102666666704,5613.984266666674
2019-02-19 20:00:00,30.9,2,20,1,51318.41,55070.446,1791.7792666666646,5543.815266666665
2019-02-19 21:00:00,30.9,2,21,1,49952.555,53855.486,1644.721199999993,5547.6521999999895
2019-02-19 22:00:00,30.9,2,22,1,48210.926,51716.387,1693.2726666666786,5198.7336666666815
2019-02-19 23:00:00,30.9,2,23,1,46609.457,49510.659,2042.1327999999849,4943.334799999982
2019-02-20 00:00:00,30.9,2,0,2,45228.894,48229.738,2024.184333333338,5025.028333333336
2019-02-20 01:00:00,30.9,2,1,2,44506.984,47633.079,2169.2153999999937,5295.310399999995
2019-02-20 02:00:00,30.9,2,2,2,44270.052,47468.315,2362.248700000004,5560.511700000003
2019-02-20 03:00:00,28.9,2,3,2,44445.174,47609.231,2564.7270999999964,5728.784099999997
2019-02-20 04:00:00,30.0,2,4,2,45270.273,48597.377,2821.9133,6149.0173
2019-02-20 05:00:00,30.9,2,5,2,47333.831,50750.457,3327.8312999999907,6744.457299999995
2019-02-20 06:00:00,30.0,2,6,2,50560.917,54871.503,3864.519066666675,8175.105066666671
2019-02-20 07:00:00,32.0,2,7,2,53127.571,57636.881,4304.510533333334,8813.820533333332
2019-02-20 08:00:00,33.1,2,8,2,54250.324,58012.089,4843.561999999998,8605.326999999997
2019-02-20 09:00:00,33.1,2,9,2,55033.077,57609.208,5583.909833333324,8160.040833333325
2019-02-20 10:00:00,34.0,2,10,2,55518.603,57281.527,6309.967633333334,8072.891633333333
2019-02-20 11:00:00,35.1,2,11,2,55223.577,56654.516,6548.916833333315,7979.85583333332
2019-02-20 12:00:00,37.0,2,12,2,54889.66,55957.232,6740.151633333349,7807.723633333349
2019-02-20 13:00:00,37.9,2,13,2,54627.494,55055.897,7033.951300000008,7462.354300000006
2019-02-20 14:00:00,37.9,2,14,2,54282.867,54225.794,7252.044399999999,7194.971400000002
2019-02-20 15:00:00,39.0,2,15,2,53925.749,53508.37,7223.003033333342,6805.624033333341
2019-02-20 16:00:00,39.9,2,16,2,54297.808,53448.263,7332.448366666678,6482.90336666668
2019-02-20 17:00:00,39.9,2,17,2,55249.738,54376.187,7225.148400000005,6351.597400000006
2019-02-20 18:00:00,42.1,2,18,2,57194.407,56929.748,7399.78609999999,7135.127099999991
2019-02-20 19:00:00,42.1,2,19,2,57652.871,57246.62,7575.529266666672,7169.278266666675
2019-02-20 20:00:00,44.1,2,20,2,56823.265,56941.68,7296.634266666661,7415.049266666661
2019-02-20 21:00:00,46.0,2,21,2,55306.217,55479.524,6998.383199999989,7171.69019999999
2019-02-20 22:00:00,46.0,2,22,2,53066.905,53053.794,6549.251666666678,6536.140666666681
2019-02-20 23:00:00,44.1,2,23,2,50918.835,50456.006,6351.510799999982,5888.681799999984
2019-02-21 00:00:00,42.1,2,0,3,49340.558,48715.081,6135.848333333335,5510.371333333336
2019-02-21 01:00:00,41.0,2,1,3,48467.009,47639.065,6129.240399999995,5301.296399999999
2019-02-21 02:00:00,39.0,2,2,3,48295.712,47100.261,6387.9087,5192.457699999999
2019-02-21 03:00:00,37.9,2,3,3,48628.534,47062.744,6748.087099999997,5182.297099999996
2019-02-21 04:00:00,37.0,2,4,3,49540.466,47804.132,7092.1063,5355.772299999997
2019-02-21 05:00:00,36.0,2,5,3,52077.7,49836.799,8071.700299999989,5830.799299999992
2019-02-21 06:00:00,35.1,2,6,3,55977.702,53410.483,9281.304066666671,6714.085066666674
2019-02-21 07:00:00,34.0,2,7,3,58611.32,55940.024,9788.25953333333,7116.963533333328
2019-02-21 08:00:00,35.1,2,8,3,58234.98,55727.64,8828.218,6320.877999999997
2019-02-21 09:00:00,36.0,2,9,3,56947.193,54980.043,7498.025833333326,5530.875833333324
2019-02-21 10:00:00,37.9,2,10,3,55807.619,54100.061,6598.98363333333,4891.425633333332
2019-02-21 11:00:00,39.9,2,11,3,54263.713,52839.862,5589.05283333332,4165.201833333318
2019-02-21 12:00:00,41.0,2,12,3,53202.012,51988.941,5052.503633333348,3839.4326333333447
2019-02-21 13:00:00,42.1,2,13,3,52541.841,51054.424,4948.2983000000095,3460.881300000008
2019-02-21 14:00:00,43.0,2,14,3,51981.315,50234.509,4950.492400000003,3203.6863999999987
2019-02-21 15:00:00,42.1,2,15,3,51762.788,49489.348,5060.042033333339,2786.6020333333363
2019-02-21 16:00:00,42.1,2,16,3,52182.834,49483.902,5217.474366666684,2518.542366666683
2019-02-21 17:00:00,41.0,2,17,3,53508.274,49927.89,5483.684400000006,1903.300400000008
2019-02-21 18:00:00,39.0,2,18,3,55761.774,51656.544,5967.153099999989,1861.9230999999927
2019-02-21 19:00:00,37.9,2,19,3,56078.421,51923.475,6001.079266666675,1846.1332666666715
2019-02-21 20:00:00,37.0,2,20,3,55553.383,51348.017,6026.752266666663,1821.386266666661
2019-02-21 21:00:00,37.0,2,21,3,54098.611,49808.991,5790.7771999999895,1501.1571999999942
2019-02-21 22:00:00,36.0,2,22,3,51788.129,47653.703,5270.47566666668,1136.0496666666804
2019-02-21 23:00:00,36.0,2,23,3,49488.487,45078.87,4921.162799999984,511.5457999999853
2019-02-22 00:00:00,36.0,2,0,4,47886.874,43446.019,4682.164333333341,241.3093333333381
2019-02-22 01:00:00,35.1,2,1,4,47108.709,42368.932,4770.9404,31.16339999999764
2019-02-22 02:00:00,34.0,2,2,4,46743.262,41661.287,4835.458700000003,0.0
2019-02-22 03:00:00,30.9,2,3,4,46787.163,41783.302,4906.716099999998,0.0
2019-02-22 04:00:00,30.9,2,4,4,47586.321,42449.545,5137.961300000003,1.185299999997369
2019-02-22 05:00:00,30.9,2,5,4,49494.741,44514.917,5488.741299999994,508.9172999999937
2019-02-22 06:00:00,32.0,2,6,4,52516.81,48233.026,5820.412066666671,1536.6280666666717
2019-02-22 07:00:00,30.9,2,7,4,55066.309,51030.941,6243.248533333332,2207.8805333333294
2019-02-22 08:00:00,32.0,2,8,4,56007.851,51664.47,6601.089,2257.7079999999987
2019-02-22 09:00:00,33.1,2,9,4,56063.99,51641.962,6614.8228333333245,2192.794833333326
2019-02-22 10:00:00,34.0,2,10,4,56148.846,51453.667,6940.210633333329,2245.031633333332
2019-02-22 11:00:00,36.0,2,11,4,56052.463,50934.055,7377.80283333332,2259.3948333333174
2019-02-22 12:00:00,37.0,2,12,4,55623.621,50469.593,7474.112633333345,2320.0846333333466
2019-02-22 13:00:00,39.0,2,13,4,55074.539,50126.591,7480.996300000006,2533.048300000009
2019-02-22 14:00:00,39.9,2,14,4,54467.776,49701.097,7436.9533999999985,2670.274400000002
2019-02-22 15:00:00,41.0,2,15,4,53890.662,49405.083,7187.916033333335,2702.337033333337
2019-02-22 16:00:00,39.9,2,16,4,53923.951,49603.676,6958.591366666682,2638.316366666681
2019-02-22 17:00:00,39.9,2,17,4,54315.013,50492.745,6290.423400000007,2468.1554000000106
2019-02-22 18:00:00,39.0,2,18,4,55387.158,52283.704,5592.537099999994,2489.083099999989
2019-02-22 19:00:00,37.9,2,19,4,55116.526,52442.624,5039.184266666671,2365.282266666676
2019-02-22 20:00:00,37.0,2,20,4,53890.942,51995.414,4364.311266666664,2468.783266666658
2019-02-22 21:00:00,34.0,2,21,4,51926.401,50995.678,3618.5671999999904,2687.8441999999923
2019-02-22 22:00:00,35.1,2,22,4,49502.558,49329.051,2984.9046666666763,2811.3976666666786
2019-02-22 23:00:00,35.1,2,23,4,46857.006,47204.91,2289.681799999984,2637.585799999986
2019-02-23 00:00:00,35.1,2,0,5,45057.235,45709.789,1852.5253333333385,2505.079333333335
2019-02-23 01:00:00,35.1,2,1,5,44093.663,44822.598,1755.8943999999974,2484.829399999995
2019-02-23 02:00:00,36.0,2,2,5,43609.343,44488.164,1701.5397000000012,2580.360699999997
2019-02-23 03:00:00,36.0,2,3,5,43621.746,44357.531,1741.2990999999963,2477.0841
2019-02-23 04:00:00,36.0,2,4,5,44445.008,44882.853,1996.6483000000007,2434.493300000002
2019-02-23 05:00:00,37.0,2,5,5,46688.61,45841.968,2682.610299999993,1835.9682999999927
2019-02-23 06:00:00,37.0,2,6,5,50385.946,47476.527,3689.548066666677,780.1290666666755
2019-02-23 07:00:00,37.0,2,7,5,52802.901,49346.914,3979.840533333329,523.8535333333275
2019-02-23 08:00:00,37.0,2,8,5,52852.152,50552.424,3445.3899999999994,1145.6619999999966
2019-02-23 09:00:00,37.9,2,9,5,52116.444,51585.245,2667.2768333333297,2136.077833333329
2019-02-23 10:00:00,39.9,2,10,5,51377.682,51762.566,2169.046633333332,2553.9306333333298
2019-02-23 11:00:00,43.0,2,11,5,50393.122,51047.801,1718.46183333332,2373.140833333317
2019-02-23 12:00:00,44.1,2,12,5,49574.087,50059.335,1424.5786333333454,1909.826633333345
2019-02-23 13:00:00,45.0,2,13,5,48876.882,48973.241,1283.339300000007,1379.698300000011
2019-02-23 14:00:00,46.0,2,14,5,48166.208,48001.194,1135.3853999999992,970.3714000000036
2019-02-23 15:00:00,46.9,2,15,5,47722.86,47587.699,1020.1140333333389,884.9530333333387
2019-02-23 16:00:00,48.0,2,16,5,48158.515,47728.404,1193.1553666666805,763.0443666666833
2019-02-23 17:00:00,48.0,2,17,5,49186.961,48844.634,1162.371400000011,820.0444000000061
2019-02-23 18:00:00,46.9,2,18,5,51349.8,50984.692,1555.179099999994,1190.0710999999935
2019-02-23 19:00:00,48.0,2,19,5,51968.813,51615.002,1891.4712666666744,1537.6602666666731
2019-02-23 20:00:00,48.9,2,20,5,51504.424,51193.668,1977.79326666666,1667.037266666659
2019-02-23 21:00:00,50.0,2,21,5,50170.336,50429.753,1862.502199999996,2121.9191999999894
2019-02-23 22:00:00,51.1,2,22,5,48056.087,49128.619,1538.4336666666786,2610.965666666678
2019-02-23 23:00:00,53.1,2,23,5,45914.769,47483.689,1347.444799999983,2916.364799999981
2019-02-24 00:00:00,53.1,2,0,6,44092.673,46138.928,887.9633333333404,2934.218333333338
2019-02-24 01:00:00,53.1,2,1,6,43407.023,45415.867,1069.254399999998,3078.098399999996
2019-02-24 02:00:00,55.0,2,2,6,43130.759,44904.02,1222.9556999999986,2996.216699999997
2019-02-24 03:00:00,55.9,2,3,6,43109.591,44444.739,1229.1440999999977,2564.2920999999988
2019-02-24 04:00:00,55.0,2,4,6,44070.065,44766.36,1621.7053000000014,2318.0003
2019-02-24 05:00:00,55.9,2,5,6,46241.597,45292.701,2235.597299999994,1286.7012999999934
2019-02-24 06:00:00,55.9,2,6,6,50094.838,46373.971,3398.440066666677,0.0
2019-02-24 07:00:00,55.0,2,7,6,52636.988,47588.485,3813.927533333328,0.0
2019-02-24 08:00:00,54.0,2,8,6,53066.963,48477.288,3660.201000000001,0.0
2019-02-24 09:00:00,53.1,2,9,6,52710.7,49259.412,3261.532833333324,0.0
2019-02-24 10:00:00,44.1,2,10,6,52196.942,49641.963,2988.3066333333336,433.32763333333423
2019-02-24 11:00:00,41.0,2,11,6,51479.168,49678.474,2804.507833333315,1003.813833333319
2019-02-24 12:00:00,39.0,2,12,6,50794.918,49653.548,2645.409633333344,1504.0396333333483
2019-02-24 13:00:00,37.9,2,13,6,50043.632,49401.364,2450.089300000007,1807.8213000000103
2019-02-24 14:00:00,37.9,2,14,6,49520.747,49091.802,2489.9244000000035,2060.979400000004
2019-02-24 15:00:00,37.9,2,15,6,48898.931,49066.83,2196.185033333335,2364.08403333334
2019-02-24 16:00:00,37.9,2,16,6,48998.269,49690.042,2032.9093666666813,2724.6823666666824
2019-02-24 17:00:00,39.9,2,17,6,49453.199,50684.216,1428.6094000000085,2659.6264000000083
2019-02-24 18:00:00,39.0,2,18,6,51123.895,51894.284,1329.2740999999878,2099.6630999999907
2019-02-24 19:00:00,37.0,2,19,6,51464.54,51881.452,1387.1982666666736,1804.1102666666704
2019-02-24 20:00:00,35.1,2,20,6,50980.738,51318.41,1454.1072666666587,1791.7792666666646
2019-02-24 21:00:00,33.1,2,21,6,49798.138,49952.555,1490.3041999999914,1644.721199999993
2019-02-24 22:00:00,30.9,2,22,6,48051.392,48210.926,1533.738666666679,1693.2726666666786
2019-02-24 23:00:00,30.0,2,23,6,45843.254,46609.457,1275.9297999999835,2042.1327999999849
2019-02-25 00:00:00,28.9,2,0,0,44041.068,45228.894,836.3583333333372,2024.184333333338
2019-02-25 01:00:00,28.0,2,1,0,42884.21,44506.984,546.4413999999961,2169.2153999999937
2019-02-25 02:00:00,27.0,2,2,0,42222.815,44270.052,315.01170000000275,2362.248700000004
2019-02-25 03:00:00,27.0,2,3,0,41945.722,44445.174,65.27509999999893,2564.7270999999964
2019-02-25 04:00:00,25.0,2,4,0,42177.812,45270.273,0.0,2821.9133
2019-02-25 05:00:00,24.1,2,5,0,42916.09,47333.831,0.0,3327.8312999999907
2019-02-25 06:00:00,21.9,2,6,0,44382.201,50560.917,0.0,3864.519066666675
2019-02-25 07:00:00,21.0,2,7,0,45804.608,53127.571,0.0,4304.510533333334
2019-02-25 08:00:00,21.0,2,8,0,47037.827,54250.324,0.0,4843.561999999998
2019-02-25 09:00:00,23.0,2,9,0,48229.205,55033.077,0.0,5583.909833333324
2019-02-25 10:00:00,24.1,2,10,0,48726.428,55518.603,0.0,6309.967633333334
2019-02-25 11:00:00,27.0,2,11,0,48655.801,55223.577,0.0,6548.916833333315
2019-02-25 12:00:00,30.0,2,12,0,48185.688,54889.66,36.17963333334774,6740.151633333349
2019-02-25 13:00:00,32.0,2,13,0,47241.82,54627.494,0.0,7033.951300000008
2019-02-25 14:00:00,33.1,2,14,0,46477.792,54282.867,0.0,7252.044399999999
2019-02-25 15:00:00,34.0,2,15,0,46018.188,53925.749,0.0,7223.003033333342
2019-02-25 16:00:00,35.1,2,16,0,45942.086,54297.808,0.0,7332.448366666678
2019-02-25 17:00:00,34.0,2,17,0,46686.675,55249.738,0.0,7225.148400000005
2019-02-25 18:00:00,33.1,2,18,0,47839.511,57194.407,0.0,7399.78609999999
2019-02-25 19:00:00,30.0,2,19,0,47752.336,57652.871,0.0,7575.529266666672
2019-02-25 20:00:00,30.0,2,20,0,46981.283,56823.265,0.0,7296.634266666661
2019-02-25 21:00:00,30.0,2,21,0,45919.778,55306.217,0.0,6998.383199999989
2019-02-25 22:00:00,28.0,2,22,0,44240.505,53066.905,0.0,6549.251666666678
2019-02-25 23:00:00,30.0,2,23,0,42184.828,50918.835,0.0,6351.510799999982
2019-02-26 00:00:00,30.0,2,0,1,40411.522,49340.558,0.0,6135.848333333335
2019-02-26 01:00:00,28.9,2,1,1,39212.516,48467.009,0.0,6129.240399999995
2019-02-26 02:00:00,28.9,2,2,1,38310.566,48295.712,0.0,6387.9087
2019-02-26 03:00:00,28.9,2,3,1,37988.447,48628.534,0.0,6748.087099999997
2019-02-26 04:00:00,28.0,2,4,1,37770.259,49540.466,0.0,7092.1063
2019-02-26 05:00:00,27.0,2,5,1,38355.352,52077.7,0.0,8071.700299999989
2019-02-26 06:00:00,26.1,2,6,1,39627.867,55977.702,0.0,9281.304066666671
2019-02-26 07:00:00,25.0,2,7,1,40785.983,58611.32,0.0,9788.25953333333
2019-02-26 08:00:00,27.0,2,8,1,42159.376,58234.98,0.0,8828.218
2019-02-26 09:00:00,28.9,2,9,1,43618.878,56947.193,0.0,7498.025833333326
2019-02-26 10:00:00,30.9,2,10,1,44577.998,55807.619,0.0,6598.98363333333
2019-02-26 11:00:00,33.1,2,11,1,44954.567,54263.713,0.0,5589.05283333332
2019-02-26 12:00:00,35.1,2,12,1,45545.568,53202.012,0.0,5052.503633333348
2019-02-26 13:00:00,36.0,2,13,1,45368.081,52541.841,0.0,4948.2983000000095
2019-02-26 14:00:00,39.0,2,14,1,44967.203,51981.315,0.0,4950.492400000003
2019-02-26 15:00:00,39.0,2,15,1,44868.443,51762.788,0.0,5060.042033333339
2019-02-26 16:00:00,39.0,2,16,1,45315.041,52182.834,0.0,5217.474366666684
2019-02-26 17:00:00,39.0,2,17,1,46569.06,53508.274,0.0,5483.684400000006
2019-02-26 18:00:00,36.0,2,18,1,49271.155,55761.774,0.0,5967.153099999989
2019-02-26 19:00:00,33.1,2,19,1,51048.351,56078.421,971.0092666666752,6001.079266666675
2019-02-26 20:00:00,32.0,2,20,1,50913.55,55553.383,1386.919266666664,6026.752266666663
2019-02-26 21:00:00,28.9,2,21,1,50103.602,54098.611,1795.768199999991,5790.7771999999895
2019-02-26 22:00:00,28.0,2,22,1,48763.131,51788.129,2245.4776666666803,5270.47566666668
2019-02-26 23:00:00,27.0,2,23,1,47336.299,49488.487,2768.9747999999818,4921.162799999984
2019-02-27 00:00:00,28.0,2,0,2,46208.759,47886.874,3004.049333333336,4682.164333333341
2019-02-27 01:00:00,28.0,2,1,2,46078.124,47108.709,3740.3554,4770.9404
2019-02-27 02:00:00,28.0,2,2,2,46079.232,46743.262,4171.428700000004,4835.458700000003
2019-02-27 03:00:00,28.0,2,3,2,46598.725,46787.163,4718.278099999996,4906.716099999998
2019-02-27 04:00:00,26.1,2,4,2,47848.942,47586.321,5400.582300000002,5137.961300000003
2019-02-27 05:00:00,26.1,2,5,2,50461.483,49494.741,6455.483299999993,5488.741299999994
2019-02-27 06:00:00,26.1,2,6,2,54450.816,52516.81,7754.418066666672,5820.412066666671
2019-02-27 07:00:00,25.0,2,7,2,57108.123,55066.309,8285.06253333333,6243.248533333332
2019-02-27 08:00:00,27.0,2,8,2,56938.119,56007.851,7531.356999999996,6601.089
2019-02-27 09:00:00,30.0,2,9,2,56196.35,56063.99,6747.182833333325,6614.8228333333245
2019-02-27 10:00:00,32.0,2,10,2,55753.736,56148.846,6545.100633333328,6940.210633333329
2019-02-27 11:00:00,36.0,2,11,2,54830.037,56052.463,6155.376833333314,7377.80283333332
2019-02-27 12:00:00,43.0,2,12,2,54080.263,55623.621,5930.754633333345,7474.112633333345
2019-02-27 13:00:00,45.0,2,13,2,53146.301,55074.539,5552.758300000009,7480.996300000006
2019-02-27 14:00:00,46.9,2,14,2,52071.139,54467.776,5040.316400000003,7436.9533999999985
2019-02-27 15:00:00,48.0,2,15,2,51334.021,53890.662,4631.275033333339,7187.916033333335
2019-02-27 16:00:00,51.1,2,16,2,51154.29,53923.951,4188.930366666682,6958.591366666682
2019-02-27 17:00:00,50.0,2,17,2,52210.28,54315.013,4185.690400000007,6290.423400000007
2019-02-27 18:00:00,46.0,2,18,2,54811.83,55387.158,5017.209099999993,5592.537099999994
2019-02-27 19:00:00,42.1,2,19,2,56163.33,55116.526,6085.9882666666745,5039.184266666671
2019-02-27 20:00:00,39.0,2,20,2,55720.808,53890.942,6194.177266666658,4364.311266666664
2019-02-27 21:00:00,37.0,2,21,2,54320.985,51926.401,6013.151199999993,3618.5671999999904
2019-02-27 22:00:00,36.0,2,22,2,52160.066,49502.558,5642.412666666678,2984.9046666666763
2019-02-27 23:00:00,33.1,2,23,2,49887.32,46857.006,5319.995799999982,2289.681799999984
2019-02-28 00:00:00,30.9,2,0,3,48319.138,45057.235,5114.428333333337,1852.5253333333385
2019-02-28 01:00:00,30.0,2,1,3,47584.809,44093.663,5247.040399999998,1755.8943999999974
2019-02-28 02:00:00,28.9,2,2,3,47273.951,43609.343,5366.147700000001,1701.5397000000012
2019-02-28 03:00:00,28.9,2,3,3,47398.153,43621.746,5517.706099999996,1741.2990999999963
2019-02-28 04:00:00,28.9,2,4,3,48430.359,44445.008,5981.999299999996,1996.6483000000007
2019-02-28 05:00:00,28.9,2,5,3,50763.458,46688.61,6757.458299999991,2682.610299999993
2019-02-28 06:00:00,28.0,2,6,3,54778.287,50385.946,8081.88906666667,3689.548066666677
2019-02-28 07:00:00,28.0,2,7,3,57029.902,52802.901,8206.841533333332,3979.840533333329
2019-02-28 08:00:00,27.0,2,8,3,56693.726,52852.152,7286.964,3445.3899999999994
2019-02-28 09:00:00,28.0,2,9,3,55668.868,52116.444,6219.700833333329,2667.2768333333297
2019-02-28 10:00:00,30.0,2,10,3,54633.319,51377.682,5424.683633333334,2169.046633333332
2019-02-28 11:00:00,32.0,2,11,3,53632.995,50393.122,4958.33483333332,1718.46183333332
2019-02-28 12:00:00,33.1,2,12,3,52689.105,49574.087,4539.596633333349,1424.5786333333454
2019-02-28 13:00:00,34.0,2,13,3,52055.295,48876.882,4461.752300000007,1283.339300000007
2019-02-28 14:00:00,35.1,2,14,3,51406.418,48166.208,4375.595399999998,1135.3853999999992
2019-02-28 15:00:00,35.1,2,15,3,50713.681,47722.86,4010.935033333335,1020.1140333333389
2019-02-28 16:00:00,36.0,2,16,3,50766.052,48158.515,3800.692366666685,1193.1553666666805
2019-02-28 17:00:00,36.0,2,17,3,51770.965,49186.961,3746.375400000005,1162.371400000011
2019-02-28 18:00:00,35.1,2,18,3,54058.889,51349.8,4264.268099999994,1555.179099999994
2019-02-28 19:00:00,34.0,2,19,3,55211.955,51968.813,5134.6132666666745,1891.4712666666744
2019-02-28 20:00:00,28.0,2,20,3,54971.103,51504.424,5444.472266666664,1977.79326666666
2019-02-28 21:00:00,28.0,2,21,3,53701.009,50170.336,5393.175199999991,1862.502199999996
2019-02-28 22:00:00,28.0,2,22,3,51507.021,48056.087,4989.36766666668,1538.4336666666786
2019-02-28 23:00:00,28.0,2,23,3,49385.567,45914.769,4818.242799999985,1347.444799999983
2019-03-01 00:00:00,28.9,3,0,4,47733.373,44092.673,4528.6633333333375,887.9633333333404
2019-03-01 01:00:00,28.0,3,1,4,46965.515,43407.023,4627.746399999996,1069.254399999998
2019-03-01 02:00:00,28.0,3,2,4,46706.837,43130.759,4799.0337,1222.9556999999986
2019-03-01 03:00:00,28.0,3,3,4,46910.058,43109.591,5029.611099999995,1229.1440999999977
2019-03-01 04:00:00,28.0,3,4,4,47764.424,44070.065,5316.064299999998,1621.7053000000014
2019-03-01 05:00:00,28.9,3,5,4,49961.605,46241.597,5955.605299999996,2235.597299999994
2019-03-01 06:00:00,28.0,3,6,4,53742.15,50094.838,7045.752066666675,3398.440066666677
2019-03-01 07:00:00,28.0,3,7,4,56011.69,52636.988,7188.629533333333,3813.927533333328
2019-03-01 08:00:00,27.0,3,8,4,55618.859,53066.963,6212.096999999994,3660.201000000001
2019-03-01 09:00:00,28.9,3,9,4,54718.631,52710.7,5269.463833333328,3261.532833333324
2019-03-01 10:00:00,30.9,3,10,4,53661.781,52196.942,4453.1456333333335,2988.3066333333336
2019-03-01 11:00:00,33.1,3,11,4,52634.642,51479.168,3959.981833333317,2804.507833333315
2019-03-01 12:00:00,36.0,3,12,4,51786.412,50794.918,3636.9036333333424,2645.409633333344
2019-03-01 13:00:00,37.9,3,13,4,50966.313,50043.632,3372.770300000011,2450.089300000007
2019-03-01 14:00:00,39.0,3,14,4,49965.131,49520.747,2934.3084000000017,2489.9244000000035
2019-03-01 15:00:00,41.0,3,15,4,49343.21,48898.931,2640.4640333333373,2196.185033333335
2019-03-01 16:00:00,42.1,3,16,4,49542.004,48998.269,2576.644366666682,2032.9093666666813
2019-03-01 17:00:00,42.1,3,17,4,50486.782,49453.199,2462.192400000007,1428.6094000000085
2019-03-01 18:00:00,41.0,3,18,4,52241.225,51123.895,2446.6040999999896,1329.2740999999878
2019-03-01 19:00:00,39.9,3,19,4,52901.854,51464.54,2824.512266666672,1387.1982666666736
2019-03-01 20:00:00,39.0,3,20,4,52327.84,50980.738,2801.2092666666576,1454.1072666666587
2019-03-01 21:00:00,37.9,3,21,4,51107.531,49798.138,2799.697199999995,1490.3041999999914
2019-03-01 22:00:00,34.0,3,22,4,49115.291,48051.392,2597.6376666666765,1533.738666666679
2019-03-01 23:00:00,34.0,3,23,4,46785.096,45843.254,2217.7717999999804,1275.9297999999835
2019-03-02 00:00:00,33.1,3,0,5,45348.89,44041.068,2144.1803333333373,836.3583333333372
2019-03-02 01:00:00,30.9,3,1,5,44570.969,42884.21,2233.2003999999943,546.4413999999961
2019-03-02 02:00:00,28.9,3,2,5,44341.089,42222.815,2433.2857000000004,315.01170000000275
2019-03-02 03:00:00,27.0,3,3,5,44479.31,41945.722,2598.863099999995,65.27509999999893
2019-03-02 04:00:00,27.0,3,4,5,45353.387,42177.812,2905.0273000000016,0.0
2019-03-02 05:00:00,25.0,3,5,5,47705.942,42916.09,3699.942299999995,0.0
2019-03-02 06:00:00,25.0,3,6,5,51678.131,44382.201,4981.733066666675,0.0
2019-03-02 07:00:00,27.0,3,7,5,54091.646,45804.608,5268.585533333331,0.0
2019-03-02 08:00:00,28.9,3,8,5,54314.952,47037.827,4908.189999999995,0.0
2019-03-02 09:00:00,30.0,3,9,5,53830.144,48229.205,4380.976833333327,0.0
2019-03-02 10:00:00,32.0,3,10,5,53359.979,48726.428,4151.34363333333,0.0
2019-03-02 11:00:00,34.0,3,11,5,52527.702,48655.801,3853.0418333333146,0.0
2019-03-02 12:00:00,37.0,3,12,5,51697.692,48185.688,3548.183633333349,36.17963333334774
2019-03-02 13:00:00,39.0,3,13,5,51193.913,47241.82,3600.3703000000096,0.0
2019-03-02 14:00:00,39.0,3,14,5,50679.202,46477.792,3648.379399999998,0.0
2019-03-02 15:00:00,39.9,3,15,5,50422.779,46018.188,3720.033033333341,0.0
2019-03-02 16:00:00,39.9,3,16,5,50853.555,45942.086,3888.195366666682,0.0
2019-03-02 17:00:00,39.0,3,17,5,51869.375,46686.675,3844.785400000008,0.0
2019-03-02 18:00:00,37.9,3,18,5,53567.084,47839.511,3772.4630999999936,0.0
2019-03-02 19:00:00,37.0,3,19,5,54433.616,47752.336,4356.2742666666745,0.0
2019-03-02 20:00:00,36.0,3,20,5,54297.474,46981.283,4770.843266666663,0.0
2019-03-02 21:00:00,35.1,3,21,5,52981.355,45919.778,4673.521199999996,0.0
2019-03-02 22:00:00,34.0,3,22,5,50755.677,44240.505,4238.023666666682,0.0
2019-03-02 23:00:00,34.0,3,23,5,48222.304,42184.828,3654.979799999979,0.0
2019-03-03 00:00:00,34.0,3,0,6,46654.785,40411.522,8050.822666666674,0.0
2019-03-03 01:00:00,33.1,3,1,6,45691.874,39212.516,7996.856066666674,0.0
2019-03-03 02:00:00,33.1,3,2,6,45202.593,38310.566,8011.342133333332,0.0
2019-03-03 03:00:00,32.0,3,3,6,45151.131,37988.447,7985.688099999999,0.0
2019-03-03 04:00:00,32.0,3,4,6,45929.658,37770.259,8392.72116666667,0.0
2019-03-03 05:00:00,32.0,3,5,6,47867.112,38355.352,9124.9467,0.0
2019-03-03 06:00:00,32.0,3,6,6,51584.531,39627.867,10704.820499999994,0.0
2019-03-03 07:00:00,30.9,3,7,6,53649.98,40785.983,10708.168633333336,0.0
2019-03-03 08:00:00,30.9,3,8,6,53972.739,42159.376,10122.126766666668,0.0
2019-03-03 09:00:00,32.0,3,9,6,54113.986,43618.878,9808.042433333336,0.0
2019-03-03 10:00:00,32.0,3,10,6,53504.323,44577.998,9088.348133333318,0.0
2019-03-03 11:00:00,33.1,3,11,6,52898.487,44954.567,8677.682866666648,0.0
2019-03-03 12:00:00,30.9,3,12,6,52112.932,45545.568,8218.046366666647,0.0
2019-03-03 13:00:00,30.9,3,13,6,51537.618,45368.081,8107.012233333335,0.0
2019-03-03 14:00:00,30.0,3,14,6,50862.31,44967.203,8063.946833333328,0.0
2019-03-03 15:00:00,30.9,3,15,6,50309.995,44868.443,8040.338933333332,0.0
2019-03-03 16:00:00,28.9,3,16,6,50277.394,45315.041,8176.144633333337,0.0
2019-03-03 17:00:00,28.9,3,17,6,50575.25,46569.06,8258.6489,0.0
2019-03-03 18:00:00,28.9,3,18,6,51851.083,49271.155,9257.149533333322,0.0
2019-03-03 19:00:00,28.0,3,19,6,52322.893,51048.351,8965.547799999993,971.0092666666752
2019-03-03 20:00:00,27.0,3,20,6,51722.129,50913.55,7370.827166666662,1386.919266666664
2019-03-03 21:00:00,27.0,3,21,6,50554.331,50103.602,7100.580366666662,1795.768199999991
2019-03-03 22:00:00,26.1,3,22,6,48761.457,48763.131,6957.183233333337,2245.4776666666803
2019-03-03 23:00:00,27.0,3,23,6,46662.696,47336.299,6700.352266666676,2768.9747999999818
2019-03-04 00:00:00,26.1,3,0,0,44813.104,46208.759,6209.14166666667,3004.049333333336
2019-03-04 01:00:00,25.0,3,1,0,43877.04,46078.124,6182.022066666672,3740.3554
2019-03-04 02:00:00,23.0,3,2,0,43437.47,46079.232,6246.219133333332,4171.428700000004
2019-03-04 03:00:00,21.0,3,3,0,43160.832,46598.725,5995.3891,4718.278099999996
2019-03-04 04:00:00,19.9,3,4,0,43166.057,47848.942,5629.120166666668,5400.582300000002
2019-03-04 05:00:00,18.0,3,5,0,43990.105,50461.483,5247.939700000003,6455.483299999993
2019-03-04 06:00:00,14.0,3,6,0,45498.924,54450.816,4619.213499999991,7754.418066666672
2019-03-04 07:00:00,12.9,3,7,0,46890.077,57108.123,3948.265633333329,8285.06253333333
2019-03-04 08:00:00,12.9,3,8,0,48142.616,56938.119,4292.0037666666685,7531.356999999996
2019-03-04 09:00:00,14.0,3,9,0,49053.641,56196.35,4747.697433333342,6747.182833333325
2019-03-04 10:00:00,16.0,3,10,0,49262.841,55753.736,4846.866133333322,6545.100633333328
2019-03-04 11:00:00,18.0,3,11,0,48702.001,54830.037,4481.196866666644,6155.376833333314
2019-03-04 12:00:00,18.0,3,12,0,47846.851,54080.263,3951.965366666649,5930.754633333345
2019-03-04 13:00:00,19.0,3,13,0,46830.616,53146.301,3400.0102333333343,5552.758300000009
2019-03-04 14:00:00,19.9,3,14,0,45931.458,52071.139,3133.094833333329,5040.316400000003
2019-03-04 15:00:00,19.9,3,15,0,45623.603,51334.021,3353.9469333333327,4631.275033333339
2019-03-04 16:00:00,19.9,3,16,0,45971.1,51154.29,3869.8506333333353,4188.930366666682
2019-03-04 17:00:00,19.0,3,17,0,46651.547,52210.28,4334.945899999999,4185.690400000007
2019-03-04 18:00:00,17.1,3,18,0,48096.578,54811.83,5502.644533333325,5017.209099999993
2019-03-04 19:00:00,15.1,3,19,0,48741.902,56163.33,5384.556799999999,6085.9882666666745
2019-03-04 20:00:00,15.1,3,20,0,48370.669,55720.808,4019.3671666666633,6194.177266666658
2019-03-04 21:00:00,12.0,3,21,0,47319.53,54320.985,3865.779366666662,6013.151199999993
2019-03-04 22:00:00,10.9,3,22,0,45981.345,52160.066,4177.071233333336,5642.412666666678
2019-03-04 23:00:00,10.0,3,23,0,44321.994,49887.32,4359.650266666671,5319.995799999982
2019-03-05 00:00:00,8.1,3,0,1,42926.951,48319.138,4322.988666666672,5114.428333333337
2019-03-05 01:00:00,8.1,3,1,1,41892.242,47584.809,4197.224066666669,5247.040399999998
2019-03-05 02:00:00,8.1,3,2,1,41536.217,47273.951,4344.966133333328,5366.147700000001
2019-03-05 03:00:00,8.1,3,3,1,41291.531,47398.153,4126.088100000001,5517.706099999996
2019-03-05 04:00:00,8.1,3,4,1,41545.637,48430.359,4008.700166666669,5981.999299999996
2019-03-05 05:00:00,8.1,3,5,1,42281.835,50763.458,3539.6696999999986,6757.458299999991
2019-03-05 06:00:00,8.1,3,6,1,43448.42,54778.287,2568.70949999999,8081.88906666667
2019-03-05 07:00:00,8.1,3,7,1,44553.798,57029.902,1611.986633333334,8206.841533333332
2019-03-05 08:00:00,9.0,3,8,1,46074.372,56693.726,2223.7597666666697,7286.964
2019-03-05 09:00:00,12.0,3,9,1,47339.61,55668.868,3033.6664333333392,6219.700833333329
2019-03-05 10:00:00,14.0,3,10,1,48080.717,54633.319,3664.742133333319,5424.683633333334
2019-03-05 11:00:00,14.0,3,11,1,48379.963,53632.995,4159.15886666665,4958.33483333332
2019-03-05 12:00:00,16.0,3,12,1,48833.384,52689.105,4938.498366666645,4539.596633333349
2019-03-05 13:00:00,19.0,3,13,1,49243.444,52055.295,5812.838233333336,4461.752300000007
2019-03-05 14:00:00,19.0,3,14,1,49281.007,51406.418,6482.643833333328,4375.595399999998
2019-03-05 15:00:00,19.0,3,15,1,49405.327,50713.681,7135.670933333327,4010.935033333335
2019-03-05 16:00:00,18.0,3,16,1,50174.273,50766.052,8073.023633333338,3800.692366666685
2019-03-05 17:00:00,19.0,3,17,1,51137.68,51770.965,8821.0789,3746.375400000005
2019-03-05 18:00:00,18.0,3,18,1,52769.693,54058.889,10175.759533333325,4264.268099999994
2019-03-05 19:00:00,16.0,3,19,1,54076.66,55211.955,10719.3148,5134.6132666666745
2019-03-05 20:00:00,15.1,3,20,1,53774.277,54971.103,9422.975166666663,5444.472266666664
2019-03-05 21:00:00,15.1,3,21,1,52624.607,53701.009,9170.856366666669,5393.175199999991
2019-03-05 22:00:00,15.1,3,22,1,50859.746,51507.021,9055.472233333334,4989.36766666668
2019-03-05 23:00:00,15.1,3,23,1,49376.421,49385.567,9414.077266666674,4818.242799999985
2019-03-06 00:00:00,14.0,3,0,2,48320.724,47733.373,9716.761666666673,4528.6633333333375
2019-03-06 01:00:00,14.0,3,1,2,48040.814,46965.515,10345.79606666667,4627.746399999996
2019-03-06 02:00:00,12.9,3,2,2,48007.385,46706.837,10816.134133333331,4799.0337
2019-03-06 03:00:00,15.1,3,3,2,48550.794,46910.058,11385.3511,5029.611099999995
2019-03-06 04:00:00,14.0,3,4,2,49863.341,47764.424,12326.404166666667,5316.064299999998
2019-03-06 05:00:00,12.9,3,5,2,52395.354,49961.605,13653.1887,5955.605299999996
2019-03-06 06:00:00,12.0,3,6,2,56433.151,53742.15,15553.44049999999,7045.752066666675
2019-03-06 07:00:00,12.0,3,7,2,58939.99,56011.69,15998.17863333333,7188.629533333333
2019-03-06 08:00:00,12.0,3,8,2,59593.711,55618.859,15743.09876666667,6212.096999999994
2019-03-06 09:00:00,14.0,3,9,2,59274.277,54718.631,14968.33343333334,5269.463833333328
2019-03-06 10:00:00,16.0,3,10,2,58834.553,53661.781,14418.578133333322,4453.1456333333335
2019-03-06 11:00:00,18.0,3,11,2,58382.913,52634.642,14162.108866666647,3959.981833333317
2019-03-06 12:00:00,18.0,3,12,2,57804.685,51786.412,13909.799366666644,3636.9036333333424
2019-03-06 13:00:00,19.0,3,13,2,57453.077,50966.313,14022.47123333333,3372.770300000011
2019-03-06 14:00:00,19.9,3,14,2,56726.567,49965.131,13928.203833333331,2934.3084000000017
2019-03-06 15:00:00,21.0,3,15,2,56192.41,49343.21,13922.753933333332,2640.4640333333373
2019-03-06 16:00:00,21.9,3,16,2,56409.552,49542.004,14308.30263333334,2576.644366666682
2019-03-06 17:00:00,23.0,3,17,2,57455.08,50486.782,15138.478900000002,2462.192400000007
2019-03-06 18:00:00,23.0,3,18,2,59948.609,52241.225,17354.67553333332,2446.6040999999896
2019-03-06 19:00:00,21.9,3,19,2,61792.278,52901.854,18434.932799999995,2824.512266666672
2019-03-06 20:00:00,21.0,3,20,2,61581.405,52327.84,17230.10316666666,2801.2092666666576
2019-03-06 21:00:00,21.9,3,21,2,60267.279,51107.531,16813.528366666666,2799.697199999995
2019-03-06 22:00:00,23.0,3,22,2,58172.379,49115.291,16368.105233333335,2597.6376666666765
2019-03-06 23:00:00,23.0,3,23,2,56174.631,46785.096,16212.287266666674,2217.7717999999804
2019-03-07 00:00:00,24.1,3,0,3,54855.13,45348.89,16251.167666666668,2144.1803333333373
2019-03-07 01:00:00,24.1,3,1,3,54367.319,44570.969,16672.301066666674,2233.2003999999943
2019-03-07 02:00:00,23.0,3,2,3,53974.682,44341.089,16783.43113333333,2433.2857000000004
2019-03-07 03:00:00,21.9,3,3,3,54177.7,44479.31,17012.257099999995,2598.863099999995
2019-03-07 04:00:00,21.9,3,4,3,55100.261,45353.387,17563.324166666665,2905.0273000000016
2019-03-07 05:00:00,21.9,3,5,3,57443.763,47705.942,18701.5977,3699.942299999995
2019-03-07 06:00:00,21.0,3,6,3,61257.596,51678.131,20377.88549999999,4981.733066666675
2019-03-07 07:00:00,19.0,3,7,3,63244.654,54091.646,20302.842633333334,5268.585533333331
2019-03-07 08:00:00,21.9,3,8,3,62557.581,54314.952,18706.968766666665,4908.189999999995
2019-03-07 09:00:00,25.0,3,9,3,61611.948,53830.144,17306.004433333335,4380.976833333327
2019-03-07 10:00:00,27.0,3,10,3,60808.643,53359.979,16392.668133333318,4151.34363333333
2019-03-07 11:00:00,28.9,3,11,3,59837.063,52527.702,15616.258866666649,3853.0418333333146
2019-03-07 12:00:00,30.0,3,12,3,58829.664,51697.692,14934.778366666644,3548.183633333349
2019-03-07 13:00:00,30.9,3,13,3,58007.616,51193.913,14577.010233333334,3600.3703000000096
2019-03-07 14:00:00,32.0,3,14,3,57284.791,50679.202,14486.427833333328,3648.379399999998
2019-03-07 15:00:00,32.0,3,15,3,56874.367,50422.779,14604.710933333328,3720.033033333341
2019-03-07 16:00:00,30.9,3,16,3,57270.044,50853.555,15168.794633333338,3888.195366666682
2019-03-07 17:00:00,30.9,3,17,3,58420.239,51869.375,16103.637900000002,3844.785400000008
2019-03-07 18:00:00,30.0,3,18,3,60690.441,53567.084,18096.50753333332,3772.4630999999936
2019-03-07 19:00:00,30.0,3,19,3,62296.661,54433.616,18939.3158,4356.2742666666745
2019-03-07 20:00:00,30.0,3,20,3,61955.674,54297.474,17604.37216666666,4770.843266666663
2019-03-07 21:00:00,28.9,3,21,3,60670.512,52981.355,17216.761366666666,4673.521199999996
2019-03-07 22:00:00,28.9,3,22,3,58576.862,50755.677,16772.588233333336,4238.023666666682
2019-03-07 23:00:00,28.9,3,23,3,56413.787,48222.304,16451.44326666667,3654.979799999979
2019-03-08 00:00:00,28.0,3,0,4,54976.376,46654.785,16372.413666666667,8050.822666666674
2019-03-08 01:00:00,26.1,3,1,4,54215.326,45691.874,16520.308066666672,7996.856066666674
2019-03-08 02:00:00,26.1,3,2,4,53924.821,45202.593,16733.570133333335,8011.342133333332
2019-03-08 03:00:00,27.0,3,3,4,54159.625,45151.131,16994.182099999998,7985.688099999999
2019-03-08 04:00:00,26.1,3,4,4,55160.601,45929.658,17623.66416666667,8392.72116666667
2019-03-08 05:00:00,27.0,3,5,4,57485.889,47867.112,18743.7237,9124.9467
2019-03-08 06:00:00,28.0,3,6,4,60984.245,51584.531,20104.534499999994,10704.820499999994
2019-03-08 07:00:00,28.0,3,7,4,62627.344,53649.98,19685.53263333333,10708.168633333336
2019-03-08 08:00:00,28.9,3,8,4,62206.115,53972.739,18355.502766666665,10122.126766666668
2019-03-08 09:00:00,30.0,3,9,4,61408.902,54113.986,17102.95843333334,9808.042433333336
2019-03-08 10:00:00,30.9,3,10,4,60468.746,53504.323,16052.77113333332,9088.348133333318
2019-03-08 11:00:00,33.1,3,11,4,59577.241,52898.487,15356.436866666649,8677.682866666648
2019-03-08 12:00:00,34.0,3,12,4,58417.443,52112.932,14522.557366666646,8218.046366666647
2019-03-08 13:00:00,35.1,3,13,4,57462.85,51537.618,14032.244233333333,8107.012233333335
2019-03-08 14:00:00,37.0,3,14,4,56685.289,50862.31,13886.925833333327,8063.946833333328
2019-03-08 15:00:00,37.9,3,15,4,55600.148,50309.995,13330.491933333333,8040.338933333332
2019-03-08 16:00:00,37.9,3,16,4,55627.17,50277.394,13525.920633333337,8176.144633333337
2019-03-08 17:00:00,41.0,3,17,4,56308.557,50575.25,13991.9559,8258.6489
2019-03-08 18:00:00,39.0,3,18,4,58525.028,51851.083,15931.094533333322,9257.149533333322
2019-03-08 19:00:00,36.0,3,19,4,60031.066,52322.893,16673.720799999996,8965.547799999993
2019-03-08 20:00:00,33.1,3,20,4,59569.245,51722.129,15217.943166666664,7370.827166666662
2019-03-08 21:00:00,30.9,3,21,4,58362.144,50554.331,14908.393366666663,7100.580366666662
2019-03-08 22:00:00,28.9,3,22,4,56108.021,48761.457,14303.747233333335,6957.183233333337
2019-03-08 23:00:00,28.0,3,23,4,53851.169,46662.696,13888.825266666674,6700.352266666676
2019-03-09 00:00:00,26.1,3,0,5,52120.615,44813.104,13516.652666666669,6209.14166666667
2019-03-09 01:00:00,24.1,3,1,5,51330.758,43877.04,13635.740066666673,6182.022066666672
2019-03-09 02:00:00,25.0,3,2,5,50764.444,43437.47,13573.193133333334,6246.219133333332
2019-03-09 03:00:00,23.0,3,3,5,51101.415,43160.832,13935.9721,5995.3891
2019-03-09 04:00:00,25.0,3,4,5,51911.392,43166.057,14374.455166666668,5629.120166666668
2019-03-09 05:00:00,30.0,3,5,5,54111.181,43990.105,15369.015699999996,5247.939700000003
2019-03-09 06:00:00,30.0,3,6,5,57781.21,45498.924,16901.49949999999,4619.213499999991
2019-03-09 07:00:00,30.9,3,7,5,59535.714,46890.077,16593.90263333333,3948.265633333329
2019-03-09 08:00:00,30.9,3,8,5,58953.991,48142.616,15103.378766666669,4292.0037666666685
2019-03-09 09:00:00,32.0,3,9,5,57954.812,49053.641,13648.868433333337,4747.697433333342
2019-03-09 10:00:00,33.1,3,10,5,57043.824,49262.841,12627.849133333322,4846.866133333322
2019-03-09 11:00:00,36.0,3,11,5,55933.339,48702.001,11712.534866666649,4481.196866666644
2019-03-09 12:00:00,39.9,3,12,5,54915.122,47846.851,11020.23636666665,3951.965366666649
2019-03-09 13:00:00,42.1,3,13,5,54013.826,46830.616,10583.220233333332,3400.0102333333343
2019-03-09 14:00:00,45.0,3,14,5,53343.529,45931.458,10545.165833333333,3133.094833333329
2019-03-09 15:00:00,48.0,3,15,5,52992.517,45623.603,10722.86093333333,3353.9469333333327
2019-03-09 16:00:00,48.9,3,16,5,53215.628,45971.1,11114.378633333334,3869.8506333333353
2019-03-09 17:00:00,48.9,3,17,5,53933.328,46651.547,11616.7269,4334.945899999999
2019-03-09 18:00:00,46.9,3,18,5,55681.751,48096.578,13087.81753333332,5502.644533333325
2019-03-09 19:00:00,46.9,3,19,5,56656.949,48741.902,13299.603799999995,5384.556799999999
2019-03-09 20:00:00,48.0,3,20,5,56285.028,48370.669,11933.72616666666,4019.3671666666633
2019-03-09 21:00:00,48.0,3,21,5,54957.082,47319.53,11503.331366666664,3865.779366666662
2019-03-09 22:00:00,48.9,3,22,5,52757.051,45981.345,10952.777233333334,4177.071233333336
2019-03-09 23:00:00,48.9,3,23,5,50436.192,44321.994,10473.848266666677,4359.650266666671
2019-03-10 00:00:00,52.0,3,0,6,50100.466,42926.951,11496.503666666673,4322.988666666672
2019-03-10 01:00:00,53.1,3,1,6,49429.912,41892.242,11734.894066666668,4197.224066666669
2019-03-10 03:00:00,54.0,3,3,6,48879.875,41536.217,11688.624133333333,4344.966133333328
2019-03-10 04:00:00,57.9,3,4,6,49105.426,41291.531,11939.983099999998,4126.088100000001
2019-03-10 05:00:00,55.9,3,5,6,50058.836,41545.637,12521.89916666667,4008.700166666669
2019-03-10 06:00:00,53.1,3,6,6,51923.859,42281.835,13181.693699999996,3539.6696999999986
2019-03-10 07:00:00,52.0,3,7,6,55156.272,43448.42,14276.561499999989,2568.70949999999
2019-03-10 08:00:00,48.9,3,8,6,57154.576,44553.798,14212.764633333332,1611.986633333334
2019-03-10 09:00:00,44.1,3,9,6,57582.38,46074.372,13731.767766666664,2223.7597666666697
2019-03-10 10:00:00,44.1,3,10,6,57012.45,47339.61,12706.506433333336,3033.6664333333392
2019-03-10 11:00:00,44.1,3,11,6,56693.137,48080.717,12277.162133333324,3664.742133333319
2019-03-10 12:00:00,45.0,3,12,6,56121.464,48379.963,11900.659866666649,4159.15886666665
2019-03-10 13:00:00,45.0,3,13,6,55517.098,48833.384,11622.212366666645,4938.498366666645
2019-03-10 14:00:00,46.0,3,14,6,54789.75,49243.444,11359.144233333333,5812.838233333336
2019-03-10 15:00:00,46.9,3,15,6,54015.156,49281.007,11216.792833333331,6482.643833333328
2019-03-10 16:00:00,46.9,3,16,6,53264.27,49405.327,10994.613933333329,7135.670933333327
2019-03-10 17:00:00,46.0,3,17,6,53062.114,50174.273,10960.864633333338,8073.023633333338
2019-03-10 18:00:00,45.0,3,18,6,53270.824,51137.68,10954.2229,8821.0789
2019-03-10 19:00:00,44.1,3,19,6,54470.289,52769.693,11876.35553333332,10175.759533333325
2019-03-10 20:00:00,42.1,3,20,6,55176.261,54076.66,11818.915799999995,10719.3148
2019-03-10 21:00:00,41.0,3,21,6,54226.315,53774.277,9875.013166666664,9422.975166666663
2019-03-10 22:00:00,39.9,3,22,6,53344.654,52624.607,9890.903366666666,9170.856366666669
2019-03-10 23:00:00,39.0,3,23,6,51423.429,50859.746,9619.155233333331,9055.472233333334
2019-03-11 00:00:00,37.9,3,0,0,49509.875,49376.421,9547.531266666672,9414.077266666674
2019-03-11 01:00:00,37.9,3,1,0,46104.357,48320.724,7500.394666666674,9716.761666666673
2019-03-11 02:00:00,37.0,3,2,0,44954.273,48040.814,7259.255066666672,10345.79606666667
2019-03-11 03:00:00,37.0,3,3,0,44486.192,48007.385,7294.941133333334,10816.134133333331
2019-03-11 04:00:00,36.0,3,4,0,44336.938,48550.794,7171.4951,11385.3511
2019-03-11 05:00:00,37.0,3,5,0,44605.835,49863.341,7068.898166666666,12326.404166666667
2019-03-11 06:00:00,35.1,3,6,0,45385.776,52395.354,6643.610699999997,13653.1887
2019-03-11 07:00:00,34.0,3,7,0,46789.87,56433.151,5910.159499999994,15553.44049999999
2019-03-11 08:00:00,34.0,3,8,0,47972.871,58939.99,5031.059633333331,15998.17863333333
2019-03-11 09:00:00,35.1,3,9,0,48875.849,59593.711,5025.236766666669,15743.09876666667
2019-03-11 10:00:00,37.0,3,10,0,49331.552,59274.277,5025.608433333342,14968.33343333334
2019-03-11 11:00:00,41.0,3,11,0,49081.242,58834.553,4665.26713333332,14418.578133333322
2019-03-11 12:00:00,42.1,3,12,0,48128.615,58382.913,3907.810866666645,14162.108866666647
2019-03-11 13:00:00,44.1,3,13,0,47422.763,57804.685,3527.8773666666457,13909.799366666644
2019-03-11 14:00:00,46.0,3,14,0,46750.606,57453.077,3320.0002333333323,14022.47123333333
2019-03-11 15:00:00,46.0,3,15,0,46311.332,56726.567,3512.9688333333324,13928.203833333331
2019-03-11 16:00:00,45.0,3,16,0,46389.148,56192.41,4119.491933333331,13922.753933333332
2019-03-11 17:00:00,45.0,3,17,0,46834.0,56409.552,4732.750633333337,14308.30263333334
2019-03-11 18:00:00,45.0,3,18,0,47483.891,57455.08,5167.289900000003,15138.478900000002
2019-03-11 19:00:00,44.1,3,19,0,48555.013,59948.609,5961.079533333323,17354.67553333332
2019-03-11 20:00:00,39.9,3,20,0,48583.529,61792.278,5226.183799999999,18434.932799999995
2019-03-11 21:00:00,37.9,3,21,0,47751.795,61581.405,3400.49316666666,17230.10316666666
2019-03-11 22:00:00,36.0,3,22,0,46319.144,60267.279,2865.3933666666635,16813.528366666666
2019-03-11 23:00:00,36.0,3,23,0,44428.322,58172.379,2624.048233333335,16368.105233333335
2019-03-12 00:00:00,35.1,3,0,1,42200.716,56174.631,2238.3722666666727,16212.287266666674
2019-03-12 01:00:00,33.1,3,1,1,40535.371,54855.13,1931.40866666667,16251.167666666668
2019-03-12 02:00:00,32.0,3,2,1,39538.147,54367.319,1843.129066666668,16672.301066666674
2019-03-12 03:00:00,30.0,3,3,1,38998.13,53974.682,1832.687099999996,16783.43113333333
2019-03-12 04:00:00,28.9,3,4,1,38817.923,54177.7,1280.9861666666693,17012.257099999995
2019-03-12 05:00:00,28.9,3,5,1,39000.754,55100.261,258.58870000000024,17563.324166666665
2019-03-12 06:00:00,28.0,3,6,1,39700.984,57443.763,0.0,18701.5977
2019-03-12 07:00:00,27.0,3,7,1,40984.548,61257.596,0.0,20377.88549999999
2019-03-12 08:00:00,27.0,3,8,1,42068.08,63244.654,0.0,20302.842633333334
2019-03-12 09:00:00,28.9,3,9,1,43117.96,62557.581,0.0,18706.968766666665
2019-03-12 10:00:00,32.0,3,10,1,43671.442,61611.948,0.0,17306.004433333335
2019-03-12 11:00:00,35.1,3,11,1,44045.068,60808.643,0.0,16392.668133333318
2019-03-12 12:00:00,37.9,3,12,1,44011.557,59837.063,116.67136666664736,15616.258866666649
2019-03-12 13:00:00,39.0,3,13,1,43587.19,58829.664,156.58423333333485,14934.778366666644
2019-03-12 14:00:00,42.1,3,14,1,43164.173,58007.616,365.8098333333328,14577.010233333334
2019-03-12 15:00:00,46.0,3,15,1,42689.709,57284.791,420.0529333333325,14486.427833333328
2019-03-12 16:00:00,46.0,3,16,1,42781.649,56874.367,680.3996333333344,14604.710933333328
2019-03-12 17:00:00,46.9,3,17,1,42913.034,57270.044,596.4328999999998,15168.794633333338
2019-03-12 18:00:00,46.0,3,18,1,43439.34,58420.239,845.4065333333201,16103.637900000002
2019-03-12 19:00:00,44.1,3,19,1,45282.847,60690.441,1925.5017999999984,18096.50753333332
2019-03-12 20:00:00,41.0,3,20,1,46957.048,62296.661,2605.746166666664,18939.3158
2019-03-12 21:00:00,42.1,3,21,1,46340.213,61955.674,2886.462366666666,17604.37216666666
2019-03-12 22:00:00,37.0,3,22,1,44843.782,60670.512,3039.508233333334,17216.761366666666
2019-03-12 23:00:00,36.0,3,23,1,42871.752,58576.862,2909.4082666666727,16772.588233333336
2019-03-13 00:00:00,35.1,3,0,2,41400.044,56413.787,2796.0816666666724,16451.44326666667
2019-03-13 01:00:00,36.0,3,1,2,40887.955,54976.376,3192.9370666666728,16372.413666666667
2019-03-13 02:00:00,35.1,3,2,2,40709.057,54215.326,3517.806133333332,16520.308066666672
2019-03-13 03:00:00,36.0,3,3,2,40697.571,53924.821,3532.1281000000017,16733.570133333335
2019-03-13 04:00:00,39.0,3,4,2,41874.108,54159.625,4337.171166666667,16994.182099999998
2019-03-13 05:00:00,37.9,3,5,2,44171.728,55160.601,5429.562700000002,17623.66416666667
2019-03-13 06:00:00,39.0,3,6,2,48340.587,57485.889,7460.876499999991,18743.7237
2019-03-13 07:00:00,39.9,3,7,2,51663.214,60984.245,8721.402633333331,20104.534499999994
2019-03-13 08:00:00,41.0,3,8,2,52206.814,62627.344,8356.201766666665,19685.53263333333
2019-03-13 09:00:00,41.0,3,9,2,51733.643,62206.115,7427.699433333335,18355.502766666665
2019-03-13 10:00:00,42.1,3,10,2,51059.475,61408.902,6643.50013333332,17102.95843333334
2019-03-13 11:00:00,44.1,3,11,2,50360.819,60468.746,6140.01486666665,16052.77113333332
2019-03-13 12:00:00,46.0,3,12,2,49415.391,59577.241,5520.50536666665,15356.436866666649
2019-03-13 13:00:00,46.9,3,13,2,48721.598,58417.443,5290.992233333331,14522.557366666646
2019-03-13 14:00:00,51.1,3,14,2,47926.073,57462.85,5127.709833333327,14032.244233333333
2019-03-13 15:00:00,55.9,3,15,2,46994.716,56685.289,4725.05993333333,13886.925833333327
2019-03-13 16:00:00,61.0,3,16,2,46539.087,55600.148,4437.837633333336,13330.491933333333
2019-03-13 17:00:00,63.0,3,17,2,46501.844,55627.17,4185.2428999999975,13525.920633333337
2019-03-13 18:00:00,64.0,3,18,2,46782.6,56308.557,4188.666533333322,13991.9559
2019-03-13 19:00:00,63.0,3,19,2,48374.39,58525.028,5017.044799999996,15931.094533333322
2019-03-13 20:00:00,60.1,3,20,2,50338.849,60031.066,5987.547166666664,16673.720799999996
2019-03-13 21:00:00,61.0,3,21,2,49640.96,59569.245,6187.209366666662,15217.943166666664
2019-03-13 22:00:00,60.1,3,22,2,47832.868,58362.144,6028.594233333337,14908.393366666663
2019-03-13 23:00:00,59.0,3,23,2,45678.572,56108.021,5716.228266666672,14303.747233333335
2019-03-14 00:00:00,57.9,3,0,3,44069.245,53851.169,5465.282666666673,13888.825266666674
2019-03-14 01:00:00,57.9,3,1,3,43483.254,52120.615,5788.236066666672,13516.652666666669
2019-03-14 02:00:00,57.0,3,2,3,43276.491,51330.758,6085.240133333333,13635.740066666673
2019-03-14 03:00:00,55.9,3,3,3,43654.985,50764.444,6489.542099999999,13573.193133333334
2019-03-14 04:00:00,57.0,3,4,3,44601.464,51101.415,7064.527166666667,13935.9721
2019-03-14 05:00:00,57.9,3,5,3,47129.397,51911.392,8387.231699999997,14374.455166666668
2019-03-14 06:00:00,59.0,3,6,3,51416.366,54111.181,10536.655499999992,15369.015699999996
2019-03-14 07:00:00,57.9,3,7,3,54579.483,57781.21,11637.671633333332,16901.49949999999
2019-03-14 08:00:00,54.0,3,8,3,54646.81,59535.714,10796.197766666664,16593.90263333333
2019-03-14 09:00:00,53.1,3,9,3,53393.819,58953.991,9087.875433333342,15103.378766666669
2019-03-14 10:00:00,54.0,3,10,3,52233.887,57954.812,7817.912133333324,13648.868433333337
2019-03-14 11:00:00,55.9,3,11,3,50801.662,57043.824,6580.857866666644,12627.849133333322
2019-03-14 12:00:00,59.0,3,12,3,49615.803,55933.339,5720.917366666647,11712.534866666649
2019-03-14 13:00:00,64.0,3,13,3,48638.687,54915.122,5208.081233333331,11020.23636666665
2019-03-14 14:00:00,70.0,3,14,3,47542.863,54013.826,4744.499833333328,10583.220233333332
2019-03-14 15:00:00,73.9,3,15,3,46519.364,53343.529,4249.707933333331,10545.165833333333
2019-03-14 16:00:00,73.9,3,16,3,45834.86,52992.517,3733.610633333337,10722.86093333333
2019-03-14 17:00:00,73.9,3,17,3,45840.321,53215.628,3523.719900000004,11114.378633333334
2019-03-14 18:00:00,73.0,3,18,3,46437.218,53933.328,3843.284533333325,11616.7269
2019-03-14 19:00:00,64.9,3,19,3,48207.731,55681.751,4850.385799999996,13087.81753333332
2019-03-14 20:00:00,63.0,3,20,3,50183.685,56656.949,5832.383166666659,13299.603799999995
2019-03-14 21:00:00,63.0,3,21,3,49372.666,56285.028,5918.915366666661,11933.72616666666
2019-03-14 22:00:00,61.0,3,22,3,47729.751,54957.082,5925.477233333331,11503.331366666664
2019-03-14 23:00:00,63.0,3,23,3,45569.735,52757.051,5607.391266666673,10952.777233333334
2019-03-15 00:00:00,62.1,3,0,4,44056.159,50436.192,5452.19666666667,10473.848266666677
2019-03-15 01:00:00,52.0,3,1,4,43299.676,50100.466,5604.658066666671,11496.503666666673
2019-03-15 02:00:00,48.0,3,2,4,42940.913,49429.912,5749.662133333331,11734.894066666668
2019-03-15 03:00:00,50.0,3,3,4,43063.747,48879.875,5898.304100000001,11688.624133333333
2019-03-15 04:00:00,48.0,3,4,4,43966.456,49105.426,6429.519166666665,11939.983099999998
2019-03-15 05:00:00,46.9,3,5,4,45909.934,50058.836,7167.7687000000005,12521.89916666667
2019-03-15 06:00:00,46.0,3,6,4,49696.046,51923.859,8816.335499999994,13181.693699999996
2019-03-15 07:00:00,45.0,3,7,4,52450.222,55156.272,9508.410633333331,14276.561499999989
2019-03-15 08:00:00,44.1,3,8,4,52572.555,57154.576,8721.942766666667,14212.764633333332
2019-03-15 09:00:00,45.0,3,9,4,51852.809,57582.38,7546.86543333334,13731.767766666664
2019-03-15 10:00:00,45.0,3,10,4,51219.048,57012.45,6803.073133333324,12706.506433333336
2019-03-15 11:00:00,45.0,3,11,4,50312.599,56693.137,6091.794866666649,12277.162133333324
2019-03-15 12:00:00,46.0,3,12,4,49204.739,56121.464,5309.853366666648,11900.659866666649
2019-03-15 13:00:00,46.0,3,13,4,48175.069,55517.098,4744.463233333336,11622.212366666645
2019-03-15 14:00:00,45.0,3,14,4,46835.341,54789.75,4036.97783333333,11359.144233333333
2019-03-15 15:00:00,44.1,3,15,4,45936.891,54015.156,3667.234933333333,11216.792833333331
2019-03-15 16:00:00,44.1,3,16,4,45433.191,53264.27,3331.941633333336,10994.613933333329
2019-03-15 17:00:00,43.0,3,17,4,45349.618,53062.114,3033.0169000000024,10960.864633333338
2019-03-15 18:00:00,41.0,3,18,4,45504.664,53270.824,2910.7305333333206,10954.2229
2019-03-15 19:00:00,41.0,3,19,4,46379.492,54470.289,3022.146799999995,11876.35553333332
2019-03-15 20:00:00,39.0,3,20,4,47429.305,55176.261,3078.003166666662,11818.915799999995
2019-03-15 21:00:00,37.9,3,21,4,46263.179,54226.315,2809.42836666666,9875.013166666664
2019-03-15 22:00:00,37.0,3,22,4,43912.545,53344.654,2108.271233333333,9890.903366666666
2019-03-15 23:00:00,36.0,3,23,4,41455.483,51423.429,1493.1392666666725,9619.155233333331
2019-03-16 00:00:00,36.0,3,0,5,39773.775,49509.875,1169.8126666666722,9547.531266666672
2019-03-16 01:00:00,36.0,3,1,5,38731.752,46104.357,1036.7340666666714,7500.394666666674
2019-03-16 02:00:00,35.1,3,2,5,38251.665,44954.273,1060.4141333333318,7259.255066666672
2019-03-16 03:00:00,35.1,3,3,5,38167.729,44486.192,1002.2860999999976,7294.941133333334
2019-03-16 04:00:00,34.0,3,4,5,38747.264,44336.938,1210.3271666666697,7171.4951
2019-03-16 05:00:00,34.0,3,5,5,40734.998,44605.835,1992.832699999999,7068.898166666666
2019-03-16 06:00:00,33.1,3,6,5,44343.865,45385.776,3464.1544999999896,6643.610699999997
2019-03-16 07:00:00,32.0,3,7,5,47236.344,46789.87,4294.532633333329,5910.159499999994
2019-03-16 08:00:00,32.0,3,8,5,47539.761,47972.871,3689.148766666665,5031.059633333331
2019-03-16 09:00:00,33.1,3,9,5,47300.756,48875.849,2994.81243333334,5025.236766666669
2019-03-16 10:00:00,34.0,3,10,5,47221.88,49331.552,2805.905133333319,5025.608433333342
2019-03-16 11:00:00,37.0,3,11,5,46725.361,49081.242,2504.556866666644,4665.26713333332
2019-03-16 12:00:00,37.9,3,12,5,46248.659,48128.615,2353.7733666666463,3907.810866666645
2019-03-16 13:00:00,37.9,3,13,5,45704.951,47422.763,2274.345233333333,3527.8773666666457
2019-03-16 14:00:00,39.0,3,14,5,45335.881,46750.606,2537.5178333333315,3320.0002333333323
2019-03-16 15:00:00,39.0,3,15,5,44736.235,46311.332,2466.5789333333305,3512.9688333333324
2019-03-16 16:00:00,39.9,3,16,5,44109.8,46389.148,2008.55063333334,4119.491933333331
2019-03-16 17:00:00,41.0,3,17,5,43960.565,46834.0,1643.9639000000025,4732.750633333337
2019-03-16 18:00:00,39.9,3,18,5,44412.47,47483.891,1818.5365333333248,5167.289900000003
2019-03-16 19:00:00,37.9,3,19,5,45390.576,48555.013,2033.230799999997,5961.079533333323
2019-03-16 20:00:00,36.0,3,20,5,46222.795,48583.529,1871.49316666666,5226.183799999999
2019-03-16 21:00:00,34.0,3,21,5,44868.92,47751.795,1415.1693666666615,3400.49316666666
2019-03-16 22:00:00,34.0,3,22,5,42598.918,46319.144,794.6442333333325,2865.3933666666635
2019-03-16 23:00:00,33.1,3,23,5,40120.592,44428.322,158.24826666666922,2624.048233333335
2019-03-17 00:00:00,32.0,3,0,6,38345.761,42200.716,0.0,2238.3722666666727
2019-03-17 01:00:00,30.9,3,1,6,36965.77,40535.371,0.0,1931.40866666667
2019-03-17 02:00:00,30.9,3,2,6,36335.817,39538.147,0.0,1843.129066666668
2019-03-17 03:00:00,28.0,3,3,6,36351.319,38998.13,0.0,1832.687099999996
2019-03-17 04:00:00,27.0,3,4,6,37012.336,38817.923,0.0,1280.9861666666693
2019-03-17 05:00:00,27.0,3,5,6,38993.058,39000.754,250.8926999999967,258.58870000000024
2019-03-17 06:00:00,25.0,3,6,6,42753.083,39700.984,1873.3724999999904,0.0
2019-03-17 07:00:00,25.0,3,7,6,45948.373,40984.548,3006.561633333331,0.0
2019-03-17 08:00:00,24.1,3,8,6,46821.788,42068.08,2971.175766666667,0.0
2019-03-17 09:00:00,28.0,3,9,6,47372.013,43117.96,3066.0694333333377,0.0
2019-03-17 10:00:00,32.0,3,10,6,47834.62,43671.442,3418.6451333333243,0.0
2019-03-17 11:00:00,34.0,3,11,6,47918.918,44045.068,3698.1138666666448,0.0
2019-03-17 12:00:00,37.0,3,12,6,47818.08,44011.557,3923.194366666648,116.67136666664736
2019-03-17 13:00:00,39.0,3,13,6,47666.605,43587.19,4235.999233333336,156.58423333333485
2019-03-17 14:00:00,41.0,3,14,6,47428.774,43164.173,4630.410833333328,365.8098333333328
2019-03-17 15:00:00,39.9,3,15,6,46903.997,42689.709,4634.340933333333,420.0529333333325
2019-03-17 16:00:00,37.0,3,16,6,46733.535,42781.649,4632.28563333334,680.3996333333344
2019-03-17 17:00:00,36.0,3,17,6,46540.669,42913.034,4224.067900000002,596.4328999999998
2019-03-17 18:00:00,36.0,3,18,6,46550.707,43439.34,3956.7735333333258,845.4065333333201
2019-03-17 19:00:00,35.1,3,19,6,46956.929,45282.847,3599.583799999993,1925.5017999999984
2019-03-17 20:00:00,35.1,3,20,6,47835.487,46957.048,3484.1851666666626,2605.746166666664
2019-03-17 21:00:00,33.1,3,21,6,46957.347,46340.213,3503.596366666665,2886.462366666666
2019-03-17 22:00:00,33.1,3,22,6,45313.938,44843.782,3509.6642333333366,3039.508233333334
2019-03-17 23:00:00,33.1,3,23,6,43147.755,42871.752,3185.4112666666697,2909.4082666666727
2019-03-18 00:00:00,33.1,3,0,0,41360.566,41400.044,2756.6036666666696,2796.0816666666724
2019-03-18 01:00:00,34.0,3,1,0,40493.966,40887.955,2798.948066666672,3192.9370666666728
2019-03-18 02:00:00,33.1,3,2,0,40015.015,40709.057,2823.7641333333304,3517.806133333332
2019-03-18 03:00:00,32.0,3,3,0,39932.324,40697.571,2766.8810999999987,3532.1281000000017
2019-03-18 04:00:00,32.0,3,4,0,40296.584,41874.108,2759.6471666666694,4337.171166666667
2019-03-18 05:00:00,30.9,3,5,0,41307.364,44171.728,2565.198700000001,5429.562700000002
2019-03-18 06:00:00,30.9,3,6,0,42943.883,48340.587,2064.1724999999933,7460.876499999991
2019-03-18 07:00:00,32.0,3,7,0,45092.83,51663.214,2151.018633333333,8721.402633333331
2019-03-18 08:00:00,30.9,3,8,0,46275.708,52206.814,2425.095766666665,8356.201766666665
2019-03-18 09:00:00,32.0,3,9,0,46746.301,51733.643,2440.357433333338,7427.699433333335
2019-03-18 10:00:00,32.0,3,10,0,46606.103,51059.475,2190.1281333333245,6643.50013333332
2019-03-18 11:00:00,30.9,3,11,0,46063.037,50360.819,1842.2328666666435,6140.01486666665
2019-03-18 12:00:00,35.1,3,12,0,45114.584,49415.391,1219.6983666666492,5520.50536666665
2019-03-18 13:00:00,37.9,3,13,0,44101.795,48721.598,671.1892333333308,5290.992233333331
2019-03-18 14:00:00,39.9,3,14,0,43040.387,47926.073,242.0238333333328,5127.709833333327
2019-03-18 15:00:00,39.9,3,15,0,42351.171,46994.716,81.51493333333201,4725.05993333333
2019-03-18 16:00:00,41.0,3,16,0,42001.849,46539.087,0.0,4437.837633333336
2019-03-18 17:00:00,43.0,3,17,0,42039.31,46501.844,0.0,4185.2428999999975
2019-03-18 18:00:00,43.0,3,18,0,42344.809,46782.6,0.0,4188.666533333322
2019-03-18 19:00:00,39.9,3,19,0,43655.645,48374.39,298.2997999999934,5017.044799999996
2019-03-18 20:00:00,39.0,3,20,0,45597.937,50338.849,1246.6351666666596,5987.547166666664
2019-03-18 21:00:00,37.9,3,21,0,45357.703,49640.96,1903.9523666666648,6187.209366666662
2019-03-18 22:00:00,36.0,3,22,0,44492.752,47832.868,2688.478233333335,6028.594233333337
2019-03-18 23:00:00,34.0,3,23,0,43043.393,45678.572,3081.0492666666687,5716.228266666672
2019-03-19 00:00:00,32.0,3,0,1,41906.315,44069.245,3302.352666666673,5465.282666666673
2019-03-19 01:00:00,34.0,3,1,1,41248.104,43483.254,3553.0860666666704,5788.236066666672
2019-03-19 02:00:00,32.0,3,2,1,40993.139,43276.491,3801.888133333334,6085.240133333333
2019-03-19 03:00:00,30.0,3,3,1,41053.552,43654.985,3888.1091000000015,6489.542099999999
2019-03-19 04:00:00,30.0,3,4,1,41420.729,44601.464,3883.792166666666,7064.527166666667
2019-03-19 05:00:00,28.9,3,5,1,42195.805,47129.397,3453.6397,8387.231699999997
2019-03-19 06:00:00,28.9,3,6,1,43630.628,51416.366,2750.9174999999886,10536.655499999992
2019-03-19 07:00:00,28.0,3,7,1,45297.09,54579.483,2355.278633333328,11637.671633333332
2019-03-19 08:00:00,28.0,3,8,1,46048.967,54646.81,2198.354766666664,10796.197766666664
2019-03-19 09:00:00,30.9,3,9,1,45769.535,53393.819,1463.591433333342,9087.875433333342
2019-03-19 10:00:00,34.0,3,10,1,44901.824,52233.887,485.84913333332224,7817.912133333324
2019-03-19 11:00:00,37.0,3,11,1,44060.477,50801.662,0.0,6580.857866666644
2019-03-19 12:00:00,41.0,3,12,1,43314.749,49615.803,0.0,5720.917366666647
2019-03-19 13:00:00,43.0,3,13,1,42478.492,48638.687,0.0,5208.081233333331
2019-03-19 14:00:00,44.1,3,14,1,41711.377,47542.863,0.0,4744.499833333328
2019-03-19 15:00:00,45.0,3,15,1,41243.666,46519.364,0.0,4249.707933333331
2019-03-19 16:00:00,45.0,3,16,1,41374.043,45834.86,0.0,3733.610633333337
2019-03-19 17:00:00,48.0,3,17,1,41721.123,45840.321,0.0,3523.719900000004
2019-03-19 18:00:00,48.0,3,18,1,42669.992,46437.218,76.05853333332198,3843.284533333325
2019-03-19 19:00:00,46.9,3,19,1,44466.632,48207.731,1109.2867999999944,4850.385799999996
2019-03-19 20:00:00,46.0,3,20,1,46707.774,50183.685,2356.472166666659,5832.383166666659
2019-03-19 21:00:00,43.0,3,21,1,46051.3,49372.666,2597.549366666666,5918.915366666661
2019-03-19 22:00:00,37.9,3,22,1,44703.066,47729.751,2898.7922333333336,5925.477233333331
2019-03-19 23:00:00,36.0,3,23,1,42969.357,45569.735,3007.013266666676,5607.391266666673
2019-03-20 00:00:00,34.0,3,0,2,41970.22,44056.159,3366.257666666672,5452.19666666667
2019-03-20 01:00:00,32.0,3,1,2,41490.753,43299.676,3795.735066666668,5604.658066666671
2019-03-20 02:00:00,30.9,3,2,2,41617.26,42940.913,4426.009133333333,5749.662133333331
2019-03-20 03:00:00,28.9,3,3,2,41962.508,43063.747,4797.0651,5898.304100000001
2019-03-20 04:00:00,28.0,3,4,2,43051.96,43966.456,5515.023166666666,6429.519166666665
2019-03-20 05:00:00,28.9,3,5,2,45690.047,45909.934,6947.881699999998,7167.7687000000005
2019-03-20 06:00:00,28.9,3,6,2,49820.52,49696.046,8940.809499999988,8816.335499999994
2019-03-20 07:00:00,28.9,3,7,2,52906.727,52450.222,9964.91563333333,9508.410633333331
2019-03-20 08:00:00,30.9,3,8,2,53265.236,52572.555,9414.623766666664,8721.942766666667
2019-03-20 09:00:00,35.1,3,9,2,52318.431,51852.809,8012.487433333335,7546.86543333334
2019-03-20 10:00:00,41.0,3,10,2,51334.431,51219.048,6918.456133333319,6803.073133333324
2019-03-20 11:00:00,44.1,3,11,2,50428.661,50312.599,6207.856866666647,6091.794866666649
2019-03-20 12:00:00,46.0,3,12,2,49633.583,49204.739,5738.697366666645,5309.853366666648
2019-03-20 13:00:00,48.0,3,13,2,48789.308,48175.069,5358.70223333333,4744.463233333336
2019-03-20 14:00:00,51.1,3,14,2,48106.402,46835.341,5308.038833333332,4036.97783333333
2019-03-20 15:00:00,53.1,3,15,2,47321.111,45936.891,5051.454933333327,3667.234933333333
2019-03-20 16:00:00,53.1,3,16,2,47107.689,45433.191,5006.439633333335,3331.941633333336
2019-03-20 17:00:00,53.1,3,17,2,47199.131,45349.618,4882.529900000001,3033.0169000000024
2019-03-20 18:00:00,53.1,3,18,2,47570.817,45504.664,4976.883533333326,2910.7305333333206
2019-03-20 19:00:00,53.1,3,19,2,48818.624,46379.492,5461.2788,3022.146799999995
2019-03-20 20:00:00,52.0,3,20,2,50876.536,47429.305,6525.234166666662,3078.003166666662
2019-03-20 21:00:00,52.0,3,21,2,50078.756,46263.179,6625.0053666666645,2809.42836666666
2019-03-20 22:00:00,54.0,3,22,2,48318.442,43912.545,6514.168233333337,2108.271233333333
2019-03-20 23:00:00,53.1,3,23,2,46078.613,41455.483,6116.26926666667,1493.1392666666725
2019-03-21 00:00:00,54.0,3,0,3,44702.192,39773.775,6098.229666666673,1169.8126666666722
2019-03-21 01:00:00,46.9,3,1,3,44031.812,38731.752,6336.794066666669,1036.7340666666714
2019-03-21 02:00:00,46.0,3,2,3,43881.855,38251.665,6690.604133333334,1060.4141333333318
2019-03-21 03:00:00,46.0,3,3,3,44279.942,38167.729,7114.499100000001,1002.2860999999976
2019-03-21 04:00:00,45.0,3,4,3,45301.995,38747.264,7765.058166666669,1210.3271666666697
2019-03-21 05:00:00,45.0,3,5,3,48079.895,40734.998,9337.729699999996,1992.832699999999
2019-03-21 06:00:00,44.1,3,6,3,52387.418,44343.865,11507.70749999999,3464.1544999999896
2019-03-21 07:00:00,43.0,3,7,3,55305.602,47236.344,12363.79063333333,4294.532633333329
2019-03-21 08:00:00,43.0,3,8,3,54915.453,47539.761,11064.840766666668,3689.148766666665
2019-03-21 09:00:00,43.0,3,9,3,53119.714,47300.756,8813.770433333339,2994.81243333334
2019-03-21 10:00:00,44.1,3,10,3,51334.092,47221.88,6918.117133333319,2805.905133333319
2019-03-21 11:00:00,44.1,3,11,3,49850.505,46725.361,5629.700866666644,2504.556866666644
2019-03-21 12:00:00,45.0,3,12,3,48661.235,46248.659,4766.349366666647,2353.7733666666463
2019-03-21 13:00:00,46.0,3,13,3,47719.559,45704.951,4288.953233333334,2274.345233333333
2019-03-21 14:00:00,48.0,3,14,3,46724.021,45335.881,3925.657833333331,2537.5178333333315
2019-03-21 15:00:00,48.0,3,15,3,45902.503,44736.235,3632.846933333327,2466.5789333333305
2019-03-21 16:00:00,46.9,3,16,3,45474.779,44109.8,3373.529633333339,2008.55063333334
2019-03-21 17:00:00,48.0,3,17,3,45159.798,43960.565,2843.196900000002,1643.9639000000025
2019-03-21 18:00:00,50.0,3,18,3,45522.728,44412.47,2928.7945333333264,1818.5365333333248
2019-03-21 19:00:00,48.0,3,19,3,46935.619,45390.576,3578.2737999999954,2033.230799999997
2019-03-21 20:00:00,46.9,3,20,3,49092.929,46222.795,4741.627166666658,1871.49316666666
2019-03-21 21:00:00,46.9,3,21,3,48689.0,44868.92,5235.249366666663,1415.1693666666615
2019-03-21 22:00:00,45.0,3,22,3,46979.405,42598.918,5175.1312333333335,794.6442333333325
2019-03-21 23:00:00,44.1,3,23,3,44916.891,40120.592,4954.547266666676,158.24826666666922
2019-03-22 00:00:00,42.1,3,0,4,43613.602,38345.761,5009.63966666667,0.0
2019-03-22 01:00:00,41.0,3,1,4,43006.844,36965.77,5311.826066666668,0.0
2019-03-22 02:00:00,39.9,3,2,4,42667.91,36335.817,5476.659133333335,0.0
2019-03-22 03:00:00,37.9,3,3,4,42880.613,36351.319,5715.170099999996,0.0
2019-03-22 04:00:00,37.9,3,4,4,43770.212,37012.336,6233.275166666666,0.0
2019-03-22 05:00:00,37.9,3,5,4,46171.544,38993.058,7429.378700000001,250.8926999999967
2019-03-22 06:00:00,37.9,3,6,4,50412.587,42753.083,9532.876499999991,1873.3724999999904
2019-03-22 07:00:00,37.9,3,7,4,53133.966,45948.373,10192.154633333332,3006.561633333331
2019-03-22 08:00:00,37.9,3,8,4,53350.075,46821.788,9499.462766666664,2971.175766666667
2019-03-22 09:00:00,39.0,3,9,4,52228.5,47372.013,7922.556433333339,3066.0694333333377
2019-03-22 10:00:00,39.0,3,10,4,51033.427,47834.62,6617.452133333325,3418.6451333333243
2019-03-22 11:00:00,39.9,3,11,4,49629.229,47918.918,5408.424866666646,3698.1138666666448
2019-03-22 12:00:00,37.9,3,12,4,48583.505,47818.08,4688.619366666644,3923.194366666648
2019-03-22 13:00:00,41.0,3,13,4,47813.389,47666.605,4382.783233333335,4235.999233333336
2019-03-22 14:00:00,42.1,3,14,4,47113.417,47428.774,4315.053833333332,4630.410833333328
2019-03-22 15:00:00,42.1,3,15,4,46337.71,46903.997,4068.053933333329,4634.340933333333
2019-03-22 16:00:00,43.0,3,16,4,45969.382,46733.535,3868.132633333335,4632.28563333334
2019-03-22 17:00:00,43.0,3,17,4,46008.14,46540.669,3691.5389,4224.067900000002
2019-03-22 18:00:00,45.0,3,18,4,46396.713,46550.707,3802.779533333327,3956.7735333333258
2019-03-22 19:00:00,44.1,3,19,4,47605.717,46956.929,4248.3717999999935,3599.583799999993
2019-03-22 20:00:00,43.0,3,20,4,48511.766,47835.487,4160.464166666665,3484.1851666666626
2019-03-22 21:00:00,42.1,3,21,4,47548.681,46957.347,4094.93036666666,3503.596366666665
2019-03-22 22:00:00,41.0,3,22,4,45347.509,45313.938,3543.235233333333,3509.6642333333366
2019-03-22 23:00:00,39.0,3,23,4,43033.033,43147.755,3070.6892666666754,3185.4112666666697
2019-03-23 00:00:00,37.0,3,0,5,41320.451,41360.566,2716.488666666672,2756.6036666666696
2019-03-23 01:00:00,35.1,3,1,5,40327.423,40493.966,2632.405066666673,2798.948066666672
2019-03-23 02:00:00,33.1,3,2,5,39882.553,40015.015,2691.302133333331,2823.7641333333304
2019-03-23 03:00:00,32.0,3,3,5,39717.182,39932.324,2551.739099999999,2766.8810999999987
2019-03-23 04:00:00,30.9,3,4,5,40510.048,40296.584,2973.1111666666693,2759.6471666666694
2019-03-23 05:00:00,30.0,3,5,5,42518.634,41307.364,3776.4686999999976,2565.198700000001
2019-03-23 06:00:00,28.9,3,6,5,46437.452,42943.883,5557.741499999989,2064.1724999999933
2019-03-23 07:00:00,27.0,3,7,5,49460.344,45092.83,6518.532633333329,2151.018633333333
2019-03-23 08:00:00,26.1,3,8,5,49993.152,46275.708,6142.539766666669,2425.095766666665
2019-03-23 09:00:00,30.9,3,9,5,50157.791,46746.301,5851.847433333336,2440.357433333338
2019-03-23 10:00:00,33.1,3,10,5,50219.685,46606.103,5803.710133333319,2190.1281333333245
2019-03-23 11:00:00,36.0,3,11,5,49928.482,46063.037,5707.6778666666505,1842.2328666666435
2019-03-23 12:00:00,37.9,3,12,5,49462.607,45114.584,5567.72136666665,1219.6983666666492
2019-03-23 13:00:00,43.0,3,13,5,48926.965,44101.795,5496.359233333329,671.1892333333308
2019-03-23 14:00:00,46.0,3,14,5,48401.667,43040.387,5603.303833333332,242.0238333333328
2019-03-23 15:00:00,48.9,3,15,5,47861.703,42351.171,5592.046933333331,81.51493333333201
2019-03-23 16:00:00,50.0,3,16,5,47705.146,42001.849,5603.896633333337,0.0
2019-03-23 17:00:00,51.1,3,17,5,47831.93,42039.31,5515.3289,0.0
2019-03-23 18:00:00,53.1,3,18,5,48039.159,42344.809,5445.225533333323,0.0
2019-03-23 19:00:00,51.1,3,19,5,48675.205,43655.645,5317.859799999998,298.2997999999934
2019-03-23 20:00:00,48.9,3,20,5,49613.644,45597.937,5262.342166666662,1246.6351666666596
2019-03-23 21:00:00,46.9,3,21,5,48736.817,45357.703,5283.066366666666,1903.9523666666648
2019-03-23 22:00:00,43.0,3,22,5,46659.737,44492.752,4855.463233333336,2688.478233333335
2019-03-23 23:00:00,37.9,3,23,5,44287.404,43043.393,4325.060266666675,3081.0492666666687
2019-03-24 00:00:00,37.0,3,0,6,42473.049,41906.315,3869.0866666666698,3302.352666666673
2019-03-24 01:00:00,34.0,3,1,6,41391.094,41248.104,3696.076066666668,3553.0860666666704
2019-03-24 02:00:00,32.0,3,2,6,40925.382,40993.139,3734.1311333333288,3801.888133333334
2019-03-24 03:00:00,30.9,3,3,6,40877.948,41053.552,3712.505099999995,3888.1091000000015
2019-03-24 04:00:00,32.0,3,4,6,41632.409,41420.729,4095.4721666666665,3883.792166666666
2019-03-24 05:00:00,32.0,3,5,6,43676.741,42195.805,4934.575700000001,3453.6397
2019-03-24 06:00:00,30.9,3,6,6,47592.175,43630.628,6712.464499999995,2750.9174999999886
2019-03-24 07:00:00,35.1,3,7,6,50501.678,45297.09,7559.866633333331,2355.278633333328
2019-03-24 08:00:00,35.1,3,8,6,50930.67,46048.967,7080.057766666665,2198.354766666664
2019-03-24 09:00:00,37.9,3,9,6,50716.589,45769.535,6410.645433333339,1463.591433333342
2019-03-24 10:00:00,44.1,3,10,6,50518.351,44901.824,6102.376133333324,485.84913333332224
2019-03-24 11:00:00,48.0,3,11,6,50125.519,44060.477,5904.714866666647,0.0
2019-03-24 12:00:00,51.1,3,12,6,49508.331,43314.749,5613.445366666645,0.0
2019-03-24 13:00:00,55.9,3,13,6,48942.557,42478.492,5511.951233333333,0.0
2019-03-24 14:00:00,57.9,3,14,6,48124.489,41711.377,5326.125833333332,0.0
2019-03-24 15:00:00,60.1,3,15,6,47130.953,41243.666,4861.296933333331,0.0
2019-03-24 16:00:00,60.1,3,16,6,46497.475,41374.043,4396.225633333335,0.0
2019-03-24 17:00:00,59.0,3,17,6,46244.084,41721.123,3927.482900000002,0.0
2019-03-24 18:00:00,57.9,3,18,6,46213.411,42669.992,3619.477533333324,76.05853333332198
2019-03-24 19:00:00,55.0,3,19,6,47018.685,44466.632,3661.3397999999934,1109.2867999999944
2019-03-24 20:00:00,52.0,3,20,6,48668.696,46707.774,4317.394166666665,2356.472166666659
2019-03-24 21:00:00,46.9,3,21,6,48110.182,46051.3,4656.431366666664,2597.549366666666
2019-03-24 22:00:00,48.0,3,22,6,46637.166,44703.066,4832.892233333332,2898.7922333333336
2019-03-24 23:00:00,46.0,3,23,6,44561.183,42969.357,4598.83926666667,3007.013266666676
2019-03-25 00:00:00,46.0,3,0,0,43204.908,41970.22,4600.945666666674,3366.257666666672
2019-03-25 01:00:00,46.0,3,1,0,42246.345,41490.753,4551.327066666672,3795.735066666668
2019-03-25 02:00:00,45.0,3,2,0,41855.164,41617.26,4663.913133333328,4426.009133333333
2019-03-25 03:00:00,45.0,3,3,0,41979.585,41962.508,4814.142099999997,4797.0651
2019-03-25 04:00:00,45.0,3,4,0,42243.271,43051.96,4706.334166666667,5515.023166666666
2019-03-25 05:00:00,45.0,3,5,0,43445.452,45690.047,4703.286699999997,6947.881699999998
2019-03-25 06:00:00,45.0,3,6,0,45156.934,49820.52,4277.223499999993,8940.809499999988
2019-03-25 07:00:00,44.1,3,7,0,47106.153,52906.727,4164.34163333333,9964.91563333333
2019-03-25 08:00:00,43.0,3,8,0,47764.371,53265.236,3913.758766666666,9414.623766666664
2019-03-25 09:00:00,43.0,3,9,0,47464.029,52318.431,3158.085433333341,8012.487433333335
2019-03-25 10:00:00,42.1,3,10,0,46477.965,51334.431,2061.990133333318,6918.456133333319
2019-03-25 11:00:00,41.0,3,11,0,45399.105,50428.661,1178.30086666665,6207.856866666647
2019-03-25 12:00:00,39.0,3,12,0,44171.971,49633.583,277.0853666666444,5738.697366666645
2019-03-25 13:00:00,39.9,3,13,0,42760.911,48789.308,0.0,5358.70223333333
2019-03-25 14:00:00,41.0,3,14,0,41537.93,48106.402,0.0,5308.038833333332
2019-03-25 15:00:00,41.0,3,15,0,40457.75,47321.111,0.0,5051.454933333327
2019-03-25 16:00:00,42.1,3,16,0,39944.402,47107.689,0.0,5006.439633333335
2019-03-25 17:00:00,45.0,3,17,0,39687.299,47199.131,0.0,4882.529900000001
2019-03-25 18:00:00,48.0,3,18,0,39902.103,47570.817,0.0,4976.883533333326
2019-03-25 19:00:00,45.0,3,19,0,40954.351,48818.624,0.0,5461.2788
2019-03-25 20:00:00,39.9,3,20,0,43037.258,50876.536,0.0,6525.234166666662
2019-03-25 21:00:00,37.0,3,21,0,43186.192,50078.756,0.0,6625.0053666666645
2019-03-25 22:00:00,35.1,3,22,0,42375.525,48318.442,571.2512333333361,6514.168233333337
2019-03-25 23:00:00,33.1,3,23,0,40982.053,46078.613,1019.7092666666722,6116.26926666667
2019-03-26 00:00:00,32.0,3,0,1,39850.913,44702.192,1246.9506666666712,6098.229666666673
2019-03-26 01:00:00,30.9,3,1,1,39316.578,44031.812,1621.5600666666724,6336.794066666669
2019-03-26 02:00:00,28.9,3,2,1,39056.842,43881.855,1865.591133333328,6690.604133333334
2019-03-26 03:00:00,28.9,3,3,1,39046.912,44279.942,1881.4690999999948,7114.499100000001
2019-03-26 04:00:00,28.0,3,4,1,39374.478,45301.995,1837.5411666666696,7765.058166666669
2019-03-26 05:00:00,28.0,3,5,1,40039.847,48079.895,1297.681700000001,9337.729699999996
2019-03-26 06:00:00,26.1,3,6,1,41078.765,52387.418,199.0544999999911,11507.70749999999
2019-03-26 07:00:00,25.0,3,7,1,42454.924,55305.602,0.0,12363.79063333333
2019-03-26 08:00:00,26.1,3,8,1,43216.022,54915.453,0.0,11064.840766666668
2019-03-26 09:00:00,30.0,3,9,1,43454.595,53119.714,0.0,8813.770433333339
2019-03-26 10:00:00,33.1,3,10,1,42816.384,51334.092,0.0,6918.117133333319
2019-03-26 11:00:00,36.0,3,11,1,41993.956,49850.505,0.0,5629.700866666644
2019-03-26 12:00:00,37.9,3,12,1,41144.931,48661.235,0.0,4766.349366666647
2019-03-26 13:00:00,39.9,3,13,1,40369.282,47719.559,0.0,4288.953233333334
2019-03-26 14:00:00,41.0,3,14,1,39955.687,46724.021,0.0,3925.657833333331
2019-03-26 15:00:00,45.0,3,15,1,39635.536,45902.503,0.0,3632.846933333327
2019-03-26 16:00:00,46.9,3,16,1,39843.048,45474.779,0.0,3373.529633333339
2019-03-26 17:00:00,48.0,3,17,1,40545.572,45159.798,0.0,2843.196900000002
2019-03-26 18:00:00,48.0,3,18,1,41054.518,45522.728,0.0,2928.7945333333264
2019-03-26 19:00:00,46.9,3,19,1,42144.392,46935.619,0.0,3578.2737999999954
2019-03-26 20:00:00,43.0,3,20,1,43473.301,49092.929,0.0,4741.627166666658
2019-03-26 21:00:00,39.9,3,21,1,42649.237,48689.0,0.0,5235.249366666663
2019-03-26 22:00:00,37.9,3,22,1,41027.318,46979.405,0.0,5175.1312333333335
2019-03-26 23:00:00,35.1,3,23,1,39298.089,44916.891,0.0,4954.547266666676
2019-03-27 00:00:00,33.1,3,0,2,38140.043,43613.602,0.0,5009.63966666667
2019-03-27 01:00:00,30.9,3,1,2,37627.445,43006.844,0.0,5311.826066666668
2019-03-27 02:00:00,32.0,3,2,2,37402.642,42667.91,211.3911333333308,5476.659133333335
2019-03-27 03:00:00,30.0,3,3,2,37583.928,42880.613,418.48509999999806,5715.170099999996
2019-03-27 04:00:00,30.0,3,4,2,38687.204,43770.212,1150.2671666666647,6233.275166666666
2019-03-27 05:00:00,28.9,3,5,2,40907.89,46171.544,2165.724699999999,7429.378700000001
2019-03-27 06:00:00,28.0,3,6,2,44968.529,50412.587,4088.818499999994,9532.876499999991
2019-03-27 07:00:00,28.0,3,7,2,47775.721,53133.966,4833.909633333329,10192.154633333332
2019-03-27 08:00:00,28.9,3,8,2,48768.968,53350.075,4918.355766666668,9499.462766666664
2019-03-27 09:00:00,34.0,3,9,2,49140.947,52228.5,4835.003433333339,7922.556433333339
2019-03-27 10:00:00,39.0,3,10,2,49354.627,51033.427,4938.652133333322,6617.452133333325
2019-03-27 11:00:00,44.1,3,11,2,49282.988,49629.229,5062.1838666666445,5408.424866666646
2019-03-27 12:00:00,46.0,3,12,2,48882.991,48583.505,4988.1053666666485,4688.619366666644
2019-03-27 13:00:00,48.9,3,13,2,48502.084,47813.389,5071.478233333335,4382.783233333335
2019-03-27 14:00:00,51.1,3,14,2,47929.244,47113.417,5130.880833333329,4315.053833333332
2019-03-27 15:00:00,54.0,3,15,2,47261.507,46337.71,4991.850933333328,4068.053933333329
2019-03-27 16:00:00,54.0,3,16,2,46794.76,45969.382,4693.510633333339,3868.132633333335
2019-03-27 17:00:00,55.9,3,17,2,46718.38,46008.14,4401.7788999999975,3691.5389
2019-03-27 18:00:00,55.9,3,18,2,46900.152,46396.713,4306.2185333333255,3802.779533333327
2019-03-27 19:00:00,55.0,3,19,2,47482.121,47605.717,4124.775799999996,4248.3717999999935
2019-03-27 20:00:00,53.1,3,20,2,49355.69,48511.766,5004.388166666664,4160.464166666665
2019-03-27 21:00:00,48.9,3,21,2,48650.383,47548.681,5196.632366666665,4094.93036666666
2019-03-27 22:00:00,45.0,3,22,2,46688.379,45347.509,4884.105233333336,3543.235233333333
2019-03-27 23:00:00,43.0,3,23,2,44305.309,43033.033,4342.965266666673,3070.6892666666754
2019-03-28 00:00:00,41.0,3,0,3,42867.08,41320.451,4263.117666666672,2716.488666666672
2019-03-28 01:00:00,39.0,3,1,3,42111.752,40327.423,4416.734066666671,2632.405066666673
2019-03-28 02:00:00,37.9,3,2,3,41903.689,39882.553,4712.4381333333295,2691.302133333331
2019-03-28 03:00:00,37.9,3,3,3,42258.634,39717.182,5093.191099999996,2551.739099999999
2019-03-28 04:00:00,36.0,3,4,3,43244.572,40510.048,5707.635166666667,2973.1111666666693
2019-03-28 05:00:00,35.1,3,5,3,45690.25,42518.634,6948.084699999999,3776.4686999999976
2019-03-28 06:00:00,37.0,3,6,3,49713.554,46437.452,8833.843499999988,5557.741499999989
2019-03-28 07:00:00,39.0,3,7,3,52487.083,49460.344,9545.27163333333,6518.532633333329
2019-03-28 08:00:00,39.9,3,8,3,52367.897,49993.152,8517.284766666664,6142.539766666669
2019-03-28 09:00:00,43.0,3,9,3,51639.068,50157.791,7333.124433333338,5851.847433333336
2019-03-28 10:00:00,50.0,3,10,3,50709.434,50219.685,6293.459133333323,5803.710133333319
2019-03-28 11:00:00,50.0,3,11,3,49566.251,49928.482,5345.446866666644,5707.6778666666505
2019-03-28 12:00:00,52.0,3,12,3,48666.274,49462.607,4771.388366666644,5567.72136666665
2019-03-28 13:00:00,55.0,3,13,3,47872.491,48926.965,4441.885233333334,5496.359233333329
2019-03-28 14:00:00,59.0,3,14,3,46716.923,48401.667,3918.559833333333,5603.303833333332
2019-03-28 15:00:00,61.0,3,15,3,45478.611,47861.703,3208.954933333327,5592.046933333331
2019-03-28 16:00:00,63.0,3,16,3,44816.463,47705.146,2715.21363333334,5603.896633333337
2019-03-28 17:00:00,64.0,3,17,3,44471.654,47831.93,2155.0529000000024,5515.3289
2019-03-28 18:00:00,64.9,3,18,3,44815.101,48039.159,2221.167533333326,5445.225533333323
2019-03-28 19:00:00,64.0,3,19,3,46024.024,48675.205,2666.678799999994,5317.859799999998
2019-03-28 20:00:00,63.0,3,20,3,48589.377,49613.644,4238.075166666662,5262.342166666662
2019-03-28 21:00:00,61.0,3,21,3,48347.783,48736.817,4894.032366666666,5283.066366666666
2019-03-28 22:00:00,60.1,3,22,3,46649.939,46659.737,4845.665233333333,4855.463233333336
2019-03-28 23:00:00,60.1,3,23,3,44978.775,44287.404,5016.431266666674,4325.060266666675
2019-03-29 00:00:00,60.1,3,0,4,43714.546,42473.049,5110.583666666673,3869.0866666666698
2019-03-29 01:00:00,59.0,3,1,4,43039.326,41391.094,5344.308066666672,3696.076066666668
2019-03-29 02:00:00,57.9,3,2,4,42811.586,40925.382,5620.335133333334,3734.1311333333288
2019-03-29 03:00:00,55.0,3,3,4,43266.71,40877.948,6101.267099999997,3712.505099999995
2019-03-29 04:00:00,53.1,3,4,4,44385.314,41632.409,6848.377166666665,4095.4721666666665
2019-03-29 05:00:00,53.1,3,5,4,46903.02,43676.741,8160.854699999996,4934.575700000001
2019-03-29 06:00:00,52.0,3,6,4,50978.877,47592.175,10099.166499999992,6712.464499999995
2019-03-29 07:00:00,51.1,3,7,4,53584.463,50501.678,10642.651633333337,7559.866633333331
2019-03-29 08:00:00,51.1,3,8,4,52909.097,50930.67,9058.484766666668,7080.057766666665
2019-03-29 09:00:00,51.1,3,9,4,51309.088,50716.589,7003.144433333342,6410.645433333339
2019-03-29 10:00:00,52.0,3,10,4,49721.591,50518.351,5305.616133333322,6102.376133333324
2019-03-29 11:00:00,53.1,3,11,4,48095.188,50125.519,3874.383866666649,5904.714866666647
2019-03-29 12:00:00,54.0,3,12,4,46805.744,49508.331,2910.858366666645,5613.445366666645
2019-03-29 13:00:00,54.0,3,13,4,46052.919,48942.557,2622.313233333334,5511.951233333333
2019-03-29 14:00:00,55.9,3,14,4,45042.732,48124.489,2244.368833333334,5326.125833333332
2019-03-29 15:00:00,57.0,3,15,4,43803.215,47130.953,1533.5589333333264,4861.296933333331
2019-03-29 16:00:00,57.0,3,16,4,43426.847,46497.475,1325.5976333333383,4396.225633333335
2019-03-29 17:00:00,55.9,3,17,4,43053.711,46244.084,737.1099000000031,3927.482900000002
2019-03-29 18:00:00,57.0,3,18,4,43049.518,46213.411,455.58453333332,3619.477533333324
2019-03-29 19:00:00,57.0,3,19,4,43959.978,47018.685,602.6327999999994,3661.3397999999934
2019-03-29 20:00:00,55.9,3,20,4,46166.121,48668.696,1814.8191666666607,4317.394166666665
2019-03-29 21:00:00,55.9,3,21,4,45450.868,48110.182,1997.1173666666648,4656.431366666664
2019-03-29 22:00:00,55.0,3,22,4,43663.339,46637.166,1859.0652333333344,4832.892233333332
2019-03-29 23:00:00,54.0,3,23,4,41706.375,44561.183,1744.0312666666723,4598.83926666667
2019-03-30 00:00:00,54.0,3,0,5,40341.873,43204.908,1737.9106666666703,4600.945666666674
2019-03-30 01:00:00,54.0,3,1,5,39731.688,42246.345,2036.670066666673,4551.327066666672
2019-03-30 02:00:00,55.0,3,2,5,39550.05,41855.164,2358.799133333334,4663.913133333328
2019-03-30 03:00:00,55.0,3,3,5,39803.199,41979.585,2637.7560999999987,4814.142099999997
2019-03-30 04:00:00,54.0,3,4,5,40582.178,42243.271,3045.2411666666667,4706.334166666667
2019-03-30 05:00:00,54.0,3,5,5,43031.741,43445.452,4289.575700000001,4703.286699999997
2019-03-30 06:00:00,54.0,3,6,5,46919.686,45156.934,6039.975499999993,4277.223499999993
2019-03-30 07:00:00,55.9,3,7,5,49557.206,47106.153,6615.39463333333,4164.34163333333
2019-03-30 08:00:00,55.9,3,8,5,49528.665,47764.371,5678.052766666668,3913.758766666666
2019-03-30 09:00:00,55.0,3,9,5,48659.885,47464.029,4353.941433333341,3158.085433333341
2019-03-30 10:00:00,57.0,3,10,5,47856.231,46477.965,3440.256133333321,2061.990133333318
2019-03-30 11:00:00,55.9,3,11,5,46983.416,45399.105,2762.6118666666443,1178.30086666665
2019-03-30 12:00:00,57.9,3,12,5,46046.269,44171.971,2151.383366666647,277.0853666666444
2019-03-30 13:00:00,57.9,3,13,5,45406.801,42760.911,1976.195233333332,0.0
2019-03-30 14:00:00,57.9,3,14,5,44744.041,41537.93,1945.677833333328,0.0
2019-03-30 15:00:00,57.9,3,15,5,43990.455,40457.75,1720.7989333333317,0.0
2019-03-30 16:00:00,57.9,3,16,5,43473.936,39944.402,1372.6866333333382,0.0
2019-03-30 17:00:00,57.9,3,17,5,43151.255,39687.299,834.6538999999975,0.0
2019-03-30 18:00:00,57.9,3,18,5,43079.402,39902.103,485.4685333333255,0.0
2019-03-30 19:00:00,57.9,3,19,5,43886.772,40954.351,529.4267999999938,0.0
2019-03-30 20:00:00,46.9,3,20,5,45291.601,43037.258,940.299166666664,0.0
2019-03-30 21:00:00,45.0,3,21,5,44171.746,43186.192,717.9953666666624,0.0
2019-03-30 22:00:00,44.1,3,22,5,41902.662,42375.525,98.3882333333313,571.2512333333361
2019-03-30 23:00:00,39.0,3,23,5,39440.025,40982.053,0.0,1019.7092666666722
2019-03-31 00:00:00,37.0,3,0,6,37709.268,39850.913,0.0,1246.9506666666712
2019-03-31 01:00:00,36.0,3,1,6,36656.467,39316.578,0.0,1621.5600666666724
2019-03-31 02:00:00,36.0,3,2,6,36112.555,39056.842,0.0,1865.591133333328
2019-03-31 03:00:00,35.1,3,3,6,36003.072,39046.912,0.0,1881.4690999999948
2019-03-31 04:00:00,35.1,3,4,6,36685.281,39374.478,0.0,1837.5411666666696
2019-03-31 05:00:00,35.1,3,5,6,38435.687,40039.847,0.0,1297.681700000001
2019-03-31 06:00:00,35.1,3,6,6,41924.752,41078.765,1045.041499999992,199.0544999999911
2019-03-31 07:00:00,34.0,3,7,6,44725.36,42454.924,1783.548633333332,0.0
2019-03-31 08:00:00,33.1,3,8,6,45404.722,43216.022,1554.1097666666683,0.0
2019-03-31 09:00:00,32.0,3,9,6,45621.528,43454.595,1315.584433333337,0.0
2019-03-31 10:00:00,30.9,3,10,6,45805.819,42816.384,1389.8441333333249,0.0
2019-03-31 11:00:00,32.0,3,11,6,45442.915,41993.956,1222.1108666666478,0.0
2019-03-31 12:00:00,32.0,3,12,6,45152.96,41144.931,1258.0743666666458,0.0
2019-03-31 13:00:00,32.0,3,13,6,44839.699,40369.282,1409.093233333333,0.0
2019-03-31 14:00:00,32.0,3,14,6,44174.017,39955.687,1375.65383333333,0.0
2019-03-31 15:00:00,32.0,3,15,6,43402.99,39635.536,1133.333933333328,0.0
2019-03-31 16:00:00,30.9,3,16,6,43030.638,39843.048,929.3886333333356,0.0
2019-03-31 17:00:00,32.0,3,17,6,42729.63,40545.572,413.0288999999975,0.0
2019-03-31 18:00:00,32.0,3,18,6,42548.851,41054.518,0.0,0.0
2019-03-31 19:00:00,32.0,3,19,6,42908.086,42144.392,0.0,0.0
2019-03-31 20:00:00,30.9,3,20,6,43670.543,43473.301,0.0,0.0
2019-03-31 21:00:00,30.0,3,21,6,42933.291,42649.237,0.0,0.0
2019-03-31 22:00:00,30.9,3,22,6,41207.145,41027.318,0.0,0.0
2019-03-31 23:00:00,30.9,3,23,6,39101.284,39298.089,0.0,0.0
2019-04-01 00:00:00,30.9,4,0,0,37103.931,38140.043,0.0,0.0
2019-04-01 01:00:00,28.9,4,1,0,35963.418,37627.445,0.0,0.0
2019-04-01 02:00:00,28.0,4,2,0,35350.344,37402.642,0.0,211.3911333333308
2019-04-01 03:00:00,27.0,4,3,0,34974.546,37583.928,0.0,418.48509999999806
2019-04-01 04:00:00,25.0,4,4,0,35095.121,38687.204,0.0,1150.2671666666647
2019-04-01 05:00:00,25.0,4,5,0,35731.156,40907.89,0.0,2165.724699999999
2019-04-01 06:00:00,25.0,4,6,0,37184.387,44968.529,0.0,4088.818499999994
2019-04-01 07:00:00,25.0,4,7,0,38768.655,47775.721,0.0,4833.909633333329
2019-04-01 08:00:00,25.0,4,8,0,40140.134,48768.968,0.0,4918.355766666668
2019-04-01 09:00:00,28.9,4,9,0,41374.633,49140.947,0.0,4835.003433333339
2019-04-01 10:00:00,32.0,4,10,0,41729.539,49354.627,0.0,4938.652133333322
2019-04-01 11:00:00,34.0,4,11,0,41742.158,49282.988,0.0,5062.1838666666445
2019-04-01 12:00:00,36.0,4,12,0,41405.733,48882.991,0.0,4988.1053666666485
2019-04-01 13:00:00,37.9,4,13,0,40933.503,48502.084,0.0,5071.478233333335
2019-04-01 14:00:00,39.0,4,14,0,40386.492,47929.244,0.0,5130.880833333329
2019-04-01 15:00:00,39.9,4,15,0,40228.474,47261.507,0.0,4991.850933333328
2019-04-01 16:00:00,41.0,4,16,0,40330.535,46794.76,0.0,4693.510633333339
2019-04-01 17:00:00,42.1,4,17,0,40754.645,46718.38,0.0,4401.7788999999975
2019-04-01 18:00:00,42.1,4,18,0,40996.744,46900.152,0.0,4306.2185333333255
2019-04-01 19:00:00,42.1,4,19,0,41588.093,47482.121,0.0,4124.775799999996
2019-04-01 20:00:00,41.0,4,20,0,42425.524,49355.69,0.0,5004.388166666664
2019-04-01 21:00:00,39.0,4,21,0,42022.121,48650.383,0.0,5196.632366666665
2019-04-01 22:00:00,37.0,4,22,0,40790.357,46688.379,0.0,4884.105233333336
2019-04-01 23:00:00,35.1,4,23,0,39129.75,44305.309,0.0,4342.965266666673
2019-04-02 00:00:00,34.0,4,0,1,37836.71,42867.08,0.0,4263.117666666672
2019-04-02 01:00:00,33.1,4,1,1,36703.677,42111.752,0.0,4416.734066666671
2019-04-02 02:00:00,34.0,4,2,1,36416.883,41903.689,0.0,4712.4381333333295
2019-04-02 03:00:00,33.1,4,3,1,36466.276,42258.634,0.0,5093.191099999996
2019-04-02 04:00:00,33.1,4,4,1,36708.123,43244.572,0.0,5707.635166666667
2019-04-02 05:00:00,32.0,4,5,1,37456.783,45690.25,0.0,6948.084699999999
2019-04-02 06:00:00,33.1,4,6,1,38888.787,49713.554,0.0,8833.843499999988
2019-04-02 07:00:00,32.0,4,7,1,40411.902,52487.083,0.0,9545.27163333333
2019-04-02 08:00:00,34.0,4,8,1,41934.154,52367.897,0.0,8517.284766666664
2019-04-02 09:00:00,36.0,4,9,1,43332.756,51639.068,0.0,7333.124433333338
2019-04-02 10:00:00,39.0,4,10,1,43636.175,50709.434,0.0,6293.459133333323
2019-04-02 11:00:00,42.1,4,11,1,43982.303,49566.251,0.0,5345.446866666644
2019-04-02 12:00:00,44.1,4,12,1,44063.13,48666.274,168.24436666664403,4771.388366666644
2019-04-02 13:00:00,46.0,4,13,1,43724.785,47872.491,294.179233333336,4441.885233333334
2019-04-02 14:00:00,48.9,4,14,1,43387.94,46716.923,589.5768333333326,3918.559833333333
2019-04-02 15:00:00,51.1,4,15,1,43197.617,45478.611,927.9609333333284,3208.954933333327
2019-04-02 16:00:00,52.0,4,16,1,43176.366,44816.463,1075.1166333333383,2715.21363333334
2019-04-02 17:00:00,53.1,4,17,1,43842.212,44471.654,1525.6108999999997,2155.0529000000024
2019-04-02 18:00:00,54.0,4,18,1,44536.058,44815.101,1942.1245333333209,2221.167533333326
2019-04-02 19:00:00,54.0,4,19,1,45748.215,46024.024,2390.869799999993,2666.678799999994
2019-04-02 20:00:00,52.0,4,20,1,48084.918,48589.377,3733.6161666666594,4238.075166666662
2019-04-02 21:00:00,48.9,4,21,1,47738.287,48347.783,4284.53636666666,4894.032366666666
2019-04-02 22:00:00,46.9,4,22,1,46228.82,46649.939,4424.546233333334,4845.665233333333
2019-04-02 23:00:00,45.0,4,23,1,44659.738,44978.775,4697.39426666667,5016.431266666674
2019-04-03 00:00:00,45.0,4,0,2,43483.742,43714.546,8890.82253125,5110.583666666673
2019-04-03 01:00:00,43.0,4,1,2,43003.433,43039.326,9328.244968749996,5344.308066666672
2019-04-03 02:00:00,41.0,4,2,2,42962.014,42811.586,9788.50090625001,5620.335133333334
2019-04-03 03:00:00,39.9,4,3,2,43483.799,43266.71,10471.403656249997,6101.267099999997
2019-04-03 04:00:00,44.1,4,4,2,44659.151,44385.314,11350.527062499998,6848.377166666665
2019-04-03 05:00:00,44.1,4,5,2,47204.765,46903.02,12908.497312499996,8160.854699999996
2019-04-03 06:00:00,39.0,4,6,2,51461.83,50978.877,15564.217093750003,10099.166499999992
2019-04-03 07:00:00,39.0,4,7,2,54122.775,53584.463,16849.97434375,10642.651633333337
2019-04-03 08:00:00,39.0,4,8,2,53859.985,52909.097,15385.941562500004,9058.484766666668
2019-04-03 09:00:00,45.0,4,9,2,52826.467,51309.088,13639.759281249992,7003.144433333342
2019-04-03 10:00:00,48.9,4,10,2,51862.052,49721.591,12336.52490625,5305.616133333322
2019-04-03 11:00:00,52.0,4,11,2,50833.6,48095.188,11263.467406250003,3874.383866666649
2019-04-03 12:00:00,55.9,4,12,2,49799.494,46805.744,10331.950406249998,2910.858366666645
2019-04-03 13:00:00,57.9,4,13,2,48794.724,46052.919,9665.760281249995,2622.313233333334
2019-04-03 14:00:00,57.9,4,14,2,47467.015,45042.732,8870.178187500002,2244.368833333334
2019-04-03 15:00:00,60.1,4,15,2,46368.037,43803.215,8203.853531249995,1533.5589333333264
2019-04-03 16:00:00,60.1,4,16,2,45451.032,43426.847,7368.391374999999,1325.5976333333383
2019-04-03 17:00:00,60.1,4,17,2,45232.5,43053.711,6948.133781249999,737.1099000000031
2019-04-03 18:00:00,59.0,4,18,2,45458.084,43049.518,7108.575218750004,455.58453333332
2019-04-03 19:00:00,55.9,4,19,2,46412.187,43959.978,7964.696531249996,602.6327999999994
2019-04-03 20:00:00,54.0,4,20,2,48833.066,46166.121,9367.70028125,1814.8191666666607
2019-04-03 21:00:00,54.0,4,21,2,48691.532,45450.868,9588.837812499994,1997.1173666666648
2019-04-03 22:00:00,52.0,4,22,2,46786.072,43663.339,9186.972593749995,1859.0652333333344
2019-04-03 23:00:00,52.0,4,23,2,44776.206,41706.375,8904.673437499994,1744.0312666666723
2019-04-04 00:00:00,52.0,4,0,3,43381.178,40341.873,8788.258531250001,1737.9106666666703
2019-04-04 01:00:00,48.9,4,1,3,42610.762,39731.688,8935.573968750003,2036.670066666673
2019-04-04 02:00:00,48.0,4,2,3,42404.535,39550.05,9231.021906250013,2358.799133333334
2019-04-04 03:00:00,46.0,4,3,3,42477.094,39803.199,9464.698656249995,2637.7560999999987
2019-04-04 04:00:00,44.1,4,4,3,43341.442,40582.178,10032.818062500002,3045.2411666666667
2019-04-04 05:00:00,42.1,4,5,3,45800.866,43031.741,11504.598312499998,4289.575700000001
2019-04-04 06:00:00,43.0,4,6,3,49667.013,46919.686,13769.400093750002,6039.975499999993
2019-04-04 07:00:00,44.1,4,7,3,51958.503,49557.206,14685.702343749996,6615.39463333333
2019-04-04 08:00:00,46.0,4,8,3,52011.171,49528.665,13537.127562500003,5678.052766666668
2019-04-04 09:00:00,48.0,4,9,3,51324.305,48659.885,12137.597281249997,4353.941433333341
2019-04-04 10:00:00,52.0,4,10,3,50159.904,47856.231,10634.37690625,3440.256133333321
2019-04-04 11:00:00,53.1,4,11,3,48863.403,46983.416,9293.270406250003,2762.6118666666443
2019-04-04 12:00:00,55.0,4,12,3,47898.571,46046.269,8431.027406250003,2151.383366666647
2019-04-04 13:00:00,54.0,4,13,3,47189.881,45406.801,8060.917281249996,1976.195233333332
2019-04-04 14:00:00,55.9,4,14,3,46282.099,44744.041,7685.262187500004,1945.677833333328
2019-04-04 15:00:00,57.0,4,15,3,45635.198,43990.455,7471.014531249995,1720.7989333333317
2019-04-04 16:00:00,57.9,4,16,3,45189.817,43473.936,7107.176375000003,1372.6866333333382
2019-04-04 17:00:00,57.9,4,17,3,44793.669,43151.255,6509.30278125,834.6538999999975
2019-04-04 18:00:00,55.9,4,18,3,44925.675,43079.402,6576.166218750004,485.4685333333255
2019-04-04 19:00:00,54.0,4,19,3,45575.649,43886.772,7128.158531249996,529.4267999999938
2019-04-04 20:00:00,52.0,4,20,3,47654.341,45291.601,8188.975281250001,940.299166666664
2019-04-04 21:00:00,52.0,4,21,3,47228.634,44171.746,8125.939812499993,717.9953666666624
2019-04-04 22:00:00,52.0,4,22,3,45301.861,41902.662,7702.761593749994,98.3882333333313
2019-04-04 23:00:00,51.1,4,23,3,42981.769,39440.025,7110.236437499996,0.0
2019-04-05 00:00:00,50.0,4,0,4,41581.326,37709.268,6988.406531250002,0.0
2019-04-05 01:00:00,50.0,4,1,4,40878.485,36656.467,7203.296968750001,0.0
2019-04-05 02:00:00,48.9,4,2,4,40688.557,36112.555,7515.043906250008,0.0
2019-04-05 03:00:00,48.9,4,3,4,40890.509,36003.072,7878.113656249996,0.0
2019-04-05 04:00:00,48.0,4,4,4,41928.948,36685.281,8620.324062499996,0.0
2019-04-05 05:00:00,46.0,4,5,4,44162.123,38435.687,9865.855312499996,0.0
2019-04-05 06:00:00,46.9,4,6,4,47996.079,41924.752,12098.46609375,1045.041499999992
2019-04-05 07:00:00,46.0,4,7,4,50225.956,44725.36,12953.155343749995,1783.548633333332
2019-04-05 08:00:00,46.0,4,8,4,49842.07,45404.722,11368.026562500005,1554.1097666666683
2019-04-05 09:00:00,46.0,4,9,4,48555.698,45621.528,9368.990281249991,1315.584433333337
2019-04-05 10:00:00,48.0,4,10,4,47341.377,45805.819,7815.849906249998,1389.8441333333249
2019-04-05 11:00:00,50.0,4,11,4,46365.711,45442.915,6795.57840625001,1222.1108666666478
2019-04-05 12:00:00,51.1,4,12,4,45858.037,45152.96,6390.493406249996,1258.0743666666458
2019-04-05 13:00:00,54.0,4,13,4,45233.879,44839.699,6104.915281249996,1409.093233333333
2019-04-05 14:00:00,55.9,4,14,4,44675.617,44174.017,6078.7801875000005,1375.65383333333
2019-04-05 15:00:00,57.9,4,15,4,43804.528,43402.99,5640.344531249997,1133.333933333328
2019-04-05 16:00:00,60.1,4,16,4,43291.595,43030.638,5208.954375000001,929.3886333333356
2019-04-05 17:00:00,59.0,4,17,4,43086.729,42729.63,4802.362781249998,413.0288999999975
2019-04-05 18:00:00,57.9,4,18,4,43176.506,42548.851,4826.9972187500025,0.0
2019-04-05 19:00:00,59.0,4,19,4,43850.589,42908.086,5403.098531249998,0.0
2019-04-05 20:00:00,57.9,4,20,4,45775.4,43670.543,6310.034281250002,0.0
2019-04-05 21:00:00,57.0,4,21,4,45048.512,42933.291,5945.817812499998,0.0
2019-04-05 22:00:00,55.0,4,22,4,42741.261,41207.145,5142.161593749996,0.0
2019-04-05 23:00:00,55.0,4,23,4,40609.087,39101.284,4737.554437499995,0.0
2019-04-06 00:00:00,55.0,4,0,5,39081.773,37103.931,4488.853531250003,0.0
2019-04-06 01:00:00,54.0,4,1,5,38062.464,35963.418,4387.27596875,0.0
2019-04-06 02:00:00,53.1,4,2,5,37905.926,35350.344,4732.412906250007,0.0
2019-04-06 03:00:00,52.0,4,3,5,37816.692,34974.546,4804.2966562500005,0.0
2019-04-06 04:00:00,52.0,4,4,5,38650.651,35095.121,5342.027062499998,0.0
2019-04-06 05:00:00,51.1,4,5,5,40844.816,35731.156,6548.548312499996,0.0
2019-04-06 06:00:00,52.0,4,6,5,44845.725,37184.387,8948.112093750002,0.0
2019-04-06 07:00:00,52.0,4,7,5,47309.615,38768.655,10036.814343749997,0.0
2019-04-06 08:00:00,51.1,4,8,5,47826.331,40140.134,9352.287562500002,0.0
2019-04-06 09:00:00,54.0,4,9,5,47775.367,41374.633,8588.659281249995,0.0
2019-04-06 10:00:00,55.9,4,10,5,47262.211,41729.539,7736.68390625,0.0
2019-04-06 11:00:00,60.1,4,11,5,46578.556,41742.158,7008.423406250004,0.0
2019-04-06 12:00:00,62.1,4,12,5,46268.859,41405.733,6801.315406249996,0.0
2019-04-06 13:00:00,64.9,4,13,5,45880.041,40933.503,6751.077281249993,0.0
2019-04-06 14:00:00,69.1,4,14,5,45411.975,40386.492,6815.138187500001,0.0
2019-04-06 15:00:00,66.0,4,15,5,44744.236,40228.474,6580.052531249996,0.0
2019-04-06 16:00:00,66.0,4,16,5,44650.547,40330.535,6567.906374999999,0.0
2019-04-06 17:00:00,66.9,4,17,5,44738.329,40754.645,6453.962781249997,0.0
2019-04-06 18:00:00,66.9,4,18,5,44736.068,40996.744,6386.559218750001,0.0
2019-04-06 19:00:00,66.9,4,19,5,45261.986,41588.093,6814.495531249995,0.0
2019-04-06 20:00:00,64.0,4,20,5,46662.259,42425.524,7196.893281249999,0.0
2019-04-06 21:00:00,60.1,4,21,5,45805.728,42022.121,6703.033812499998,0.0
2019-04-06 22:00:00,57.9,4,22,5,43315.522,40790.357,5716.422593749994,0.0
2019-04-06 23:00:00,52.0,4,23,5,40915.77,39129.75,5044.237437499993,0.0
2019-04-07 00:00:00,53.1,4,0,6,39109.561,37836.71,4516.641531250003,0.0
2019-04-07 01:00:00,54.0,4,1,6,37984.047,36703.677,4308.858968749999,0.0
2019-04-07 02:00:00,57.0,4,2,6,37306.008,36416.883,4132.494906250009,0.0
2019-04-07 03:00:00,54.0,4,3,6,36976.762,36466.276,3964.36665625,0.0
2019-04-07 04:00:00,51.1,4,4,6,37682.593,36708.123,4373.9690625,0.0
2019-04-07 05:00:00,53.1,4,5,6,39644.354,37456.783,5348.086312499996,0.0
2019-04-07 06:00:00,53.1,4,6,6,43199.227,38888.787,7301.614093750002,0.0
2019-04-07 07:00:00,52.0,4,7,6,45856.559,40411.902,8583.75834375,0.0
2019-04-07 08:00:00,53.1,4,8,6,46729.901,41934.154,8255.857562500001,0.0
2019-04-07 09:00:00,57.9,4,9,6,47177.716,43332.756,7991.008281249997,0.0
2019-04-07 10:00:00,59.0,4,10,6,47323.719,43636.175,7798.191906249995,0.0
2019-04-07 11:00:00,63.0,4,11,6,47064.527,43982.303,7494.394406250009,0.0
2019-04-07 12:00:00,68.0,4,12,6,46501.612,44063.13,7034.06840625,168.24436666664403
2019-04-07 13:00:00,70.0,4,13,6,45878.651,43724.785,6749.687281249993,294.179233333336
2019-04-07 14:00:00,69.1,4,14,6,45131.707,43387.94,6534.870187500004,589.5768333333326
2019-04-07 15:00:00,68.0,4,15,6,44332.296,43197.617,6168.112531250001,927.9609333333284
2019-04-07 16:00:00,69.1,4,16,6,43880.268,43176.366,5797.627374999996,1075.1166333333383
2019-04-07 17:00:00,69.1,4,17,6,43545.55,43842.212,5261.183781250002,1525.6108999999997
2019-04-07 18:00:00,69.1,4,18,6,43275.208,44536.058,4925.69921875,1942.1245333333209
2019-04-07 19:00:00,68.0,4,19,6,43368.414,45748.215,4920.923531249995,2390.869799999993
2019-04-07 20:00:00,64.9,4,20,6,44457.952,48084.918,4992.586281249998,3733.6161666666594
2019-04-07 21:00:00,63.0,4,21,6,43527.721,47738.287,4425.026812499993,4284.53636666666
2019-04-07 22:00:00,63.0,4,22,6,41726.012,46228.82,4126.912593749999,4424.546233333334
2019-04-07 23:00:00,63.0,4,23,6,39276.566,44659.738,3405.0334374999948,4697.39426666667
2019-04-08 00:00:00,63.0,4,0,0,37374.727,43483.742,2781.8075312500005,8890.82253125
2019-04-08 01:00:00,62.1,4,1,0,36265.396,43003.433,2590.207968750001,9328.244968749996
2019-04-08 02:00:00,62.1,4,2,0,35545.045,42962.014,2371.5319062500057,9788.50090625001
2019-04-08 03:00:00,61.0,4,3,0,35253.059,43483.799,2240.663656249999,10471.403656249997
2019-04-08 04:00:00,61.0,4,4,0,35259.861,44659.151,1951.237062499997,11350.527062499998
2019-04-08 05:00:00,60.1,4,5,0,36146.955,47204.765,1850.6873124999984,12908.497312499996
2019-04-08 06:00:00,59.0,4,6,0,37436.197,51461.83,1538.5840937500034,15564.217093750003
2019-04-08 07:00:00,57.9,4,7,0,38742.414,54122.775,1469.6133437499957,16849.97434375
2019-04-08 08:00:00,57.9,4,8,0,40049.624,53859.985,1575.5805625000066,15385.941562500004
2019-04-08 09:00:00,60.1,4,9,0,40594.556,52826.467,1407.8482812499933,13639.759281249992
2019-04-08 10:00:00,62.1,4,10,0,40468.439,51862.052,942.9119062499958,12336.52490625
2019-04-08 11:00:00,63.0,4,11,0,40009.091,50833.6,438.9584062500071,11263.467406250003
2019-04-08 12:00:00,64.0,4,12,0,39299.703,49799.494,0.0,10331.950406249998
2019-04-08 13:00:00,64.9,4,13,0,38850.29,48794.724,0.0,9665.760281249995
2019-04-08 14:00:00,66.0,4,14,0,38168.347,47467.015,0.0,8870.178187500002
2019-04-08 15:00:00,66.9,4,15,0,37689.686,46368.037,0.0,8203.853531249995
2019-04-08 16:00:00,68.0,4,16,0,37770.259,45451.032,0.0,7368.391374999999
2019-04-08 17:00:00,71.1,4,17,0,37878.341,45232.5,0.0,6948.133781249999
2019-04-08 18:00:00,70.0,4,18,0,37906.593,45458.084,0.0,7108.575218750004
2019-04-08 19:00:00,70.0,4,19,0,38020.758,46412.187,0.0,7964.696531249996
2019-04-08 20:00:00,66.9,4,20,0,39520.309,48833.066,54.94328125000175,9367.70028125
2019-04-08 21:00:00,64.9,4,21,0,39120.572,48691.532,17.877812499995343,9588.837812499994
2019-04-08 22:00:00,62.1,4,22,0,37720.773,46786.072,121.67359374999796,9186.972593749995
2019-04-08 23:00:00,60.1,4,23,0,35705.858,44776.206,0.0,8904.673437499994
2019-04-09 00:00:00,59.0,4,0,1,34034.141,43381.178,0.0,8788.258531250001
2019-04-09 01:00:00,57.9,4,1,1,33023.79,42610.762,0.0,8935.573968750003
2019-04-09 02:00:00,57.0,4,2,1,32486.934,42404.535,0.0,9231.021906250013
2019-04-09 03:00:00,55.0,4,3,1,32319.109,42477.094,0.0,9464.698656249995
2019-04-09 04:00:00,54.0,4,4,1,32518.661,43341.442,0.0,10032.818062500002
2019-04-09 05:00:00,53.1,4,5,1,32972.524,45800.866,0.0,11504.598312499998
2019-04-09 06:00:00,53.1,4,6,1,34031.648,49667.013,0.0,13769.400093750002
2019-04-09 07:00:00,52.0,4,7,1,35026.87,51958.503,0.0,14685.702343749996
2019-04-09 08:00:00,53.1,4,8,1,36283.689,52011.171,0.0,13537.127562500003
2019-04-09 09:00:00,59.0,4,9,1,37400.323,51324.305,0.0,12137.597281249997
2019-04-09 10:00:00,61.0,4,10,1,37608.162,50159.904,0.0,10634.37690625
2019-04-09 11:00:00,63.0,4,11,1,37891.881,48863.403,0.0,9293.270406250003
2019-04-09 12:00:00,64.9,4,12,1,37814.171,47898.571,0.0,8431.027406250003
2019-04-09 13:00:00,66.0,4,13,1,37813.202,47189.881,0.0,8060.917281249996
2019-04-09 14:00:00,66.0,4,14,1,37637.904,46282.099,0.0,7685.262187500004
2019-04-09 15:00:00,68.0,4,15,1,37708.797,45635.198,0.0,7471.014531249995
2019-04-09 16:00:00,68.0,4,16,1,38230.191,45189.817,147.5503749999989,7107.176375000003
2019-04-09 17:00:00,66.9,4,17,1,38875.879,44793.669,591.5127812499995,6509.30278125
2019-04-09 18:00:00,66.0,4,18,1,39238.448,44925.675,888.939218749998,6576.166218750004
2019-04-09 19:00:00,64.9,4,19,1,39890.539,45575.649,1443.048531249995,7128.158531249996
2019-04-09 20:00:00,62.1,4,20,1,40915.382,47654.341,1450.0162812499984,8188.975281250001
2019-04-09 21:00:00,60.1,4,21,1,40361.218,47228.634,1258.523812499996,8125.939812499993
2019-04-09 22:00:00,57.9,4,22,1,38370.062,45301.861,770.962593749995,7702.761593749994
2019-04-09 23:00:00,55.9,4,23,1,36180.941,42981.769,309.4084374999948,7110.236437499996
2019-04-10 00:00:00,53.1,4,0,2,34396.008,41581.326,0.0,6988.406531250002
2019-04-10 01:00:00,51.1,4,1,2,33571.122,40878.485,0.0,7203.296968750001
2019-04-10 02:00:00,48.0,4,2,2,32979.365,40688.557,0.0,7515.043906250008
2019-04-10 03:00:00,46.0,4,3,2,33188.373,40890.509,175.97765624999738,7878.113656249996
2019-04-10 04:00:00,45.0,4,4,2,33808.901,41928.948,500.2770624999976,8620.324062499996
2019-04-10 05:00:00,41.0,4,5,2,36013.687,44162.123,1717.4193124999947,9865.855312499996
2019-04-10 06:00:00,41.0,4,6,2,39788.869,47996.079,3891.256093750002,12098.46609375
2019-04-10 07:00:00,44.1,4,7,2,42408.89,50225.956,5136.089343749998,12953.155343749995
2019-04-10 08:00:00,45.0,4,8,2,43311.483,49842.07,4837.439562500003,11368.026562500005
2019-04-10 09:00:00,48.0,4,9,2,43843.575,48555.698,4656.8672812499935,9368.990281249991
2019-04-10 10:00:00,51.1,4,10,2,44481.243,47341.377,4955.71590625,7815.849906249998
2019-04-10 11:00:00,53.1,4,11,2,44780.24,46365.711,5210.107406250005,6795.57840625001
2019-04-10 12:00:00,55.9,4,12,2,44700.605,45858.037,5233.061406250003,6390.493406249996
2019-04-10 13:00:00,57.9,4,13,2,44740.73,45233.879,5611.766281249998,6104.915281249996
2019-04-10 14:00:00,59.0,4,14,2,44485.403,44675.617,5888.5661875000005,6078.7801875000005
2019-04-10 15:00:00,59.0,4,15,2,44117.467,43804.528,5953.283531249996,5640.344531249997
2019-04-10 16:00:00,61.0,4,16,2,43811.821,43291.595,5729.180375000004,5208.954375000001
2019-04-10 17:00:00,60.1,4,17,2,43690.488,43086.729,5406.121781249996,4802.362781249998
2019-04-10 18:00:00,59.0,4,18,2,43593.814,43176.506,5244.30521875,4826.9972187500025
2019-04-10 19:00:00,57.0,4,19,2,43609.112,43850.589,5161.621531249999,5403.098531249998
2019-04-10 20:00:00,54.0,4,20,2,44737.058,45775.4,5271.692281249998,6310.034281250002
2019-04-10 21:00:00,53.1,4,21,2,43956.895,45048.512,4854.200812499992,5945.817812499998
2019-04-10 22:00:00,48.0,4,22,2,41497.412,42741.261,3898.3125937499935,5142.161593749996
2019-04-10 23:00:00,46.0,4,23,2,38615.603,40609.087,2744.0704374999987,4737.554437499995
2019-04-11 00:00:00,45.0,4,0,3,36434.041,39081.773,1841.121531249999,4488.853531250003
2019-04-11 01:00:00,44.1,4,1,3,35251.68,38062.464,1576.4919687500003,4387.27596875
2019-04-11 02:00:00,45.0,4,2,3,34382.336,37905.926,1208.8229062500104,4732.412906250007
2019-04-11 03:00:00,44.1,4,3,3,34394.817,37816.692,1382.4216562500003,4804.2966562500005
2019-04-11 04:00:00,44.1,4,4,3,34812.515,38650.651,1503.891062499999,5342.027062499998
2019-04-11 05:00:00,43.0,4,5,3,36829.518,40844.816,2533.250312499993,6548.548312499996
2019-04-11 06:00:00,42.1,4,6,3,40457.018,44845.725,4559.40509375,8948.112093750002
2019-04-11 07:00:00,42.1,4,7,3,42692.622,47309.615,5419.821343750002,10036.814343749997
2019-04-11 08:00:00,43.0,4,8,3,43516.333,47826.331,5042.289562500002,9352.287562500002
2019-04-11 09:00:00,46.0,4,9,3,43871.124,47775.367,4684.41628125,8588.659281249995
2019-04-11 10:00:00,51.1,4,10,3,44199.745,47262.211,4674.21790625,7736.68390625
2019-04-11 11:00:00,55.9,4,11,3,44209.686,46578.556,4639.553406250008,7008.423406250004
2019-04-11 12:00:00,61.0,4,12,3,44166.581,46268.859,4699.037406249998,6801.315406249996
2019-04-11 13:00:00,66.0,4,13,3,44205.804,45880.041,5076.840281249992,6751.077281249993
2019-04-11 14:00:00,73.0,4,14,3,44005.376,45411.975,5408.539187499999,6815.138187500001
2019-04-11 15:00:00,75.9,4,15,3,43604.751,44744.236,5440.567531249995,6580.052531249996
2019-04-11 16:00:00,78.1,4,16,3,43463.711,44650.547,5381.070375000003,6567.906374999999
2019-04-11 17:00:00,81.0,4,17,3,43240.115,44738.329,4955.748781249997,6453.962781249997
2019-04-11 18:00:00,80.1,4,18,3,42984.826,44736.068,4635.317218750002,6386.559218750001
2019-04-11 19:00:00,81.0,4,19,3,42956.04,45261.986,4508.549531249999,6814.495531249995
2019-04-11 20:00:00,78.1,4,20,3,44481.819,46662.259,5016.453281250004,7196.893281249999
2019-04-11 21:00:00,73.0,4,21,3,43778.912,45805.728,4676.217812499992,6703.033812499998
2019-04-11 22:00:00,71.1,4,22,3,41204.485,43315.522,3605.3855937499975,5716.422593749994
2019-04-11 23:00:00,70.0,4,23,3,38547.39,40915.77,2675.857437499996,5044.237437499993
2019-04-12 00:00:00,71.1,4,0,4,36631.568,39109.561,2038.6485312500008,4516.641531250003
2019-04-12 01:00:00,73.9,4,1,4,35860.223,37984.047,2185.0349687499984,4308.858968749999
2019-04-12 02:00:00,73.0,4,2,4,35490.442,37306.008,2316.92890625001,4132.494906250009
2019-04-12 03:00:00,72.0,4,3,4,35521.491,36976.762,2509.09565625,3964.36665625
2019-04-12 04:00:00,70.0,4,4,4,36236.993,37682.593,2928.3690625000017,4373.9690625
2019-04-12 05:00:00,70.0,4,5,4,38272.635,39644.354,3976.367312499999,5348.086312499996
2019-04-12 06:00:00,69.1,4,6,4,42225.209,43199.227,6327.596093750006,7301.614093750002
2019-04-12 07:00:00,69.1,4,7,4,44462.801,45856.559,7190.000343749998,8583.75834375
2019-04-12 08:00:00,69.1,4,8,4,45098.997,46729.901,6624.953562500006,8255.857562500001
2019-04-12 09:00:00,63.0,4,9,4,45144.041,47177.716,5957.333281249994,7991.008281249997
2019-04-12 10:00:00,57.9,4,10,4,45077.148,47323.719,5551.620906249998,7798.191906249995
2019-04-12 11:00:00,57.0,4,11,4,44797.031,47064.527,5226.898406250009,7494.394406250009
2019-04-12 12:00:00,59.0,4,12,4,44884.787,46501.612,5417.243406249996,7034.06840625
2019-04-12 13:00:00,62.1,4,13,4,44828.693,45878.651,5699.7292812499945,6749.687281249993
2019-04-12 14:00:00,64.9,4,14,4,44544.752,45131.707,5947.9151875000025,6534.870187500004
2019-04-12 15:00:00,66.0,4,15,4,44086.383,44332.296,5922.19953125,6168.112531250001
2019-04-12 16:00:00,66.9,4,16,4,43976.521,43880.268,5893.880375000001,5797.627374999996
2019-04-12 17:00:00,66.9,4,17,4,44018.027,43545.55,5733.660781250001,5261.183781250002
2019-04-12 18:00:00,66.0,4,18,4,44175.359,43275.208,5825.850218749998,4925.69921875
2019-04-12 19:00:00,64.9,4,19,4,44378.777,43368.414,5931.28653125,4920.923531249995
2019-04-12 20:00:00,63.0,4,20,4,46119.92,44457.952,6654.554281249999,4992.586281249998
2019-04-12 21:00:00,61.0,4,21,4,45184.09,43527.721,6081.395812499992,4425.026812499993
2019-04-12 22:00:00,60.1,4,22,4,42819.364,41726.012,5220.264593749998,4126.912593749999
2019-04-12 23:00:00,57.9,4,23,4,40211.08,39276.566,4339.547437499998,3405.0334374999948
2019-04-13 00:00:00,57.0,4,0,5,38377.149,37374.727,3784.229531249999,2781.8075312500005
2019-04-13 01:00:00,55.9,4,1,5,37394.468,36265.396,3719.279968750001,2590.207968750001
2019-04-13 02:00:00,55.9,4,2,5,36882.567,35545.045,3709.05390625001,2371.5319062500057
2019-04-13 03:00:00,54.0,4,3,5,36819.771,35253.059,3807.3756562499984,2240.663656249999
2019-04-13 04:00:00,52.0,4,4,5,37441.245,35259.861,4132.621062500002,1951.237062499997
2019-04-13 05:00:00,50.0,4,5,5,39595.598,36146.955,5299.330312499995,1850.6873124999984
2019-04-13 06:00:00,46.9,4,6,5,43464.251,37436.197,7566.63809375,1538.5840937500034
2019-04-13 07:00:00,46.0,4,7,5,45619.196,38742.414,8346.395343750002,1469.6133437499957
2019-04-13 08:00:00,45.0,4,8,5,46283.944,40049.624,7809.900562500006,1575.5805625000066
2019-04-13 09:00:00,50.0,4,9,5,46124.286,40594.556,6937.5782812499965,1407.8482812499933
2019-04-13 10:00:00,54.0,4,10,5,45884.895,40468.439,6359.367906249994,942.9119062499958
2019-04-13 11:00:00,57.0,4,11,5,45320.982,40009.091,5750.84940625001,438.9584062500071
2019-04-13 12:00:00,59.0,4,12,5,45168.081,39299.703,5700.537406249998,0.0
2019-04-13 13:00:00,62.1,4,13,5,45075.109,38850.29,5946.145281249992,0.0
2019-04-13 14:00:00,63.0,4,14,5,44870.608,38168.347,6273.771187500002,0.0
2019-04-13 15:00:00,64.9,4,15,5,44683.097,37689.686,6518.91353125,0.0
2019-04-13 16:00:00,66.0,4,16,5,44298.285,37770.259,6215.644375000004,0.0
2019-04-13 17:00:00,66.0,4,17,5,44171.559,37878.341,5887.19278125,0.0
2019-04-13 18:00:00,66.9,4,18,5,44115.919,37906.593,5766.410218750003,0.0
2019-04-13 19:00:00,66.0,4,19,5,44300.983,38020.758,5853.492531249998,0.0
2019-04-13 20:00:00,64.0,4,20,5,45901.004,39520.309,6435.6382812500015,54.94328125000175
2019-04-13 21:00:00,61.0,4,21,5,45137.141,39120.572,6034.446812499999,17.877812499995343
2019-04-13 22:00:00,57.9,4,22,5,42465.267,37720.773,4866.167593749997,121.67359374999796
2019-04-13 23:00:00,57.9,4,23,5,39685.932,35705.858,3814.399437499997,0.0
2019-04-14 00:00:00,59.0,4,0,6,37707.4,34034.141,3114.480531250003,0.0
2019-04-14 01:00:00,57.9,4,1,6,36298.908,33023.79,2623.719968750004,0.0
2019-04-14 02:00:00,55.0,4,2,6,35554.489,32486.934,2380.975906250009,0.0
2019-04-14 03:00:00,53.1,4,3,6,35028.344,32319.109,2015.948656249995,0.0
2019-04-14 04:00:00,53.1,4,4,6,35285.55,32518.661,1976.9260625000024,0.0
2019-04-14 05:00:00,50.0,4,5,6,37231.433,32972.524,2935.165312499994,0.0
2019-04-14 06:00:00,46.0,4,6,6,40874.207,34031.648,4976.594093750005,0.0
2019-04-14 07:00:00,45.0,4,7,6,43238.169,35026.87,5965.36834375,0.0
2019-04-14 08:00:00,44.1,4,8,6,43931.081,36283.689,5457.0375625000015,0.0
2019-04-14 09:00:00,46.0,4,9,6,44440.103,37400.323,5253.395281249999,0.0
2019-04-14 10:00:00,46.0,4,10,6,44905.092,37608.162,5379.564906249994,0.0
2019-04-14 11:00:00,48.9,4,11,6,44906.803,37891.881,5336.670406250007,0.0
2019-04-14 12:00:00,52.0,4,12,6,44793.441,37814.171,5325.897406249998,0.0
2019-04-14 13:00:00,60.1,4,13,6,44512.887,37813.202,5383.923281249998,0.0
2019-04-14 14:00:00,66.9,4,14,6,43981.534,37637.904,5384.697187500002,0.0
2019-04-14 15:00:00,77.0,4,15,6,43053.412,37708.797,4889.228531249995,0.0
2019-04-14 16:00:00,69.1,4,16,6,42822.347,38230.191,4739.706375000002,147.5503749999989
2019-04-14 17:00:00,73.0,4,17,6,42458.621,38875.879,4174.254781249998,591.5127812499995
2019-04-14 18:00:00,73.0,4,18,6,41914.841,39238.448,3565.3322187500016,888.939218749998
2019-04-14 19:00:00,64.0,4,19,6,41667.229,39890.539,3219.7385312499973,1443.048531249995
2019-04-14 20:00:00,62.1,4,20,6,42623.2,40915.382,3157.8342812499977,1450.0162812499984
2019-04-14 21:00:00,61.0,4,21,6,42152.588,40361.218,3049.8938124999986,1258.523812499996
2019-04-14 22:00:00,57.9,4,22,6,40255.291,38370.062,2656.1915937499944,770.962593749995
2019-04-14 23:00:00,51.1,4,23,6,37652.663,36180.941,1781.1304374999963,309.4084374999948
2019-04-15 00:00:00,45.0,4,0,0,35833.236,34396.008,1240.316531249999,0.0
2019-04-15 01:00:00,44.1,4,1,0,34489.475,33571.122,814.2869687499988,0.0
2019-04-15 02:00:00,41.0,4,2,0,33803.524,32979.365,630.0109062500051,0.0
2019-04-15 03:00:00,37.9,4,3,0,33467.123,33188.373,454.7276562499974,175.97765624999738
2019-04-15 04:00:00,37.0,4,4,0,33702.968,33808.901,394.3440625000003,500.2770624999976
2019-04-15 05:00:00,36.0,4,5,0,34531.6,36013.687,235.3323124999952,1717.4193124999947
2019-04-15 06:00:00,36.0,4,6,0,35953.986,39788.869,56.37309375000041,3891.256093750002
2019-04-15 07:00:00,37.0,4,7,0,37058.654,42408.89,0.0,5136.089343749998
2019-04-15 08:00:00,37.0,4,8,0,38607.916,43311.483,133.87256250000064,4837.439562500003
2019-04-15 09:00:00,37.0,4,9,0,39423.377,43843.575,236.66928124999689,4656.8672812499935
2019-04-15 10:00:00,37.9,4,10,0,39699.684,44481.243,174.15690624999843,4955.71590625
2019-04-15 11:00:00,39.0,4,11,0,39515.842,44780.24,0.0,5210.107406250005
2019-04-15 12:00:00,39.9,4,12,0,39127.521,44700.605,0.0,5233.061406250003
2019-04-15 13:00:00,44.1,4,13,0,38655.585,44740.73,0.0,5611.766281249998
2019-04-15 14:00:00,45.0,4,14,0,38061.289,44485.403,0.0,5888.5661875000005
2019-04-15 15:00:00,48.9,4,15,0,37722.246,44117.467,0.0,5953.283531249996
2019-04-15 16:00:00,51.1,4,16,0,37627.005,43811.821,0.0,5729.180375000004
2019-04-15 17:00:00,54.0,4,17,0,37645.813,43690.488,0.0,5406.121781249996
2019-04-15 18:00:00,52.0,4,18,0,37546.149,43593.814,0.0,5244.30521875
2019-04-15 19:00:00,52.0,4,19,0,37688.676,43609.112,0.0,5161.621531249999
2019-04-15 20:00:00,50.0,4,20,0,39133.193,44737.058,0.0,5271.692281249998
2019-04-15 21:00:00,48.0,4,21,0,38952.095,43956.895,0.0,4854.200812499992
2019-04-15 22:00:00,46.9,4,22,0,37728.535,41497.412,129.4355937500004,3898.3125937499935
2019-04-15 23:00:00,44.1,4,23,0,35805.372,38615.603,0.0,2744.0704374999987
2019-04-16 00:00:00,44.1,4,0,1,34137.838,36434.041,0.0,1841.121531249999
2019-04-16 01:00:00,41.0,4,1,1,33013.764,35251.68,0.0,1576.4919687500003
2019-04-16 02:00:00,41.0,4,2,1,32555.424,34382.336,0.0,1208.8229062500104
2019-04-16 03:00:00,39.9,4,3,1,32212.008,34394.817,0.0,1382.4216562500003
2019-04-16 04:00:00,41.0,4,4,1,32497.904,34812.515,0.0,1503.891062499999
2019-04-16 05:00:00,39.9,4,5,1,32993.764,36829.518,0.0,2533.250312499993
2019-04-16 06:00:00,41.0,4,6,1,34021.675,40457.018,0.0,4559.40509375
2019-04-16 07:00:00,41.0,4,7,1,35436.112,42692.622,0.0,5419.821343750002
2019-04-16 08:00:00,42.1,4,8,1,37093.104,43516.333,0.0,5042.289562500002
2019-04-16 09:00:00,46.0,4,9,1,38690.288,43871.124,0.0,4684.41628125
2019-04-16 10:00:00,50.0,4,10,1,39770.643,44199.745,245.1159062499937,4674.21790625
2019-04-16 11:00:00,55.0,4,11,1,40363.034,44209.686,792.9014062500064,4639.553406250008
2019-04-16 12:00:00,55.9,4,12,1,40574.296,44166.581,1106.7524062500015,4699.037406249998
2019-04-16 13:00:00,60.1,4,13,1,40588.759,44205.804,1459.7952812499934,5076.840281249992
2019-04-16 14:00:00,64.0,4,14,1,40126.687,44005.376,1529.8501875000002,5408.539187499999
2019-04-16 15:00:00,69.1,4,15,1,40267.803,43604.751,2103.6195312499985,5440.567531249995
2019-04-16 16:00:00,72.0,4,16,1,40382.23,43463.711,2299.589375000003,5381.070375000003
2019-04-16 17:00:00,72.0,4,17,1,40912.848,43240.115,2628.481781249997,4955.748781249997
2019-04-16 18:00:00,73.0,4,18,1,40958.03,42984.826,2608.52121875,4635.317218750002
2019-04-16 19:00:00,72.0,4,19,1,41397.385,42956.04,2949.89453125,4508.549531249999
2019-04-16 20:00:00,70.0,4,20,1,42402.538,44481.819,2937.172281250001,5016.453281250004
2019-04-16 21:00:00,69.1,4,21,1,41373.946,43778.912,2271.251812499999,4676.217812499992
2019-04-16 22:00:00,66.0,4,22,1,39723.318,41204.485,2124.218593749996,3605.3855937499975
2019-04-16 23:00:00,64.9,4,23,1,37880.007,38547.39,2008.4744374999937,2675.857437499996
2019-04-17 00:00:00,64.0,4,0,2,36417.503,36631.568,1824.5835312499985,2038.6485312500008
2019-04-17 01:00:00,62.1,4,1,2,35665.969,35860.223,1990.7809687499976,2185.0349687499984
2019-04-17 02:00:00,61.0,4,2,2,35505.403,35490.442,2331.889906250006,2316.92890625001
2019-04-17 03:00:00,59.0,4,3,2,35706.083,35521.491,2693.6876562499965,2509.09565625
2019-04-17 04:00:00,55.9,4,4,2,36771.497,36236.993,3462.8730625000026,2928.3690625000017
2019-04-17 05:00:00,54.0,4,5,2,39315.142,38272.635,5018.874312499996,3976.367312499999
2019-04-17 06:00:00,53.1,4,6,2,43640.957,42225.209,7743.344093750005,6327.596093750006
2019-04-17 07:00:00,53.1,4,7,2,46268.56,44462.801,8995.759343749996,7190.000343749998
2019-04-17 08:00:00,55.9,4,8,2,47518.39,45098.997,9044.346562500004,6624.953562500006
2019-04-17 09:00:00,60.1,4,9,2,47984.993,45144.041,8798.285281249999,5957.333281249994
2019-04-17 10:00:00,63.0,4,10,2,48225.414,45077.148,8699.886906249994,5551.620906249998
2019-04-17 11:00:00,66.0,4,11,2,47991.94,44797.031,8421.807406250009,5226.898406250009
2019-04-17 12:00:00,69.1,4,12,2,47513.967,44884.787,8046.423406249996,5417.243406249996
2019-04-17 13:00:00,71.1,4,13,2,47020.534,44828.693,7891.570281249995,5699.7292812499945
2019-04-17 14:00:00,72.0,4,14,2,46293.262,44544.752,7696.425187500004,5947.9151875000025
2019-04-17 15:00:00,72.0,4,15,2,45433.029,44086.383,7268.845531250001,5922.19953125
2019-04-17 16:00:00,73.0,4,16,2,44780.287,43976.521,6697.646374999997,5893.880375000001
2019-04-17 17:00:00,72.0,4,17,2,44314.493,44018.027,6030.126781250001,5733.660781250001
2019-04-17 18:00:00,72.0,4,18,2,44308.582,44175.359,5959.073218750003,5825.850218749998
2019-04-17 19:00:00,71.1,4,19,2,44837.193,44378.777,6389.702531249997,5931.28653125
2019-04-17 20:00:00,70.0,4,20,2,46541.137,46119.92,7075.771281250003,6654.554281249999
2019-04-17 21:00:00,69.1,4,21,2,46248.126,45184.09,7145.431812499992,6081.395812499992
2019-04-17 22:00:00,66.9,4,22,2,44230.771,42819.364,6631.671593749998,5220.264593749998
2019-04-17 23:00:00,66.0,4,23,2,41891.678,40211.08,6020.145437499996,4339.547437499998
2019-04-18 00:00:00,66.0,4,0,3,40112.786,38377.149,5519.866531250002,3784.229531249999
2019-04-18 01:00:00,66.9,4,1,3,39283.669,37394.468,5608.480968750002,3719.279968750001
2019-04-18 02:00:00,64.9,4,2,3,38902.369,36882.567,5728.855906250006,3709.05390625001
2019-04-18 03:00:00,64.9,4,3,3,38972.646,36819.771,5960.250656249998,3807.3756562499984
2019-04-18 04:00:00,66.0,4,4,3,39557.832,37441.245,6249.208062500002,4132.621062500002
2019-04-18 05:00:00,66.0,4,5,3,41881.961,39595.598,7585.6933125,5299.330312499995
2019-04-18 06:00:00,66.0,4,6,3,45439.157,43464.251,9541.544093750004,7566.63809375
2019-04-18 07:00:00,66.9,4,7,3,47420.056,45619.196,10147.255343749996,8346.395343750002
2019-04-18 08:00:00,66.0,4,8,3,47452.169,46283.944,8978.125562500005,7809.900562500006
2019-04-18 09:00:00,66.9,4,9,3,47054.305,46124.286,7867.597281249997,6937.5782812499965
2019-04-18 10:00:00,70.0,4,10,3,46381.542,45884.895,6856.014906249999,6359.367906249994
2019-04-18 11:00:00,70.0,4,11,3,45553.914,45320.982,5983.781406250004,5750.84940625001
2019-04-18 12:00:00,71.1,4,12,3,45244.528,45168.081,5776.984406249998,5700.537406249998
2019-04-18 13:00:00,73.9,4,13,3,45041.095,45075.109,5912.131281249996,5946.145281249992
2019-04-18 14:00:00,75.9,4,14,3,44728.96,44870.608,6132.123187500001,6273.771187500002
2019-04-18 15:00:00,75.9,4,15,3,43964.322,44683.097,5800.138531249999,6518.91353125
2019-04-18 16:00:00,77.0,4,16,3,43664.751,44298.285,5582.110374999997,6215.644375000004
2019-04-18 17:00:00,78.1,4,17,3,43527.789,44171.559,5243.422781249996,5887.19278125
2019-04-18 18:00:00,78.1,4,18,3,43240.562,44115.919,4891.053218749999,5766.410218750003
2019-04-18 19:00:00,77.0,4,19,3,43341.336,44300.983,4893.845531250001,5853.492531249998
2019-04-18 20:00:00,75.9,4,20,3,44627.906,45901.004,5162.540281250003,6435.6382812500015
2019-04-18 21:00:00,73.9,4,21,3,44131.2,45137.141,5028.505812499992,6034.446812499999
2019-04-18 22:00:00,72.0,4,22,3,41485.366,42465.267,3886.266593749999,4866.167593749997
2019-04-18 23:00:00,71.1,4,23,3,38735.667,39685.932,2864.134437499997,3814.399437499997
2019-04-19 00:00:00,66.9,4,0,4,36715.487,37707.4,2122.5675312500025,3114.480531250003
2019-04-19 01:00:00,64.0,4,1,4,35550.881,36298.908,1875.6929687500008,2623.719968750004
2019-04-19 02:00:00,61.0,4,2,4,34869.707,35554.489,1696.1939062500096,2380.975906250009
2019-04-19 03:00:00,60.1,4,3,4,34702.22,35028.344,1689.824656249999,2015.948656249995
2019-04-19 04:00:00,59.0,4,4,4,35415.087,35285.55,2106.463062499999,1976.9260625000024
2019-04-19 05:00:00,57.0,4,5,4,37299.822,37231.433,3003.5543124999967,2935.165312499994
2019-04-19 06:00:00,55.9,4,6,4,40915.945,40874.207,5018.332093750003,4976.594093750005
2019-04-19 07:00:00,55.9,4,7,4,43117.289,43238.169,5844.488343749996,5965.36834375
2019-04-19 08:00:00,52.0,4,8,4,44056.478,43931.081,5582.434562500006,5457.0375625000015
2019-04-19 09:00:00,48.9,4,9,4,44391.477,44440.103,5204.769281249995,5253.395281249999
2019-04-19 10:00:00,48.9,4,10,4,44444.185,44905.092,4918.657906249995,5379.564906249994
2019-04-19 11:00:00,51.1,4,11,4,44534.126,44906.803,4963.993406250003,5336.670406250007
2019-04-19 12:00:00,52.0,4,12,4,44579.141,44793.441,5111.597406250003,5325.897406249998
2019-04-19 13:00:00,50.0,4,13,4,44838.684,44512.887,5709.720281249996,5383.923281249998
2019-04-19 14:00:00,50.0,4,14,4,44988.985,43981.534,6392.148187500003,5384.697187500002
2019-04-19 15:00:00,50.0,4,15,4,44760.958,43053.412,6596.774531249997,4889.228531249995
2019-04-19 16:00:00,50.0,4,16,4,44455.622,42822.347,6372.981375000003,4739.706375000002
2019-04-19 17:00:00,48.0,4,17,4,44322.069,42458.621,6037.702781250002,4174.254781249998
2019-04-19 18:00:00,46.0,4,18,4,44073.421,41914.841,5723.912218750003,3565.3322187500016
2019-04-19 19:00:00,45.0,4,19,4,43963.997,41667.229,5516.506531250001,3219.7385312499973
2019-04-19 20:00:00,44.1,4,20,4,45116.029,42623.2,5650.663281250003,3157.8342812499977
2019-04-19 21:00:00,43.0,4,21,4,44489.198,42152.588,5386.503812499992,3049.8938124999986
2019-04-19 22:00:00,44.1,4,22,4,41781.45,40255.291,4182.350593749994,2656.1915937499944
2019-04-19 23:00:00,43.0,4,23,4,38929.777,37652.663,3058.2444374999977,1781.1304374999963
2019-04-20 00:00:00,43.0,4,0,5,36853.704,35833.236,2260.7845312499994,1240.316531249999
2019-04-20 01:00:00,43.0,4,1,5,35296.111,34489.475,1620.9229687499974,814.2869687499988
2019-04-20 02:00:00,43.0,4,2,5,34606.825,33803.524,1433.3119062500043,630.0109062500051
2019-04-20 03:00:00,43.0,4,3,5,34116.231,33467.123,1103.8356562499976,454.7276562499974
2019-04-20 04:00:00,43.0,4,4,5,34800.371,33702.968,1491.7470624999987,394.3440625000003
2019-04-20 05:00:00,44.1,4,5,5,36343.76,34531.6,2047.492312499999,235.3323124999952
2019-04-20 06:00:00,44.1,4,6,5,39723.499,35953.986,3825.886093750007,56.37309375000041
2019-04-20 07:00:00,44.1,4,7,5,41981.329,37058.654,4708.528343749997,0.0
2019-04-20 08:00:00,44.1,4,8,5,42963.304,38607.916,4489.2605625,133.87256250000064
2019-04-20 09:00:00,44.1,4,9,5,43812.285,39423.377,4625.57728125,236.66928124999689
2019-04-20 10:00:00,46.0,4,10,5,44571.897,39699.684,5046.3699062499945,174.15690624999843
2019-04-20 11:00:00,48.0,4,11,5,44831.803,39515.842,5261.670406250007,0.0
2019-04-20 12:00:00,48.9,4,12,5,45088.355,39127.521,5620.811406250003,0.0
2019-04-20 13:00:00,52.0,4,13,5,45343.007,38655.585,6214.043281249993,0.0
2019-04-20 14:00:00,54.0,4,14,5,45387.682,38061.289,6790.845187500003,0.0
2019-04-20 15:00:00,54.0,4,15,5,45135.491,37722.246,6971.3075312500005,0.0
2019-04-20 16:00:00,54.0,4,16,5,45195.95,37627.005,7113.309374999997,0.0
2019-04-20 17:00:00,54.0,4,17,5,44990.712,37645.813,6706.345781249998,0.0
2019-04-20 18:00:00,52.0,4,18,5,44493.567,37546.149,6144.058218750004,0.0
2019-04-20 19:00:00,52.0,4,19,5,44106.072,37688.676,5658.581531249998,0.0
2019-04-20 20:00:00,48.9,4,20,5,45005.099,39133.193,5539.733281250003,0.0
2019-04-20 21:00:00,46.9,4,21,5,44189.377,38952.095,5086.682812499996,0.0
2019-04-20 22:00:00,46.9,4,22,5,41410.467,37728.535,3811.367593749994,129.4355937500004
2019-04-20 23:00:00,46.9,4,23,5,38508.941,35805.372,2637.4084374999948,0.0
2019-04-21 00:00:00,46.0,4,0,6,36108.666,34137.838,1515.746531249999,0.0
2019-04-21 01:00:00,46.0,4,1,6,34519.582,33013.764,844.3939687500024,0.0
2019-04-21 02:00:00,45.0,4,2,6,33719.253,32555.424,545.7399062500044,0.0
2019-04-21 03:00:00,45.0,4,3,6,33370.625,32212.008,358.2296562499978,0.0
2019-04-21 04:00:00,45.0,4,4,6,33697.212,32497.904,388.5880624999991,0.0
2019-04-21 05:00:00,45.0,4,5,6,34799.524,32993.764,503.25631249999424,0.0
2019-04-21 06:00:00,44.1,4,6,6,36998.038,34021.675,1100.4250937500035,0.0
2019-04-21 07:00:00,43.0,4,7,6,38824.972,35436.112,1552.1713437500002,0.0
2019-04-21 08:00:00,43.0,4,8,6,40380.067,37093.104,1906.023562500006,0.0
2019-04-21 09:00:00,43.0,4,9,6,41561.407,38690.288,2374.699281249996,0.0
2019-04-21 10:00:00,44.1,4,10,6,42367.993,39770.643,2842.4659062499995,245.1159062499937
2019-04-21 11:00:00,46.0,4,11,6,42477.663,40363.034,2907.530406250007,792.9014062500064
2019-04-21 12:00:00,48.0,4,12,6,42274.691,40574.296,2807.1474062499983,1106.7524062500015
2019-04-21 13:00:00,48.9,4,13,6,42111.047,40588.759,2982.083281249994,1459.7952812499934
2019-04-21 14:00:00,48.9,4,14,6,41946.42,40126.687,3349.5831875000003,1529.8501875000002
2019-04-21 15:00:00,51.1,4,15,6,41588.422,40267.803,3424.2385312499973,2103.6195312499985
2019-04-21 16:00:00,52.0,4,16,6,41455.603,40382.23,3372.962375000003,2299.589375000003
2019-04-21 17:00:00,54.0,4,17,6,41522.853,40912.848,3238.486781250001,2628.481781249997
2019-04-21 18:00:00,55.0,4,18,6,41108.09,40958.03,2758.581218749998,2608.52121875
2019-04-21 19:00:00,55.0,4,19,6,40949.154,41397.385,2501.66353125,2949.89453125
2019-04-21 20:00:00,53.1,4,20,6,41572.69,42402.538,2107.324281250003,2937.172281250001
2019-04-21 21:00:00,52.0,4,21,6,41259.582,41373.946,2156.8878124999974,2271.251812499999
2019-04-21 22:00:00,50.0,4,22,6,39700.201,39723.318,2101.101593749998,2124.218593749996
2019-04-21 23:00:00,50.0,4,23,6,37733.604,37880.007,1862.0714374999952,2008.4744374999937
2019-04-22 00:00:00,50.0,4,0,0,36065.148,36417.503,1472.2285312500026,1824.5835312499985
2019-04-22 01:00:00,48.0,4,1,0,34924.576,35665.969,1249.3879687500012,1990.7809687499976
2019-04-22 02:00:00,46.9,4,2,0,34315.372,35505.403,1141.8589062500105,2331.889906250006
2019-04-22 03:00:00,45.0,4,3,0,33923.503,35706.083,911.1076562499948,2693.6876562499965
2019-04-22 04:00:00,43.0,4,4,0,33937.933,36771.497,629.3090624999968,3462.8730625000026
2019-04-22 05:00:00,42.1,4,5,0,34552.243,39315.142,255.97531249999884,5018.874312499996
2019-04-22 06:00:00,42.1,4,6,0,35658.801,43640.957,0.0,7743.344093750005
2019-04-22 07:00:00,42.1,4,7,0,36779.631,46268.56,0.0,8995.759343749996
2019-04-22 08:00:00,45.0,4,8,0,38378.798,47518.39,0.0,9044.346562500004
2019-04-22 09:00:00,51.1,4,9,0,39687.444,47984.993,500.7362812499996,8798.285281249999
2019-04-22 10:00:00,54.0,4,10,0,40444.61,48225.414,919.082906249998,8699.886906249994
2019-04-22 11:00:00,59.0,4,11,0,40504.307,47991.94,934.1744062500076,8421.807406250009
2019-04-22 12:00:00,61.0,4,12,0,40050.898,47513.967,583.3544062500005,8046.423406249996
2019-04-22 13:00:00,64.0,4,13,0,39545.857,47020.534,416.8932812499989,7891.570281249995
2019-04-22 14:00:00,66.0,4,14,0,39013.592,46293.262,416.755187499999,7696.425187500004
2019-04-22 15:00:00,68.0,4,15,0,38784.132,45433.029,619.9485312499964,7268.845531250001
2019-04-22 16:00:00,70.0,4,16,0,38669.441,44780.287,586.8003749999989,6697.646374999997
2019-04-22 17:00:00,71.1,4,17,0,38660.192,44314.493,375.8257812500015,6030.126781250001
2019-04-22 18:00:00,71.1,4,18,0,38661.351,44308.582,311.84221875000367,5959.073218750003
2019-04-22 19:00:00,72.0,4,19,0,38761.474,44837.193,313.98353124999994,6389.702531249997
2019-04-22 20:00:00,70.0,4,20,0,39838.703,46541.137,373.337281250002,7075.771281250003
2019-04-22 21:00:00,68.0,4,21,0,39921.862,46248.126,819.1678124999962,7145.431812499992
2019-04-22 22:00:00,66.0,4,22,0,38678.245,44230.771,1079.1455937499995,6631.671593749998
2019-04-22 23:00:00,64.0,4,23,0,36861.907,41891.678,990.3744374999952,6020.145437499996
2019-04-23 00:00:00,63.0,4,0,1,35305.931,40112.786,713.0115312499984,5519.866531250002
2019-04-23 01:00:00,60.1,4,1,1,34105.931,39283.669,430.7429687499971,5608.480968750002
2019-04-23 02:00:00,61.0,4,2,1,33428.232,38902.369,254.71890625001103,5728.855906250006
2019-04-23 03:00:00,57.9,4,3,1,33153.819,38972.646,141.42365625000093,5960.250656249998
2019-04-23 04:00:00,59.0,4,4,1,33170.345,39557.832,0.0,6249.208062500002
2019-04-23 05:00:00,57.0,4,5,1,33684.37,41881.961,0.0,7585.6933125
2019-04-23 06:00:00,60.1,4,6,1,34831.607,45439.157,0.0,9541.544093750004
2019-04-23 07:00:00,59.0,4,7,1,35715.505,47420.056,0.0,10147.255343749996
2019-04-23 08:00:00,61.0,4,8,1,37316.503,47452.169,0.0,8978.125562500005
2019-04-23 09:00:00,63.0,4,9,1,38061.31,47054.305,0.0,7867.597281249997
2019-04-23 10:00:00,64.9,4,10,1,38115.499,46381.542,0.0,6856.014906249999
2019-04-23 11:00:00,66.9,4,11,1,37752.675,45553.914,0.0,5983.781406250004
2019-04-23 12:00:00,68.0,4,12,1,37599.4,45244.528,0.0,5776.984406249998
2019-04-23 13:00:00,71.1,4,13,1,36705.552,45041.095,0.0,5912.131281249996
2019-04-23 14:00:00,73.9,4,14,1,36039.585,44728.96,0.0,6132.123187500001
2019-04-23 15:00:00,73.0,4,15,1,35434.245,43964.322,0.0,5800.138531249999
2019-04-23 16:00:00,73.9,4,16,1,35235.071,43664.751,0.0,5582.110374999997
2019-04-23 17:00:00,71.1,4,17,1,35384.821,43527.789,0.0,5243.422781249996
2019-04-23 18:00:00,69.1,4,18,1,35693.121,43240.562,0.0,4891.053218749999
2019-04-23 19:00:00,66.0,4,19,1,36541.346,43341.336,0.0,4893.845531250001
2019-04-23 20:00:00,63.0,4,20,1,38187.991,44627.906,0.0,5162.540281250003
2019-04-23 21:00:00,60.1,4,21,1,38486.452,44131.2,0.0,5028.505812499992
2019-04-23 22:00:00,57.9,4,22,1,37268.988,41485.366,0.0,3886.266593749999
2019-04-23 23:00:00,55.9,4,23,1,35560.09,38735.667,0.0,2864.134437499997
2019-04-24 00:00:00,52.0,4,0,2,34234.513,36715.487,0.0,2122.5675312500025
2019-04-24 01:00:00,51.1,4,1,2,33562.181,35550.881,0.0,1875.6929687500008
2019-04-24 02:00:00,48.9,4,2,2,33141.68,34869.707,0.0,1696.1939062500096
2019-04-24 03:00:00,46.9,4,3,2,33421.488,34702.22,409.09265624999534,1689.824656249999
2019-04-24 04:00:00,46.0,4,4,2,34272.52,35415.087,963.8960624999964,2106.463062499999
2019-04-24 05:00:00,43.0,4,5,2,36386.284,37299.822,2090.0163124999963,3003.5543124999967
2019-04-24 06:00:00,43.0,4,6,2,39765.743,40915.945,3868.1300937500055,5018.332093750003
2019-04-24 07:00:00,42.1,4,7,2,42051.626,43117.289,4778.825343749995,5844.488343749996
2019-04-24 08:00:00,45.0,4,8,2,43199.586,44056.478,4725.542562500006,5582.434562500006
2019-04-24 09:00:00,48.9,4,9,2,43667.265,44391.477,4480.557281249996,5204.769281249995
2019-04-24 10:00:00,52.0,4,10,2,44104.446,44444.185,4578.918906250001,4918.657906249995
2019-04-24 11:00:00,55.0,4,11,2,44207.007,44534.126,4636.8744062500045,4963.993406250003
2019-04-24 12:00:00,55.0,4,12,2,44106.928,44579.141,4639.384406249999,5111.597406250003
2019-04-24 13:00:00,57.9,4,13,2,44184.169,44838.684,5055.205281249997,5709.720281249996
2019-04-24 14:00:00,59.0,4,14,2,44385.933,44988.985,5789.096187499999,6392.148187500003
2019-04-24 15:00:00,59.0,4,15,2,44175.275,44760.958,6011.09153125,6596.774531249997
2019-04-24 16:00:00,61.0,4,16,2,44066.957,44455.622,5984.316375000002,6372.981375000003
2019-04-24 17:00:00,62.1,4,17,2,43994.021,44322.069,5709.654781249999,6037.702781250002
2019-04-24 18:00:00,60.1,4,18,2,43961.13,44073.421,5611.621218749999,5723.912218750003
2019-04-24 19:00:00,60.1,4,19,2,43932.305,43963.997,5484.814531249998,5516.506531250001
2019-04-24 20:00:00,59.0,4,20,2,44641.334,45116.029,5175.968281250003,5650.663281250003
2019-04-24 21:00:00,57.0,4,21,2,44118.684,44489.198,5015.989812499996,5386.503812499992
2019-04-24 22:00:00,57.9,4,22,2,41384.957,41781.45,3785.857593749999,4182.350593749994
2019-04-24 23:00:00,57.0,4,23,2,38512.134,38929.777,2640.601437499994,3058.2444374999977
2019-04-25 00:00:00,57.0,4,0,3,36170.258,36853.704,1577.3385312500031,2260.7845312499994
2019-04-25 01:00:00,57.0,4,1,3,34794.793,35296.111,1119.604968749998,1620.9229687499974
2019-04-25 02:00:00,57.0,4,2,3,34118.624,34606.825,945.1109062500108,1433.3119062500043
2019-04-25 03:00:00,55.0,4,3,3,33950.538,34116.231,938.1426562499984,1103.8356562499976
2019-04-25 04:00:00,53.1,4,4,3,34529.599,34800.371,1220.9750625000015,1491.7470624999987
2019-04-25 05:00:00,52.0,4,5,3,36374.517,36343.76,2078.2493124999964,2047.492312499999
2019-04-25 06:00:00,52.0,4,6,3,39645.48,39723.499,3747.867093750008,3825.886093750007
2019-04-25 07:00:00,52.0,4,7,3,41839.666,41981.329,4566.865343749996,4708.528343749997
2019-04-25 08:00:00,52.0,4,8,3,42836.477,42963.304,4362.433562500002,4489.2605625
2019-04-25 09:00:00,53.1,4,9,3,43543.221,43812.285,4356.513281249994,4625.57728125
2019-04-25 10:00:00,55.0,4,10,3,43801.286,44571.897,4275.758906249997,5046.3699062499945
2019-04-25 11:00:00,57.0,4,11,3,44088.529,44831.803,4518.396406250009,5261.670406250007
2019-04-25 12:00:00,59.0,4,12,3,44501.347,45088.355,5033.803406250001,5620.811406250003
2019-04-25 13:00:00,59.0,4,13,3,44904.024,45343.007,5775.060281249993,6214.043281249993
2019-04-25 14:00:00,60.1,4,14,3,44946.193,45387.682,6349.356187500001,6790.845187500003
2019-04-25 15:00:00,63.0,4,15,3,44686.45,45135.491,6522.266531249996,6971.3075312500005
2019-04-25 16:00:00,64.0,4,16,3,44514.16,45195.95,6431.519375000004,7113.309374999997
2019-04-25 17:00:00,64.9,4,17,3,44354.818,44990.712,6070.451781249998,6706.345781249998
2019-04-25 18:00:00,66.0,4,18,3,43885.848,44493.567,5536.339218749999,6144.058218750004
2019-04-25 19:00:00,66.0,4,19,3,43662.902,44106.072,5215.41153125,5658.581531249998
2019-04-25 20:00:00,64.0,4,20,3,44520.347,45005.099,5054.981281250002,5539.733281250003
2019-04-25 21:00:00,64.0,4,21,3,43964.33,44189.377,4861.635812499997,5086.682812499996
2019-04-25 22:00:00,63.0,4,22,3,41123.133,41410.467,3524.0335937499985,3811.367593749994
2019-04-25 23:00:00,62.1,4,23,3,38321.744,38508.941,2450.211437499994,2637.4084374999948
2019-04-26 00:00:00,61.0,4,0,4,36083.284,36108.666,1490.3645312500012,1515.746531249999
2019-04-26 01:00:00,60.1,4,1,4,34772.216,34519.582,1097.0279687500006,844.3939687500024
2019-04-26 02:00:00,60.1,4,2,4,33964.622,33719.253,791.1089062500105,545.7399062500044
2019-04-26 03:00:00,59.0,4,3,4,33753.348,33370.625,740.9526562499959,358.2296562499978
2019-04-26 04:00:00,60.1,4,4,4,34250.503,33697.212,941.8790624999964,388.5880624999991
2019-04-26 05:00:00,59.0,4,5,4,36158.055,34799.524,1861.787312499997,503.25631249999424
2019-04-26 06:00:00,59.0,4,6,4,39610.615,36998.038,3713.002093750001,1100.4250937500035
2019-04-26 07:00:00,57.0,4,7,4,41638.352,38824.972,4365.551343749998,1552.1713437500002
2019-04-26 08:00:00,57.0,4,8,4,42673.672,40380.067,4199.628562500002,1906.023562500006
2019-04-26 09:00:00,54.0,4,9,4,43122.711,41561.407,3936.00328125,2374.699281249996
2019-04-26 10:00:00,53.1,4,10,4,43573.271,42367.993,4047.743906249998,2842.4659062499995
2019-04-26 11:00:00,51.1,4,11,4,43549.294,42477.663,3979.161406250008,2907.530406250007
2019-04-26 12:00:00,52.0,4,12,4,43617.725,42274.691,4150.181406249998,2807.1474062499983
2019-04-26 13:00:00,51.1,4,13,4,43812.588,42111.047,4683.624281249999,2982.083281249994
2019-04-26 14:00:00,50.0,4,14,4,43770.072,41946.42,5173.235187500002,3349.5831875000003
2019-04-26 15:00:00,55.0,4,15,4,43606.15,41588.422,5441.96653125,3424.2385312499973
2019-04-26 16:00:00,57.0,4,16,4,43409.082,41455.603,5326.441375000002,3372.962375000003
2019-04-26 17:00:00,57.9,4,17,4,43280.742,41522.853,4996.375781249997,3238.486781250001
2019-04-26 18:00:00,59.0,4,18,4,43114.686,41108.09,4765.177218750003,2758.581218749998
2019-04-26 19:00:00,57.0,4,19,4,42891.387,40949.154,4443.89653125,2501.66353125
2019-04-26 20:00:00,55.9,4,20,4,44029.725,41572.69,4564.359281249999,2107.324281250003
2019-04-26 21:00:00,53.1,4,21,4,43455.682,41259.582,4352.987812499996,2156.8878124999974
2019-04-26 22:00:00,52.0,4,22,4,40872.879,39700.201,3273.7795937499977,2101.101593749998
2019-04-26 23:00:00,50.0,4,23,4,38203.041,37733.604,2331.5084374999933,1862.0714374999952
2019-04-27 00:00:00,50.0,4,0,5,36147.575,36065.148,1554.6555312499986,1472.2285312500026
2019-04-27 01:00:00,46.9,4,1,5,34776.595,34924.576,1101.4069687500014,1249.3879687500012
2019-04-27 02:00:00,44.1,4,2,5,34087.886,34315.372,914.372906250006,1141.8589062500105
2019-04-27 03:00:00,45.0,4,3,5,33871.946,33923.503,859.5506562500013,911.1076562499948
2019-04-27 04:00:00,45.0,4,4,5,34397.016,33937.933,1088.3920625000028,629.3090624999968
2019-04-27 05:00:00,43.0,4,5,5,36239.988,34552.243,1943.7203124999944,255.97531249999884
2019-04-27 06:00:00,43.0,4,6,5,39612.286,35658.801,3714.6730937500033,0.0
2019-04-27 07:00:00,41.0,4,7,5,41802.241,36779.631,4529.4403437500005,0.0
2019-04-27 08:00:00,45.0,4,8,5,42880.363,38378.798,4406.319562500001,0.0
2019-04-27 09:00:00,48.0,4,9,5,43481.507,39687.444,4294.799281249994,500.7362812499996
2019-04-27 10:00:00,51.1,4,10,5,44071.747,40444.61,4546.21990625,919.082906249998
2019-04-27 11:00:00,54.0,4,11,5,44293.799,40504.307,4723.666406250006,934.1744062500076
2019-04-27 12:00:00,55.9,4,12,5,44414.313,40050.898,4946.769406250001,583.3544062500005
2019-04-27 13:00:00,55.9,4,13,5,44832.563,39545.857,5703.599281249997,416.8932812499989
2019-04-27 14:00:00,57.9,4,14,5,44759.182,39013.592,6162.345187500003,416.755187499999
2019-04-27 15:00:00,55.9,4,15,5,44508.947,38784.132,6344.763531249999,619.9485312499964
2019-04-27 16:00:00,55.0,4,16,5,44349.82,38669.441,6267.179375,586.8003749999989
2019-04-27 17:00:00,50.0,4,17,5,44268.007,38660.192,5983.6407812499965,375.8257812500015
2019-04-27 18:00:00,48.9,4,18,5,43909.038,38661.351,5559.529218750002,311.84221875000367
2019-04-27 19:00:00,48.0,4,19,5,43854.289,38761.474,5406.798531249995,313.98353124999994
2019-04-27 20:00:00,46.0,4,20,5,44662.265,39838.703,5196.89928125,373.337281250002
2019-04-27 21:00:00,46.0,4,21,5,43977.388,39921.862,4874.693812499994,819.1678124999962
2019-04-27 22:00:00,46.0,4,22,5,41347.022,38678.245,3747.922593749994,1079.1455937499995
2019-04-27 23:00:00,46.0,4,23,5,38780.928,36861.907,2909.395437499996,990.3744374999952
2019-04-28 00:00:00,46.9,4,0,6,36579.246,35305.931,1986.3265312500007,713.0115312499984
2019-04-28 01:00:00,46.9,4,1,6,35351.504,34105.931,1676.315968750001,430.7429687499971
2019-04-28 02:00:00,46.9,4,2,6,34616.347,33428.232,1442.833906250009,254.71890625001103
2019-04-28 03:00:00,46.9,4,3,6,34233.133,33153.819,1220.7376562499994,141.42365625000093
2019-04-28 04:00:00,46.9,4,4,6,34688.473,33170.345,1379.8490624999977,0.0
2019-04-28 05:00:00,46.9,4,5,6,36356.61,33684.37,2060.342312499997,0.0
2019-04-28 06:00:00,48.0,4,6,6,39685.171,34831.607,3787.558093750005,0.0
2019-04-28 07:00:00,46.9,4,7,6,41944.921,35715.505,4672.120343750001,0.0
2019-04-28 08:00:00,46.0,4,8,6,43158.759,37316.503,4684.715562500001,0.0
2019-04-28 09:00:00,45.0,4,9,6,43901.107,38061.31,4714.39928125,0.0
2019-04-28 10:00:00,44.1,4,10,6,44537.808,38115.499,5012.280906249995,0.0
2019-04-28 11:00:00,45.0,4,11,6,44626.204,37752.675,5056.071406250005,0.0
2019-04-28 12:00:00,45.0,4,12,6,44547.491,37599.4,5079.947406250001,0.0
2019-04-28 13:00:00,48.9,4,13,6,44287.43,36705.552,5158.466281249996,0.0
2019-04-28 14:00:00,53.1,4,14,6,43673.592,36039.585,5076.755187499999,0.0
2019-04-28 15:00:00,52.0,4,15,6,43066.691,35434.245,4902.507531249998,0.0
2019-04-28 16:00:00,54.0,4,16,6,42515.774,35235.071,4433.133374999998,0.0
2019-04-28 17:00:00,55.0,4,17,6,42236.219,35384.821,3951.852781249996,0.0
2019-04-28 18:00:00,55.0,4,18,6,41575.436,35693.121,3225.927218750003,0.0
2019-04-28 19:00:00,54.0,4,19,6,41211.563,36541.346,2764.07253125,0.0
2019-04-28 20:00:00,52.0,4,20,6,41907.769,38187.991,2442.403281250001,0.0
2019-04-28 21:00:00,48.0,4,21,6,41876.732,38486.452,2774.037812499999,0.0
2019-04-28 22:00:00,46.9,4,22,6,40205.049,37268.988,2605.949593749996,0.0
2019-04-28 23:00:00,45.0,4,23,6,38124.556,35560.09,2253.0234374999927,0.0
2019-04-29 00:00:00,44.1,4,0,0,36287.487,34234.513,1694.5675312500025,0.0
2019-04-29 01:00:00,43.0,4,1,0,35249.016,33562.181,1573.8279687500035,0.0
2019-04-29 02:00:00,43.0,4,2,0,34620.481,33141.68,1446.9679062500072,0.0
2019-04-29 03:00:00,44.1,4,3,0,34396.55,33421.488,1384.1546562500007,409.09265624999534
2019-04-29 04:00:00,44.1,4,4,0,34638.263,34272.52,1329.6390624999983,963.8960624999964
2019-04-29 05:00:00,43.0,4,5,0,35607.371,36386.284,1311.1033124999958,2090.0163124999963
2019-04-29 06:00:00,43.0,4,6,0,36658.149,39765.743,760.5360937500009,3868.1300937500055
2019-04-29 07:00:00,43.0,4,7,0,37916.65,42051.626,643.8493437500001,4778.825343749995
2019-04-29 08:00:00,44.1,4,8,0,39136.692,43199.586,662.6485625000059,4725.542562500006
2019-04-29 09:00:00,46.9,4,9,0,40009.57,43667.265,822.8622812499962,4480.557281249996
2019-04-29 10:00:00,50.0,4,10,0,40222.906,44104.446,697.37890625,4578.918906250001
2019-04-29 11:00:00,54.0,4,11,0,40120.737,44207.007,550.6044062500077,4636.8744062500045
2019-04-29 12:00:00,59.0,4,12,0,39892.365,44106.928,424.8214062499974,4639.384406249999
2019-04-29 13:00:00,61.0,4,13,0,39467.553,44184.169,338.5892812499951,5055.205281249997
2019-04-29 14:00:00,66.0,4,14,0,39027.503,44385.933,430.6661874999991,5789.096187499999
2019-04-29 15:00:00,66.9,4,15,0,38878.423,44175.275,714.2395312500012,6011.09153125
2019-04-29 16:00:00,69.1,4,16,0,39131.745,44066.957,1049.1043750000026,5984.316375000002
2019-04-29 17:00:00,71.1,4,17,0,39486.042,43994.021,1201.67578125,5709.654781249999
2019-04-29 18:00:00,72.0,4,18,0,39672.675,43961.13,1323.1662187500042,5611.621218749999
2019-04-29 19:00:00,73.0,4,19,0,40116.432,43932.305,1668.941531249999,5484.814531249998
2019-04-29 20:00:00,73.0,4,20,0,40991.082,44641.334,1525.7162812500028,5175.968281250003
2019-04-29 21:00:00,73.0,4,21,0,40697.117,44118.684,1594.4228124999936,5015.989812499996
2019-04-29 22:00:00,61.0,4,22,0,39142.302,41384.957,1543.2025937500002,3785.857593749999
2019-04-29 23:00:00,59.0,4,23,0,37244.894,38512.134,1373.361437499996,2640.601437499994
2019-04-30 00:00:00,57.0,4,0,1,35627.866,36170.258,1034.946531250003,1577.3385312500031
2019-04-30 01:00:00,54.0,4,1,1,34476.043,34794.793,800.8549687499981,1119.604968749998
2019-04-30 02:00:00,53.1,4,2,1,33855.031,34118.624,681.5179062500101,945.1109062500108
2019-04-30 03:00:00,52.0,4,3,1,33428.324,33950.538,415.9286562499983,938.1426562499984
2019-04-30 04:00:00,52.0,4,4,1,33459.202,34529.599,150.57806249999703,1220.9750625000015
2019-04-30 05:00:00,51.1,4,5,1,33873.163,36374.517,0.0,2078.2493124999964
2019-04-30 06:00:00,50.0,4,6,1,34643.699,39645.48,0.0,3747.867093750008
2019-04-30 07:00:00,50.0,4,7,1,35433.386,41839.666,0.0,4566.865343749996
2019-04-30 08:00:00,50.0,4,8,1,36932.538,42836.477,0.0,4362.433562500002
2019-04-30 09:00:00,51.1,4,9,1,38076.111,43543.221,0.0,4356.513281249994
2019-04-30 10:00:00,52.0,4,10,1,38625.104,43801.286,0.0,4275.758906249997
2019-04-30 11:00:00,54.0,4,11,1,38714.809,44088.529,0.0,4518.396406250009
2019-04-30 12:00:00,57.9,4,12,1,38717.881,44501.347,0.0,5033.803406250001
2019-04-30 13:00:00,59.0,4,13,1,38346.173,44904.024,0.0,5775.060281249993
2019-04-30 14:00:00,53.1,4,14,1,37903.541,44946.193,0.0,6349.356187500001
2019-04-30 15:00:00,54.0,4,15,1,37549.486,44686.45,0.0,6522.266531249996
2019-04-30 16:00:00,57.0,4,16,1,37795.189,44514.16,0.0,6431.519375000004
2019-04-30 17:00:00,59.0,4,17,1,38158.625,44354.818,0.0,6070.451781249998
2019-04-30 18:00:00,59.0,4,18,1,38619.482,43885.848,269.9732187500049,5536.339218749999
2019-04-30 19:00:00,59.0,4,19,1,38974.112,43662.902,526.621531249999,5215.41153125
2019-04-30 20:00:00,57.9,4,20,1,40513.443,44520.347,1048.07728125,5054.981281250002
2019-04-30 21:00:00,55.9,4,21,1,40817.37,43964.33,1714.6758124999978,4861.635812499997
2019-04-30 22:00:00,55.9,4,22,1,39389.48,41123.133,1790.38059375,3524.0335937499985
2019-04-30 23:00:00,57.0,4,23,1,37636.392,38321.744,1764.8594374999957,2450.211437499994
2019-05-01 00:00:00,57.9,5,0,2,36216.369,36083.284,1623.4495312500003,1490.3645312500012
2019-05-01 01:00:00,59.0,5,1,2,35647.551,34772.216,1972.36296875,1097.0279687500006
2019-05-01 02:00:00,59.0,5,2,2,35397.733,33964.622,2224.219906250008,791.1089062500105
2019-05-01 03:00:00,57.0,5,3,2,35531.475,33753.348,2519.0796562499963,740.9526562499959
2019-05-01 04:00:00,53.1,5,4,2,36446.364,34250.503,3137.740062500001,941.8790624999964
2019-05-01 05:00:00,54.0,5,5,2,38993.497,36158.055,4697.2293125,1861.787312499997
2019-05-01 06:00:00,55.9,5,6,2,42654.169,39610.615,6756.556093750005,3713.002093750001
2019-05-01 07:00:00,59.0,5,7,2,45015.872,41638.352,7743.071343750002,4365.551343749998
2019-05-01 08:00:00,64.9,5,8,2,45847.877,42673.672,7373.833562500004,4199.628562500002
2019-05-01 09:00:00,68.0,5,9,2,45953.828,43122.711,6767.120281249998,3936.00328125
2019-05-01 10:00:00,73.0,5,10,2,46048.925,43573.271,6523.39790625,4047.743906249998
2019-05-01 11:00:00,75.0,5,11,2,45857.884,43549.294,6287.751406250005,3979.161406250008
2019-05-01 12:00:00,80.1,5,12,2,45728.689,43617.725,6261.145406249998,4150.181406249998
2019-05-01 13:00:00,81.0,5,13,2,45507.148,43812.588,6378.184281249996,4683.624281249999
2019-05-01 14:00:00,82.9,5,14,2,45060.949,43770.072,6464.112187500003,5173.235187500002
2019-05-01 15:00:00,81.0,5,15,2,44535.329,43606.15,6371.145531249997,5441.96653125
2019-05-01 16:00:00,81.0,5,16,2,44365.764,43409.082,6283.123375000003,5326.441375000002
2019-05-01 17:00:00,81.0,5,17,2,44340.373,43280.742,6056.006781249998,4996.375781249997
2019-05-01 18:00:00,80.1,5,18,2,44197.904,43114.686,5848.395218750004,4765.177218750003
2019-05-01 19:00:00,80.1,5,19,2,43959.092,42891.387,5511.601531249995,4443.89653125
2019-05-01 20:00:00,69.1,5,20,2,44836.734,44029.725,5371.368281249997,4564.359281249999
2019-05-01 21:00:00,64.9,5,21,2,44324.02,43455.682,5221.325812499992,4352.987812499996
2019-05-01 22:00:00,64.0,5,22,2,41744.578,40872.879,4145.478593749998,3273.7795937499977
2019-05-01 23:00:00,62.1,5,23,2,38851.756,38203.041,2980.223437499997,2331.5084374999933
2019-05-02 00:00:00,62.1,5,0,3,36925.532,36147.575,2332.6125312500008,1554.6555312499986
2019-05-02 01:00:00,62.1,5,1,3,35571.904,34776.595,1896.7159687500025,1101.4069687500014
2019-05-02 02:00:00,62.1,5,2,3,34847.679,34087.886,1674.165906250004,914.372906250006
2019-05-02 03:00:00,62.1,5,3,3,34587.316,33871.946,1574.920656249997,859.5506562500013
2019-05-02 04:00:00,61.0,5,4,3,35247.155,34397.016,1938.5310624999984,1088.3920625000028
2019-05-02 05:00:00,61.0,5,5,3,37147.62,36239.988,2851.3523124999992,1943.7203124999944
2019-05-02 06:00:00,60.1,5,6,3,40638.331,39612.286,4740.718093750002,3714.6730937500033
2019-05-02 07:00:00,61.0,5,7,3,42897.55,41802.241,5624.749343750002,4529.4403437500005
2019-05-02 08:00:00,61.0,5,8,3,43993.915,42880.363,5519.871562500004,4406.319562500001
2019-05-02 09:00:00,62.1,5,9,3,44595.065,43481.507,5408.357281249999,4294.799281249994
2019-05-02 10:00:00,64.0,5,10,3,45114.054,44071.747,5588.526906249994,4546.21990625
2019-05-02 11:00:00,66.9,5,11,3,45457.253,44293.799,5887.120406250004,4723.666406250006
2019-05-02 12:00:00,72.0,5,12,3,45572.31,44414.313,6104.766406249997,4946.769406250001
2019-05-02 13:00:00,72.0,5,13,3,45740.948,44832.563,6611.984281249992,5703.599281249997
2019-05-02 14:00:00,73.9,5,14,3,45710.434,44759.182,7113.597187500003,6162.345187500003
2019-05-02 15:00:00,77.0,5,15,3,45730.599,44508.947,7566.415531250001,6344.763531249999
2019-05-02 16:00:00,75.9,5,16,3,45913.952,44349.82,7831.311374999997,6267.179375
2019-05-02 17:00:00,73.9,5,17,3,45849.309,44268.007,7564.94278125,5983.6407812499965
2019-05-02 18:00:00,73.9,5,18,3,45597.968,43909.038,7248.459218750002,5559.529218750002
2019-05-02 19:00:00,75.0,5,19,3,45408.931,43854.289,6961.440531249995,5406.798531249995
2019-05-02 20:00:00,73.0,5,20,3,46003.889,44662.265,6538.523281250004,5196.89928125
2019-05-02 21:00:00,70.0,5,21,3,45489.357,43977.388,6386.662812499999,4874.693812499994
2019-05-02 22:00:00,66.9,5,22,3,42617.832,41347.022,5018.732593749999,3747.922593749994
2019-05-02 23:00:00,66.0,5,23,3,39813.206,38780.928,3941.673437499994,2909.395437499996
2019-05-03 00:00:00,64.0,5,0,4,37736.364,36579.246,4404.846363636367,1986.3265312500007
2019-05-03 01:00:00,63.0,5,1,4,36384.837,35351.504,4411.43072727272,1676.315968750001
2019-05-03 02:00:00,63.0,5,2,4,35569.402,34616.347,4490.139727272734,1442.833906250009
2019-05-03 03:00:00,62.1,5,3,4,35273.816,34233.133,4746.107545454539,1220.7376562499994
2019-05-03 04:00:00,62.1,5,4,4,35649.466,34688.473,5248.7816363636375,1379.8490624999977
2019-05-03 05:00:00,62.1,5,5,4,37285.011,36356.61,6602.404727272718,2060.342312499997
2019-05-03 06:00:00,63.0,5,6,4,40444.131,39685.171,9376.81136363636,3787.558093750005
2019-05-03 07:00:00,63.0,5,7,4,42611.059,41944.921,10636.79890909091,4672.120343750001
2019-05-03 08:00:00,63.0,5,8,4,43816.24,43158.759,10242.66781818182,4684.715562500001
2019-05-03 09:00:00,63.0,5,9,4,44447.881,43901.107,9351.936818181828,4714.39928125
2019-05-03 10:00:00,63.0,5,10,4,45448.711,44537.808,9208.161545454546,5012.280906249995
2019-05-03 11:00:00,64.0,5,11,4,46190.552,44626.204,9032.598545454544,5056.071406250005
2019-05-03 12:00:00,64.9,5,12,4,46907.83,44547.491,9083.701272727274,5079.947406250001
2019-05-03 13:00:00,66.0,5,13,4,47230.924,44287.43,9004.770727272728,5158.466281249996
2019-05-03 14:00:00,66.0,5,14,4,47485.35,43673.592,9012.444727272728,5076.755187499999
2019-05-03 15:00:00,66.9,5,15,4,47355.681,43066.691,8592.270363636359,4902.507531249998
2019-05-03 16:00:00,66.9,5,16,4,47274.993,42515.774,8068.631090909097,4433.133374999998
2019-05-03 17:00:00,69.1,5,17,4,47068.462,42236.219,7379.654272727268,3951.852781249996
2019-05-03 18:00:00,68.0,5,18,4,46405.402,41575.436,6641.642363636369,3225.927218750003
2019-05-03 19:00:00,68.0,5,19,4,46124.692,41211.563,6666.850727272729,2764.07253125
2019-05-03 20:00:00,66.9,5,20,4,46446.05,41907.769,7105.887545454541,2442.403281250001
2019-05-03 21:00:00,62.1,5,21,4,45981.423,41876.732,6693.2464545454495,2774.037812499999
2019-05-03 22:00:00,57.9,5,22,4,42930.324,40205.049,5282.59636363636,2605.949593749996
2019-05-03 23:00:00,55.9,5,23,4,40170.979,38124.556,4611.277272727275,2253.0234374999927
2019-05-04 00:00:00,54.0,5,0,5,37814.24,36287.487,4482.722363636363,1694.5675312500025
2019-05-04 01:00:00,54.0,5,1,5,36300.59,35249.016,4327.183727272717,1573.8279687500035
2019-05-04 02:00:00,54.0,5,2,5,35277.347,34620.481,4198.084727272733,1446.9679062500072
2019-05-04 03:00:00,54.0,5,3,5,34936.683,34396.55,4408.974545454537,1384.1546562500007
2019-05-04 04:00:00,53.1,5,4,5,35366.589,34638.263,4965.904636363637,1329.6390624999983
2019-05-04 05:00:00,52.0,5,5,5,37211.39,35607.371,6528.783727272719,1311.1033124999958
2019-05-04 06:00:00,52.0,5,6,5,40427.891,36658.149,9360.571363636362,760.5360937500009
2019-05-04 07:00:00,52.0,5,7,5,42754.442,37916.65,10780.181909090912,643.8493437500001
2019-05-04 08:00:00,53.1,5,8,5,44253.027,39136.692,10679.454818181825,662.6485625000059
2019-05-04 09:00:00,54.0,5,9,5,45399.849,40009.57,10303.904818181829,822.8622812499962
2019-05-04 10:00:00,54.0,5,10,5,46354.015,40222.906,10113.465545454545,697.37890625
2019-05-04 11:00:00,54.0,5,11,5,47157.403,40120.737,9999.44954545454,550.6044062500077
2019-05-04 12:00:00,54.0,5,12,5,47686.952,39892.365,9862.82327272727,424.8214062499974
2019-05-04 13:00:00,55.0,5,13,5,48302.654,39467.553,10076.50072727273,338.5892812499951
2019-05-04 14:00:00,54.0,5,14,5,48433.8,39027.503,9960.894727272733,430.6661874999991
2019-05-04 15:00:00,55.0,5,15,5,48209.185,38878.423,9445.77436363636,714.2395312500012
2019-05-04 16:00:00,55.9,5,16,5,48295.116,39131.745,9088.754090909097,1049.1043750000026
2019-05-04 17:00:00,55.0,5,17,5,47964.691,39486.042,8275.883272727267,1201.67578125
2019-05-04 18:00:00,55.0,5,18,5,47376.016,39672.675,7612.25636363637,1323.1662187500042
2019-05-04 19:00:00,55.0,5,19,5,46632.202,40116.432,7174.360727272724,1668.941531249999
2019-05-04 20:00:00,55.9,5,20,5,46956.301,40991.082,7616.138545454538,1525.7162812500028
2019-05-04 21:00:00,55.0,5,21,5,46290.176,40697.117,7001.999454545447,1594.4228124999936
2019-05-04 22:00:00,55.0,5,22,5,43594.856,39142.302,5947.128363636359,1543.2025937500002
2019-05-04 23:00:00,55.0,5,23,5,40336.42,37244.894,4776.718272727274,1373.361437499996
2019-05-05 00:00:00,53.1,5,0,6,37922.463,35627.866,4590.945363636369,1034.946531250003
2019-05-05 01:00:00,53.1,5,1,6,36295.634,34476.043,4322.227727272719,800.8549687499981
2019-05-05 02:00:00,53.1,5,2,6,35354.704,33855.031,4275.44172727273,681.5179062500101
2019-05-05 03:00:00,53.1,5,3,6,34971.367,33428.324,4443.658545454538,415.9286562499983
2019-05-05 04:00:00,52.0,5,4,6,35231.774,33459.202,4831.089636363635,150.57806249999703
2019-05-05 05:00:00,52.0,5,5,6,36932.176,33873.163,6249.569727272719,0.0
2019-05-05 06:00:00,48.9,5,6,6,40097.838,34643.699,9030.518363636362,0.0
2019-05-05 07:00:00,50.0,5,7,6,42454.816,35433.386,10480.555909090908,0.0
2019-05-05 08:00:00,50.0,5,8,6,43831.598,36932.538,10258.02581818182,0.0
2019-05-05 09:00:00,51.1,5,9,6,44639.288,38076.111,9543.343818181827,0.0
2019-05-05 10:00:00,52.0,5,10,6,45177.728,38625.104,8937.178545454546,0.0
2019-05-05 11:00:00,52.0,5,11,6,45408.341,38714.809,8250.387545454541,0.0
2019-05-05 12:00:00,52.0,5,12,6,45808.33,38717.881,7984.201272727274,0.0
2019-05-05 13:00:00,55.9,5,13,6,46024.911,38346.173,7798.757727272728,0.0
2019-05-05 14:00:00,52.0,5,14,6,45825.29,37903.541,7352.384727272729,0.0
2019-05-05 15:00:00,57.0,5,15,6,45268.936,37549.486,6505.525363636363,0.0
2019-05-05 16:00:00,63.0,5,16,6,45058.476,37795.189,5852.114090909097,0.0
2019-05-05 17:00:00,63.0,5,17,6,44516.882,38158.625,4828.074272727266,0.0
2019-05-05 18:00:00,66.0,5,18,6,44006.773,38619.482,4243.013363636368,269.9732187500049
2019-05-05 19:00:00,64.9,5,19,6,43266.746,38974.112,3808.9047272727257,526.621531249999
2019-05-05 20:00:00,63.0,5,20,6,43604.203,40513.443,4264.04054545454,1048.07728125
2019-05-05 21:00:00,57.9,5,21,6,43136.093,40817.37,3847.916454545448,1714.6758124999978
2019-05-05 22:00:00,57.0,5,22,6,41004.46,39389.48,3356.732363636358,1790.38059375
2019-05-05 23:00:00,51.1,5,23,6,38399.184,37636.392,2839.4822727272767,1764.8594374999957
2019-05-06 00:00:00,51.1,5,0,0,36129.478,36216.369,2797.960363636368,1623.4495312500003
2019-05-06 01:00:00,48.9,5,1,0,34619.239,35647.551,2645.832727272722,1972.36296875
2019-05-06 02:00:00,46.9,5,2,0,33718.127,35397.733,2638.864727272732,2224.219906250008
2019-05-06 03:00:00,46.9,5,3,0,33304.451,35531.475,2776.742545454541,2519.0796562499963
2019-05-06 04:00:00,45.0,5,4,0,33273.913,36446.364,2873.2286363636376,3137.740062500001
2019-05-06 05:00:00,44.1,5,5,0,33806.952,38993.497,3124.3457272727173,4697.2293125
2019-05-06 06:00:00,44.1,5,6,0,34712.541,42654.169,3645.221363636356,6756.556093750005
2019-05-06 07:00:00,45.0,5,7,0,35960.75,45015.872,3986.489909090909,7743.071343750002
2019-05-06 08:00:00,48.9,5,8,0,37633.799,45847.877,4060.2268181818217,7373.833562500004
2019-05-06 09:00:00,54.0,5,9,0,39094.61,45953.828,3998.665818181828,6767.120281249998
2019-05-06 10:00:00,61.0,5,10,0,40020.595,46048.925,3780.045545454545,6523.39790625
2019-05-06 11:00:00,64.9,5,11,0,40283.255,45857.884,3125.3015454545384,6287.751406250005
2019-05-06 12:00:00,69.1,5,12,0,40356.283,45728.689,2532.1542727272754,6261.145406249998
2019-05-06 13:00:00,71.1,5,13,0,40081.389,45507.148,1855.2357272727315,6378.184281249996
2019-05-06 14:00:00,71.1,5,14,0,39805.792,45060.949,1332.886727272729,6464.112187500003
2019-05-06 15:00:00,73.0,5,15,0,39634.261,44535.329,870.8503636363603,6371.145531249997
2019-05-06 16:00:00,75.0,5,16,0,39701.758,44365.764,495.3960909090965,6283.123375000003
2019-05-06 17:00:00,73.9,5,17,0,39688.669,44340.373,0.0,6056.006781249998
2019-05-06 18:00:00,73.9,5,18,0,39275.387,44197.904,0.0,5848.395218750004
2019-05-06 19:00:00,73.0,5,19,0,38989.494,43959.092,0.0,5511.601531249995
2019-05-06 20:00:00,71.1,5,20,0,39355.244,44836.734,15.081545454537263,5371.368281249997
2019-05-06 21:00:00,68.0,5,21,0,39401.641,44324.02,113.46445454545028,5221.325812499992
2019-05-06 22:00:00,66.9,5,22,0,37886.674,41744.578,238.946363636358,4145.478593749998
2019-05-06 23:00:00,64.0,5,23,0,35904.424,38851.756,344.7222727272747,2980.223437499997
2019-05-07 00:00:00,61.0,5,0,1,34079.529,36925.532,748.0113636363676,2332.6125312500008
2019-05-07 01:00:00,57.0,5,1,1,32808.125,35571.904,834.7187272727206,1896.7159687500025
2019-05-07 02:00:00,55.0,5,2,1,32138.392,34847.679,1059.1297272727315,1674.165906250004
2019-05-07 03:00:00,55.9,5,3,1,31661.984,34587.316,1134.2755454545404,1574.920656249997
2019-05-07 04:00:00,54.0,5,4,1,31622.773,35247.155,1222.0886363636382,1938.5310624999984
2019-05-07 05:00:00,53.1,5,5,1,32054.324,37147.62,1371.7177272727204,2851.3523124999992
2019-05-07 06:00:00,53.1,5,6,1,32702.737,40638.331,1635.4173636363594,4740.718093750002
2019-05-07 07:00:00,53.1,5,7,1,33394.896,42897.55,1420.63590909091,5624.749343750002
2019-05-07 08:00:00,55.9,5,8,1,34958.594,43993.915,1385.02181818182,5519.871562500004
2019-05-07 09:00:00,60.1,5,9,1,36284.754,44595.065,1188.8098181818275,5408.357281249999
2019-05-07 10:00:00,64.0,5,10,1,36935.044,45114.054,694.494545454545,5588.526906249994
2019-05-07 11:00:00,68.0,5,11,1,37385.544,45457.253,227.5905454545428,5887.120406250004
2019-05-07 12:00:00,73.0,5,12,1,37638.594,45572.31,0.0,6104.766406249997
2019-05-07 13:00:00,73.9,5,13,1,37517.825,45740.948,0.0,6611.984281249992
2019-05-07 14:00:00,75.9,5,14,1,37394.647,45710.434,0.0,7113.597187500003
2019-05-07 15:00:00,77.0,5,15,1,37549.941,45730.599,0.0,7566.415531250001
2019-05-07 16:00:00,77.0,5,16,1,38062.538,45913.952,0.0,7831.311374999997
2019-05-07 17:00:00,75.9,5,17,1,38511.613,45849.309,0.0,7564.94278125
2019-05-07 18:00:00,73.0,5,18,1,38752.283,45597.968,0.0,7248.459218750002
2019-05-07 19:00:00,70.0,5,19,1,39035.955,45408.931,0.0,6961.440531249995
2019-05-07 20:00:00,68.0,5,20,1,39720.109,46003.889,379.9465454545352,6538.523281250004
2019-05-07 21:00:00,64.9,5,21,1,40086.629,45489.357,798.4524545454478,6386.662812499999
2019-05-07 22:00:00,61.0,5,22,1,38229.065,42617.832,581.3373636363613,5018.732593749999
2019-05-07 23:00:00,59.0,5,23,1,36078.358,39813.206,518.6562727272758,3941.673437499994
2019-05-08 00:00:00,55.9,5,0,2,34399.494,37736.364,1067.976363636364,4404.846363636367
2019-05-08 01:00:00,53.1,5,1,2,33426.255,36384.837,1452.848727272718,4411.43072727272
2019-05-08 02:00:00,52.0,5,2,2,32919.075,35569.402,1839.8127272727288,4490.139727272734
2019-05-08 03:00:00,51.1,5,3,2,32736.012,35273.816,2208.303545454539,4746.107545454539
2019-05-08 04:00:00,50.0,5,4,2,33514.365,35649.466,3113.680636363635,5248.7816363636375
2019-05-08 05:00:00,50.0,5,5,2,35516.624,37285.011,4834.017727272723,6602.404727272718
2019-05-08 06:00:00,50.0,5,6,2,39044.947,40444.131,7977.6273636363585,9376.81136363636
2019-05-08 07:00:00,50.0,5,7,2,41353.578,42611.059,9379.31790909091,10636.79890909091
2019-05-08 08:00:00,52.0,5,8,2,42661.566,43816.24,9087.993818181822,10242.66781818182
2019-05-08 09:00:00,55.9,5,9,2,43392.072,44447.881,8296.127818181827,9351.936818181828
2019-05-08 10:00:00,59.0,5,10,2,44134.782,45448.711,7894.232545454543,9208.161545454546
2019-05-08 11:00:00,64.0,5,11,2,44511.164,46190.552,7353.210545454538,9032.598545454544
2019-05-08 12:00:00,70.0,5,12,2,44829.6,46907.83,7005.471272727271,9083.701272727274
2019-05-08 13:00:00,71.1,5,13,2,45186.388,47230.924,6960.234727272728,9004.770727272728
2019-05-08 14:00:00,73.9,5,14,2,45213.122,47485.35,6740.216727272731,9012.444727272728
2019-05-08 15:00:00,78.1,5,15,2,45201.563,47355.681,6438.152363636364,8592.270363636359
2019-05-08 16:00:00,78.1,5,16,2,45254.506,47274.993,6048.144090909096,8068.631090909097
2019-05-08 17:00:00,80.1,5,17,2,45367.951,47068.462,5679.1432727272695,7379.654272727268
2019-05-08 18:00:00,80.1,5,18,2,45007.689,46405.402,5243.929363636365,6641.642363636369
2019-05-08 19:00:00,79.0,5,19,2,44642.839,46124.692,5184.997727272727,6666.850727272729
2019-05-08 20:00:00,75.9,5,20,2,45065.431,46446.05,5725.268545454535,7105.887545454541
2019-05-08 21:00:00,73.0,5,21,2,44758.619,45981.423,5470.442454545446,6693.2464545454495
2019-05-08 22:00:00,73.0,5,22,2,41929.812,42930.324,4282.084363636357,5282.59636363636
2019-05-08 23:00:00,72.0,5,23,2,38777.611,40170.979,3217.9092727272728,4611.277272727275
2019-05-09 00:00:00,71.1,5,0,3,36421.673,37814.24,3090.155363636368,4482.722363636363
2019-05-09 01:00:00,71.1,5,1,3,34894.811,36300.59,2921.404727272722,4327.183727272717
2019-05-09 02:00:00,70.0,5,2,3,34203.6,35277.347,3124.3377272727303,4198.084727272733
2019-05-09 03:00:00,69.1,5,3,3,33637.085,34936.683,3109.376545454539,4408.974545454537
2019-05-09 04:00:00,66.9,5,4,3,34073.258,35366.589,3672.573636363639,4965.904636363637
2019-05-09 05:00:00,66.9,5,5,3,36000.021,37211.39,5317.4147272727205,6528.783727272719
2019-05-09 06:00:00,66.0,5,6,3,38909.615,40427.891,7842.295363636356,9360.571363636362
2019-05-09 07:00:00,68.0,5,7,3,41487.945,42754.442,9513.684909090907,10780.181909090912
2019-05-09 08:00:00,68.0,5,8,3,42759.446,44253.027,9185.873818181826,10679.454818181825
2019-05-09 09:00:00,72.0,5,9,3,43698.768,45399.849,8602.823818181823,10303.904818181829
2019-05-09 10:00:00,73.0,5,10,3,44463.768,46354.015,8223.21854545454,10113.465545454545
2019-05-09 11:00:00,73.9,5,11,3,45134.439,47157.403,7976.4855454545395,9999.44954545454
2019-05-09 12:00:00,77.0,5,12,3,45606.996,47686.952,7782.867272727271,9862.82327272727
2019-05-09 13:00:00,75.0,5,13,3,46084.685,48302.654,7858.531727272726,10076.50072727273
2019-05-09 14:00:00,79.0,5,14,3,46431.446,48433.8,7958.540727272732,9960.894727272733
2019-05-09 15:00:00,77.0,5,15,3,46488.509,48209.185,7725.09836363636,9445.77436363636
2019-05-09 16:00:00,75.9,5,16,3,46496.499,48295.116,7290.137090909098,9088.754090909097
2019-05-09 17:00:00,75.9,5,17,3,46205.946,47964.691,6517.138272727272,8275.883272727267
2019-05-09 18:00:00,71.1,5,18,3,45722.529,47376.016,5958.769363636369,7612.25636363637
2019-05-09 19:00:00,69.1,5,19,3,45193.587,46632.202,5735.745727272726,7174.360727272724
2019-05-09 20:00:00,66.9,5,20,3,45792.402,46956.301,6452.23954545454,7616.138545454538
2019-05-09 21:00:00,66.0,5,21,3,45307.218,46290.176,6019.041454545448,7001.999454545447
2019-05-09 22:00:00,66.0,5,22,3,42530.179,43594.856,4882.451363636355,5947.128363636359
2019-05-09 23:00:00,64.9,5,23,3,39353.323,40336.42,3793.621272727272,4776.718272727274
2019-05-10 00:00:00,63.0,5,0,4,37172.838,37922.463,3841.3203636363687,4590.945363636369
2019-05-10 01:00:00,63.0,5,1,4,35570.58,36295.634,3597.1737272727223,4322.227727272719
2019-05-10 02:00:00,63.0,5,2,4,34682.79,35354.704,3603.5277272727326,4275.44172727273
2019-05-10 03:00:00,63.0,5,3,4,34317.881,34971.367,3790.172545454541,4443.658545454538
2019-05-10 04:00:00,63.0,5,4,4,34776.836,35231.774,4376.15163636364,4831.089636363635
2019-05-10 05:00:00,63.0,5,5,4,36652.408,36932.176,5969.801727272723,6249.569727272719
2019-05-10 06:00:00,63.0,5,6,4,39933.979,40097.838,8866.659363636358,9030.518363636362
2019-05-10 07:00:00,61.0,5,7,4,42277.292,42454.816,10303.03190909091,10480.555909090908
2019-05-10 08:00:00,61.0,5,8,4,43478.434,43831.598,9904.861818181824,10258.02581818182
2019-05-10 09:00:00,60.1,5,9,4,44458.09,44639.288,9362.145818181823,9543.343818181827
2019-05-10 10:00:00,57.0,5,10,4,44967.78,45177.728,8727.230545454542,8937.178545454546
2019-05-10 11:00:00,57.9,5,11,4,45257.601,45408.341,8099.647545454543,8250.387545454541
2019-05-10 12:00:00,57.0,5,12,4,45891.771,45808.33,8067.642272727273,7984.201272727274
2019-05-10 13:00:00,57.0,5,13,4,46550.283,46024.911,8324.129727272732,7798.757727272728
2019-05-10 14:00:00,59.0,5,14,4,47067.835,45825.29,8594.929727272727,7352.384727272729
2019-05-10 15:00:00,59.0,5,15,4,47351.289,45268.936,8587.878363636359,6505.525363636363
2019-05-10 16:00:00,59.0,5,16,4,47612.069,45058.476,8405.707090909098,5852.114090909097
2019-05-10 17:00:00,59.0,5,17,4,47797.522,44516.882,8108.714272727266,4828.074272727266
2019-05-10 18:00:00,57.9,5,18,4,47405.372,44006.773,7641.61236363637,4243.013363636368
2019-05-10 19:00:00,55.9,5,19,4,46766.114,43266.746,7308.272727272728,3808.9047272727257
2019-05-10 20:00:00,55.0,5,20,4,46804.116,43604.203,7463.95354545454,4264.04054545454
2019-05-10 21:00:00,53.1,5,21,4,46689.449,43136.093,7401.272454545447,3847.916454545448
2019-05-10 22:00:00,52.0,5,22,4,43837.246,41004.46,6189.518363636358,3356.732363636358
2019-05-10 23:00:00,52.0,5,23,4,40462.331,38399.184,4902.629272727274,2839.4822727272767
2019-05-11 00:00:00,50.0,5,0,5,38078.752,36129.478,4747.234363636366,2797.960363636368
2019-05-11 01:00:00,50.0,5,1,5,36427.943,34619.239,4454.53672727272,2645.832727272722
2019-05-11 02:00:00,51.1,5,2,5,35464.921,33718.127,4385.658727272734,2638.864727272732
2019-05-11 03:00:00,46.9,5,3,5,35074.971,33304.451,4547.262545454538,2776.742545454541
2019-05-11 04:00:00,45.0,5,4,5,35353.223,33273.913,4952.538636363635,2873.2286363636376
2019-05-11 05:00:00,44.1,5,5,5,37206.252,33806.952,6523.64572727272,3124.3457272727173
2019-05-11 06:00:00,45.0,5,6,5,40156.116,34712.541,9088.79636363636,3645.221363636356
2019-05-11 07:00:00,44.1,5,7,5,42754.416,35960.75,10780.155909090909,3986.489909090909
2019-05-11 08:00:00,48.9,5,8,5,44522.646,37633.799,10949.073818181823,4060.2268181818217
2019-05-11 09:00:00,52.0,5,9,5,45773.088,39094.61,10677.14381818183,3998.665818181828
2019-05-11 10:00:00,55.9,5,10,5,47026.812,40020.595,10786.26254545454,3780.045545454545
2019-05-11 11:00:00,57.9,5,11,5,47803.498,40283.255,10645.54454545454,3125.3015454545384
2019-05-11 12:00:00,60.1,5,12,5,48592.476,40356.283,10768.347272727277,2532.1542727272754
2019-05-11 13:00:00,62.1,5,13,5,48799.37,40081.389,10573.216727272733,1855.2357272727315
2019-05-11 14:00:00,64.9,5,14,5,48567.935,39805.792,10095.029727272726,1332.886727272729
2019-05-11 15:00:00,66.0,5,15,5,48143.371,39634.261,9379.96036363636,870.8503636363603
2019-05-11 16:00:00,66.0,5,16,5,47802.051,39701.758,8595.689090909094,495.3960909090965
2019-05-11 17:00:00,66.9,5,17,5,47316.981,39688.669,7628.173272727268,0.0
2019-05-11 18:00:00,66.9,5,18,5,46557.183,39275.387,6793.423363636364,0.0
2019-05-11 19:00:00,64.9,5,19,5,45995.208,38989.494,6537.366727272725,0.0
2019-05-11 20:00:00,63.0,5,20,5,46402.2,39355.244,7062.037545454536,15.081545454537263
2019-05-11 21:00:00,61.0,5,21,5,45715.736,39401.641,6427.559454545444,113.46445454545028
2019-05-11 22:00:00,55.9,5,22,5,43065.441,37886.674,5417.713363636358,238.946363636358
2019-05-11 23:00:00,50.0,5,23,5,39944.185,35904.424,4384.483272727273,344.7222727272747
2019-05-12 00:00:00,48.0,5,0,6,37825.551,34079.529,4494.033363636365,748.0113636363676
2019-05-12 01:00:00,46.9,5,1,6,36015.817,32808.125,4042.4107272727233,834.7187272727206
2019-05-12 02:00:00,46.0,5,2,6,35254.79,32138.392,4175.527727272733,1059.1297272727315
2019-05-12 03:00:00,46.9,5,3,6,34773.068,31661.984,4245.359545454539,1134.2755454545404
2019-05-12 04:00:00,46.9,5,4,6,34959.372,31622.773,4558.68763636364,1222.0886363636382
2019-05-12 05:00:00,46.9,5,5,6,36727.29,32054.324,6044.683727272721,1371.7177272727204
2019-05-12 06:00:00,48.0,5,6,6,39735.742,32702.737,8668.422363636357,1635.4173636363594
2019-05-12 07:00:00,48.0,5,7,6,41947.706,33394.896,9973.445909090908,1420.63590909091
2019-05-12 08:00:00,48.9,5,8,6,43511.087,34958.594,9937.514818181822,1385.02181818182
2019-05-12 09:00:00,50.0,5,9,6,44130.812,36284.754,9034.867818181823,1188.8098181818275
2019-05-12 10:00:00,52.0,5,10,6,44791.978,36935.044,8551.428545454546,694.494545454545
2019-05-12 11:00:00,53.1,5,11,6,44933.319,37385.544,7775.365545454544,227.5905454545428
2019-05-12 12:00:00,54.0,5,12,6,45223.036,37638.594,7398.907272727272,0.0
2019-05-12 13:00:00,55.0,5,13,6,45443.645,37517.825,7217.491727272725,0.0
2019-05-12 14:00:00,55.9,5,14,6,45162.645,37394.647,6689.739727272725,0.0
2019-05-12 15:00:00,55.0,5,15,6,44727.153,37549.941,5963.74236363636,0.0
2019-05-12 16:00:00,55.0,5,16,6,44196.16,38062.538,4989.798090909098,0.0
2019-05-12 17:00:00,54.0,5,17,6,43543.588,38511.613,3854.780272727272,0.0
2019-05-12 18:00:00,54.0,5,18,6,42817.272,38752.283,3053.512363636364,0.0
2019-05-12 19:00:00,53.1,5,19,6,42014.918,39035.955,2557.0767272727244,0.0
2019-05-12 20:00:00,53.1,5,20,6,42150.766,39720.109,2810.6035454545417,379.9465454545352
2019-05-12 21:00:00,51.1,5,21,6,42334.165,40086.629,3045.988454545448,798.4524545454478
2019-05-12 22:00:00,52.0,5,22,6,40395.146,38229.065,2747.41836363636,581.3373636363613
2019-05-12 23:00:00,51.1,5,23,6,37774.697,36078.358,2214.995272727276,518.6562727272758
2019-05-13 00:00:00,51.1,5,0,0,35653.463,34399.494,2321.9453636363687,1067.976363636364
2019-05-13 01:00:00,51.1,5,1,0,34202.813,33426.255,2229.4067272727225,1452.848727272718
2019-05-13 02:00:00,50.0,5,2,0,33149.205,32919.075,2069.942727272733,1839.8127272727288
2019-05-13 03:00:00,50.0,5,3,0,32736.173,32736.012,2208.464545454539,2208.303545454539
2019-05-13 04:00:00,50.0,5,4,0,32674.401,33514.365,2273.716636363639,3113.680636363635
2019-05-13 05:00:00,50.0,5,5,0,33395.774,35516.624,2713.167727272717,4834.017727272723
2019-05-13 06:00:00,50.0,5,6,0,34325.745,39044.947,3258.425363636361,7977.6273636363585
2019-05-13 07:00:00,50.0,5,7,0,35479.988,41353.578,3505.727909090907,9379.31790909091
2019-05-13 08:00:00,50.0,5,8,0,37192.251,42661.566,3618.678818181819,9087.993818181822
2019-05-13 09:00:00,50.0,5,9,0,38263.484,43392.072,3167.539818181824,8296.127818181827
2019-05-13 10:00:00,48.9,5,10,0,38898.452,44134.782,2657.902545454541,7894.232545454543
2019-05-13 11:00:00,51.1,5,11,0,38941.237,44511.164,1783.283545454542,7353.210545454538
2019-05-13 12:00:00,53.1,5,12,0,38721.591,44829.6,897.4622727272726,7005.471272727271
2019-05-13 13:00:00,53.1,5,13,0,38516.364,45186.388,290.21072727272986,6960.234727272728
2019-05-13 14:00:00,55.9,5,14,0,38217.083,45213.122,0.0,6740.216727272731
2019-05-13 15:00:00,55.0,5,15,0,38023.434,45201.563,0.0,6438.152363636364
2019-05-13 16:00:00,55.9,5,16,0,38245.124,45254.506,0.0,6048.144090909096
2019-05-13 17:00:00,51.1,5,17,0,38319.319,45367.951,0.0,5679.1432727272695
2019-05-13 18:00:00,53.1,5,18,0,38172.361,45007.689,0.0,5243.929363636365
2019-05-13 19:00:00,51.1,5,19,0,38369.267,44642.839,0.0,5184.997727272727
2019-05-13 20:00:00,51.1,5,20,0,38936.811,45065.431,0.0,5725.268545454535
2019-05-13 21:00:00,51.1,5,21,0,39264.718,44758.619,0.0,5470.442454545446
2019-05-13 22:00:00,48.9,5,22,0,37844.441,41929.812,196.71336363635783,4282.084363636357
2019-05-13 23:00:00,48.9,5,23,0,35899.891,38777.611,340.1892727272789,3217.9092727272728
2019-05-14 00:00:00,46.0,5,0,1,34218.544,36421.673,887.026363636367,3090.155363636368
2019-05-14 01:00:00,44.1,5,1,1,33123.504,34894.811,1150.0977272727214,2921.404727272722
2019-05-14 02:00:00,43.0,5,2,1,32409.015,34203.6,1329.7527272727311,3124.3377272727303
2019-05-14 03:00:00,44.1,5,3,1,32010.456,33637.085,1482.7475454545383,3109.376545454539
2019-05-14 04:00:00,44.1,5,4,1,31861.321,34073.258,1460.636636363637,3672.573636363639
2019-05-14 05:00:00,43.0,5,5,1,32161.264,36000.021,1478.657727272719,5317.4147272727205
2019-05-14 06:00:00,42.1,5,6,1,32688.175,38909.615,1620.8553636363577,7842.295363636356
2019-05-14 07:00:00,43.0,5,7,1,33652.552,41487.945,1678.291909090913,9513.684909090907
2019-05-14 08:00:00,46.9,5,8,1,35449.494,42759.446,1875.9218181818208,9185.873818181826
2019-05-14 09:00:00,51.1,5,9,1,36775.984,43698.768,1680.0398181818236,8602.823818181823
2019-05-14 10:00:00,55.0,5,10,1,37344.974,44463.768,1104.4245454545453,8223.21854545454
2019-05-14 11:00:00,57.0,5,11,1,37436.424,45134.439,278.4705454545401,7976.4855454545395
2019-05-14 12:00:00,60.1,5,12,1,37413.881,45606.996,0.0,7782.867272727271
2019-05-14 13:00:00,61.0,5,13,1,37288.668,46084.685,0.0,7858.531727272726
2019-05-14 14:00:00,63.0,5,14,1,37049.102,46431.446,0.0,7958.540727272732
2019-05-14 15:00:00,64.9,5,15,1,37057.069,46488.509,0.0,7725.09836363636
2019-05-14 16:00:00,64.9,5,16,1,37253.226,46496.499,0.0,7290.137090909098
2019-05-14 17:00:00,62.1,5,17,1,37718.451,46205.946,0.0,6517.138272727272
2019-05-14 18:00:00,64.9,5,18,1,38150.779,45722.529,0.0,5958.769363636369
2019-05-14 19:00:00,64.0,5,19,1,38833.857,45193.587,0.0,5735.745727272726
2019-05-14 20:00:00,62.1,5,20,1,39836.328,45792.402,496.1655454545398,6452.23954545454
2019-05-14 21:00:00,59.0,5,21,1,39834.472,45307.218,546.2954545454486,6019.041454545448
2019-05-14 22:00:00,54.0,5,22,1,38190.161,42530.179,542.433363636359,4882.451363636355
2019-05-14 23:00:00,52.0,5,23,1,36371.299,39353.323,811.5972727272747,3793.621272727272
2019-05-15 00:00:00,50.0,5,0,2,34849.26,37172.838,1517.7423636363674,3841.3203636363687
2019-05-15 01:00:00,48.0,5,1,2,33959.203,35570.58,1985.796727272722,3597.1737272727223
2019-05-15 02:00:00,46.9,5,2,2,33650.038,34682.79,2570.775727272732,3603.5277272727326
2019-05-15 03:00:00,46.0,5,3,2,33551.147,34317.881,3023.438545454537,3790.172545454541
2019-05-15 04:00:00,45.0,5,4,2,34298.996,34776.836,3898.311636363637,4376.15163636364
2019-05-15 05:00:00,46.0,5,5,2,36367.741,36652.408,5685.134727272722,5969.801727272723
2019-05-15 06:00:00,44.1,5,6,2,39689.743,39933.979,8622.42336363636,8866.659363636358
2019-05-15 07:00:00,45.0,5,7,2,42243.617,42277.292,10269.356909090908,10303.03190909091
2019-05-15 08:00:00,50.0,5,8,2,43720.692,43478.434,10147.119818181824,9904.861818181824
2019-05-15 09:00:00,55.0,5,9,2,44402.18,44458.09,9306.235818181827,9362.145818181823
2019-05-15 10:00:00,60.1,5,10,2,44913.056,44967.78,8672.50654545454,8727.230545454542
2019-05-15 11:00:00,63.0,5,11,2,44898.551,45257.601,7740.5975454545405,8099.647545454543
2019-05-15 12:00:00,66.0,5,12,2,44824.997,45891.771,7000.868272727275,8067.642272727273
2019-05-15 13:00:00,69.1,5,13,2,44637.417,46550.283,6411.26372727273,8324.129727272732
2019-05-15 14:00:00,71.1,5,14,2,44137.643,47067.835,5664.737727272724,8594.929727272727
2019-05-15 15:00:00,70.0,5,15,2,43701.753,47351.289,4938.342363636359,8587.878363636359
2019-05-15 16:00:00,68.0,5,16,2,43509.016,47612.069,4302.654090909098,8405.707090909098
2019-05-15 17:00:00,69.1,5,17,2,43649.28,47797.522,3960.4722727272674,8108.714272727266
2019-05-15 18:00:00,71.1,5,18,2,43507.406,47405.372,3743.6463636363696,7641.61236363637
2019-05-15 19:00:00,69.1,5,19,2,43286.091,46766.114,3828.249727272727,7308.272727272728
2019-05-15 20:00:00,66.9,5,20,2,43836.433,46804.116,4496.270545454536,7463.95354545454
2019-05-15 21:00:00,63.0,5,21,2,43743.182,46689.449,4455.005454545448,7401.272454545447
2019-05-15 22:00:00,64.0,5,22,2,41569.857,43837.246,3922.1293636363625,6189.518363636358
2019-05-15 23:00:00,62.1,5,23,2,39018.272,40462.331,3458.570272727273,4902.629272727274
2019-05-16 00:00:00,61.0,5,0,3,37007.769,38078.752,3676.2513636363656,4747.234363636366
2019-05-16 01:00:00,61.0,5,1,3,35844.177,36427.943,3870.770727272724,4454.53672727272
2019-05-16 02:00:00,59.0,5,2,3,35154.525,35464.921,4075.262727272733,4385.658727272734
2019-05-16 03:00:00,55.9,5,3,3,35192.876,35074.971,4665.167545454537,4547.262545454538
2019-05-16 04:00:00,55.0,5,4,3,35793.549,35353.223,5392.864636363636,4952.538636363635
2019-05-16 05:00:00,53.1,5,5,3,37895.241,37206.252,7212.634727272722,6523.64572727272
2019-05-16 06:00:00,53.1,5,6,3,40940.166,40156.116,9872.846363636356,9088.79636363636
2019-05-16 07:00:00,53.1,5,7,3,43183.341,42754.416,11209.08090909091,10780.155909090909
2019-05-16 08:00:00,55.0,5,8,3,43843.303,44522.646,10269.730818181824,10949.073818181823
2019-05-16 09:00:00,60.1,5,9,3,44122.508,45773.088,9026.563818181829,10677.14381818183
2019-05-16 10:00:00,64.9,5,10,3,44301.182,47026.812,8060.632545454544,10786.26254545454
2019-05-16 11:00:00,68.0,5,11,3,44326.389,47803.498,7168.435545454544,10645.54454545454
2019-05-16 12:00:00,71.1,5,12,3,44173.198,48592.476,6349.069272727269,10768.347272727277
2019-05-16 13:00:00,73.0,5,13,3,44093.703,48799.37,5867.54972727273,10573.216727272733
2019-05-16 14:00:00,75.0,5,14,3,43669.619,48567.935,5196.713727272727,10095.029727272726
2019-05-16 15:00:00,75.0,5,15,3,43328.202,48143.371,4564.791363636359,9379.96036363636
2019-05-16 16:00:00,75.0,5,16,3,43159.106,47802.051,3952.744090909095,8595.689090909094
2019-05-16 17:00:00,75.0,5,17,3,42999.217,47316.981,3310.409272727265,7628.173272727268
2019-05-16 18:00:00,73.9,5,18,3,42708.656,46557.183,2944.8963636363696,6793.423363636364
2019-05-16 19:00:00,73.0,5,19,3,42562.552,45995.208,3104.71072727273,6537.366727272725
2019-05-16 20:00:00,72.0,5,20,3,42978.342,46402.2,3638.179545454536,7062.037545454536
2019-05-16 21:00:00,71.1,5,21,3,43514.096,45715.736,4225.919454545445,6427.559454545444
2019-05-16 22:00:00,69.1,5,22,3,41342.171,43065.441,3694.443363636361,5417.713363636358
2019-05-16 23:00:00,68.0,5,23,3,38597.076,39944.185,3037.3742727272765,4384.483272727273
2019-05-17 00:00:00,66.9,5,0,4,36730.845,37825.551,3399.3273636363665,4494.033363636365
2019-05-17 01:00:00,66.0,5,1,4,35564.948,36015.817,3591.5417272727173,4042.4107272727233
2019-05-17 02:00:00,63.0,5,2,4,34857.245,35254.79,3777.9827272727343,4175.527727272733
2019-05-17 03:00:00,62.1,5,3,4,34844.146,34773.068,4316.437545454541,4245.359545454539
2019-05-17 04:00:00,62.1,5,4,4,35368.787,34959.372,4968.102636363634,4558.68763636364
2019-05-17 05:00:00,61.0,5,5,4,37393.51,36727.29,6710.903727272722,6044.683727272721
2019-05-17 06:00:00,61.0,5,6,4,40486.97,39735.742,9419.65036363636,8668.422363636357
2019-05-17 07:00:00,61.0,5,7,4,42347.554,41947.706,10373.293909090906,9973.445909090908
2019-05-17 08:00:00,62.1,5,8,4,43204.888,43511.087,9631.315818181822,9937.514818181822
2019-05-17 09:00:00,62.1,5,9,4,43547.818,44130.812,8451.873818181826,9034.867818181823
2019-05-17 10:00:00,64.9,5,10,4,43843.816,44791.978,7603.266545454542,8551.428545454546
2019-05-17 11:00:00,68.0,5,11,4,43944.998,44933.319,6787.044545454541,7775.365545454544
2019-05-17 12:00:00,72.0,5,12,4,44118.311,45223.036,6294.182272727274,7398.907272727272
2019-05-17 13:00:00,75.9,5,13,4,44243.298,45443.645,6017.144727272731,7217.491727272725
2019-05-17 14:00:00,80.1,5,14,4,44143.685,45162.645,5670.779727272726,6689.739727272725
2019-05-17 15:00:00,75.9,5,15,4,43995.824,44727.153,5232.413363636362,5963.74236363636
2019-05-17 16:00:00,77.0,5,16,4,43961.284,44196.16,4754.922090909095,4989.798090909098
2019-05-17 17:00:00,78.1,5,17,4,43819.422,43543.588,4130.614272727267,3854.780272727272
2019-05-17 18:00:00,79.0,5,18,4,43657.878,42817.272,3894.118363636364,3053.512363636364
2019-05-17 19:00:00,79.0,5,19,4,43357.517,42014.918,3899.6757272727264,2557.0767272727244
2019-05-17 20:00:00,75.9,5,20,4,43650.823,42150.766,4310.660545454535,2810.6035454545417
2019-05-17 21:00:00,73.9,5,21,4,43909.706,42334.165,4621.529454545445,3045.988454545448
2019-05-17 22:00:00,71.1,5,22,4,41705.687,40395.146,4057.959363636357,2747.41836363636
2019-05-17 23:00:00,70.0,5,23,4,38752.271,37774.697,3192.5692727272763,2214.995272727276
2019-05-18 00:00:00,68.0,5,0,5,36603.378,35653.463,3271.8603636363623,2321.9453636363687
2019-05-18 01:00:00,68.0,5,1,5,35247.263,34202.813,3273.85672727272,2229.4067272727225
2019-05-18 02:00:00,66.9,5,2,5,34472.213,33149.205,3392.950727272735,2069.942727272733
2019-05-18 03:00:00,64.9,5,3,5,34101.345,32736.173,3573.636545454541,2208.464545454539
2019-05-18 04:00:00,64.0,5,4,5,34723.811,32674.401,4323.126636363639,2273.716636363639
2019-05-18 05:00:00,64.0,5,5,5,36692.611,33395.774,6010.004727272717,2713.167727272717
2019-05-18 06:00:00,63.0,5,6,5,39593.399,34325.745,8526.079363636356,3258.425363636361
2019-05-18 07:00:00,63.0,5,7,5,42043.598,35479.988,10069.337909090907,3505.727909090907
2019-05-18 08:00:00,64.0,5,8,5,43430.728,37192.251,9857.155818181824,3618.678818181819
2019-05-18 09:00:00,68.0,5,9,5,44254.97,38263.484,9159.025818181828,3167.539818181824
2019-05-18 10:00:00,72.0,5,10,5,44963.349,38898.452,8722.799545454545,2657.902545454541
2019-05-18 11:00:00,75.9,5,11,5,45544.621,38941.237,8386.66754545454,1783.283545454542
2019-05-18 12:00:00,81.0,5,12,5,45805.167,38721.591,7981.038272727274,897.4622727272726
2019-05-18 13:00:00,81.0,5,13,5,46393.249,38516.364,8167.095727272732,290.21072727272986
2019-05-18 14:00:00,84.0,5,14,5,46391.249,38217.083,7918.3437272727315,0.0
2019-05-18 15:00:00,84.9,5,15,5,46248.086,38023.434,7484.675363636365,0.0
2019-05-18 16:00:00,84.9,5,16,5,46438.341,38245.124,7231.979090909095,0.0
2019-05-18 17:00:00,86.0,5,17,5,46480.548,38319.319,6791.740272727271,0.0
2019-05-18 18:00:00,84.0,5,18,5,46034.881,38172.361,6271.121363636368,0.0
2019-05-18 19:00:00,84.0,5,19,5,45719.364,38369.267,6261.522727272728,0.0
2019-05-18 20:00:00,77.0,5,20,5,45770.827,38936.811,6430.664545454536,0.0
2019-05-18 21:00:00,69.1,5,21,5,45764.304,39264.718,6476.127454545444,0.0
2019-05-18 22:00:00,70.0,5,22,5,43138.125,37844.441,5490.397363636359,196.71336363635783
2019-05-18 23:00:00,72.0,5,23,5,39988.517,35899.891,4428.815272727275,340.1892727272789
2019-05-19 00:00:00,71.1,5,0,6,37654.368,34218.544,4322.850363636368,887.026363636367
2019-05-19 01:00:00,70.0,5,1,6,36176.852,33123.504,4203.44572727272,1150.0977272727214
2019-05-19 02:00:00,71.6,5,2,6,35196.142,32409.015,4116.879727272732,1329.7527272727311
2019-05-19 03:00:00,71.1,5,3,6,34763.993,32010.456,4236.284545454542,1482.7475454545383
2019-05-19 04:00:00,70.2,5,4,6,34969.894,31861.321,4569.209636363637,1460.636636363637
2019-05-19 05:00:00,69.1,5,5,6,36403.825,32161.264,5721.218727272717,1478.657727272719
2019-05-19 06:00:00,69.1,5,6,6,39213.766,32688.175,8146.446363636362,1620.8553636363577
2019-05-19 07:00:00,69.1,5,7,6,41600.17,33652.552,9625.909909090908,1678.291909090913
2019-05-19 08:00:00,71.1,5,8,6,43211.552,35449.494,9637.979818181826,1875.9218181818208
2019-05-19 09:00:00,73.9,5,9,6,44367.269,36775.984,9271.324818181827,1680.0398181818236
2019-05-19 10:00:00,77.0,5,10,6,45294.473,37344.974,9053.92354545454,1104.4245454545453
2019-05-19 11:00:00,80.1,5,11,6,45869.704,37436.424,8711.750545454539,278.4705454545401
2019-05-19 12:00:00,82.0,5,12,6,46337.962,37413.881,8513.833272727272,0.0
2019-05-19 13:00:00,82.9,5,13,6,46982.651,37288.668,8756.497727272726,0.0
2019-05-19 14:00:00,82.0,5,14,6,47012.22,37049.102,8539.31472727273,0.0
2019-05-19 15:00:00,80.1,5,15,6,46922.696,37057.069,8159.285363636365,0.0
2019-05-19 16:00:00,80.1,5,16,6,47052.314,37253.226,7845.952090909093,0.0
2019-05-19 17:00:00,80.1,5,17,6,46844.518,37718.451,7155.710272727265,0.0
2019-05-19 18:00:00,75.0,5,18,6,46141.407,38150.779,6377.647363636366,0.0
2019-05-19 19:00:00,68.0,5,19,6,45347.83,38833.857,5889.988727272728,0.0
2019-05-19 20:00:00,69.1,5,20,6,45035.663,39836.328,5695.500545454539,496.1655454545398
2019-05-19 21:00:00,70.0,5,21,6,44863.767,39834.472,5575.590454545447,546.2954545454486
2019-05-19 22:00:00,69.1,5,22,6,42566.033,38190.161,4918.305363636362,542.433363636359
2019-05-19 23:00:00,69.1,5,23,6,39700.263,36371.299,4140.561272727275,811.5972727272747
2019-05-20 00:00:00,66.9,5,0,0,37077.224,34849.26,3745.7063636363673,1517.7423636363674
2019-05-20 01:00:00,63.0,5,1,0,35356.642,33959.203,3383.2357272727204,1985.796727272722
2019-05-20 02:00:00,62.1,5,2,0,34064.14,33650.038,2984.877727272731,2570.775727272732
2019-05-20 03:00:00,62.1,5,3,0,33210.507,33551.147,2682.798545454538,3023.438545454537
2019-05-20 04:00:00,62.1,5,4,0,33286.509,34298.996,2885.824636363636,3898.311636363637
2019-05-20 05:00:00,62.1,5,5,0,33646.029,36367.741,2963.422727272722,5685.134727272722
2019-05-20 06:00:00,62.1,5,6,0,34288.796,39689.743,3221.4763636363605,8622.42336363636
2019-05-20 07:00:00,63.0,5,7,0,35901.72,42243.617,3927.459909090912,10269.356909090908
2019-05-20 08:00:00,63.0,5,8,0,37936.335,43720.692,4362.762818181822,10147.119818181824
2019-05-20 09:00:00,63.0,5,9,0,40077.843,44402.18,4981.898818181828,9306.235818181827
2019-05-20 10:00:00,64.9,5,10,0,41831.155,44913.056,5590.605545454542,8672.50654545454
2019-05-20 11:00:00,64.9,5,11,0,43475.893,44898.551,6317.939545454537,7740.5975454545405
2019-05-20 12:00:00,66.9,5,12,0,44808.634,44824.997,6984.505272727271,7000.868272727275
2019-05-20 13:00:00,69.1,5,13,0,45778.222,44637.417,7552.06872727273,6411.26372727273
2019-05-20 14:00:00,66.9,5,14,0,46532.03,44137.643,8059.124727272727,5664.737727272724
2019-05-20 15:00:00,69.1,5,15,0,47273.653,43701.753,8510.24236363636,4938.342363636359
2019-05-20 16:00:00,66.0,5,16,0,47975.852,43509.016,8769.490090909094,4302.654090909098
2019-05-20 17:00:00,66.0,5,17,0,48190.557,43649.28,8501.74927272727,3960.4722727272674
2019-05-20 18:00:00,64.0,5,18,0,47621.602,43507.406,7857.842363636366,3743.6463636363696
2019-05-20 19:00:00,61.0,5,19,0,46513.019,43286.091,7055.177727272727,3828.249727272727
2019-05-20 20:00:00,59.0,5,20,0,45709.591,43836.433,6369.428545454539,4496.270545454536
2019-05-20 21:00:00,55.9,5,21,0,45512.9,43743.182,6224.7234545454485,4455.005454545448
2019-05-20 22:00:00,55.0,5,22,0,43087.641,41569.857,5439.913363636362,3922.1293636363625
2019-05-20 23:00:00,54.0,5,23,0,40114.582,39018.272,4554.880272727278,3458.570272727273
2019-05-21 00:00:00,52.0,5,0,1,37273.858,37007.769,3942.3403636363655,3676.2513636363656
2019-05-21 01:00:00,50.0,5,1,1,35263.639,35844.177,3290.2327272727234,3870.770727272724
2019-05-21 02:00:00,48.9,5,2,1,33963.966,35154.525,2884.703727272732,4075.262727272733
2019-05-21 03:00:00,48.0,5,3,1,33230.308,35192.876,2702.5995454545373,4665.167545454537
2019-05-21 04:00:00,46.9,5,4,1,32742.735,35793.549,2342.0506363636378,5392.864636363636
2019-05-21 05:00:00,46.9,5,5,1,32791.155,37895.241,2108.5487272727187,7212.634727272722
2019-05-21 06:00:00,48.9,5,6,1,32690.691,40940.166,1623.3713636363573,9872.846363636356
2019-05-21 07:00:00,50.0,5,7,1,33993.459,43183.341,2019.198909090912,11209.08090909091
2019-05-21 08:00:00,51.1,5,8,1,36769.82,43843.303,3196.2478181818224,10269.730818181824
2019-05-21 09:00:00,51.1,5,9,1,39624.67,44122.508,4528.725818181825,9026.563818181829
2019-05-21 10:00:00,50.0,5,10,1,41992.562,44301.182,5752.012545454541,8060.632545454544
2019-05-21 11:00:00,52.0,5,11,1,43918.135,44326.389,6760.181545454543,7168.435545454544
2019-05-21 12:00:00,55.9,5,12,1,45293.567,44173.198,7469.438272727275,6349.069272727269
2019-05-21 13:00:00,57.9,5,13,1,46231.825,44093.703,8005.671727272726,5867.54972727273
2019-05-21 14:00:00,61.0,5,14,1,46464.772,43669.619,7991.866727272725,5196.713727272727
2019-05-21 15:00:00,63.0,5,15,1,46705.137,43328.202,7941.726363636364,4564.791363636359
2019-05-21 16:00:00,64.0,5,16,1,46818.525,43159.106,7612.163090909096,3952.744090909095
2019-05-21 17:00:00,64.0,5,17,1,46865.108,42999.217,7176.300272727269,3310.409272727265
2019-05-21 18:00:00,63.0,5,18,1,46231.64,42708.656,6467.880363636366,2944.8963636363696
2019-05-21 19:00:00,61.0,5,19,1,45604.461,42562.552,6146.6197272727295,3104.71072727273
2019-05-21 20:00:00,60.1,5,20,1,44944.362,42978.342,5604.19954545454,3638.179545454536
2019-05-21 21:00:00,57.9,5,21,1,44481.35,43514.096,5193.173454545446,4225.919454545445
2019-05-21 22:00:00,55.9,5,22,1,42109.894,41342.171,4462.166363636359,3694.443363636361
2019-05-21 23:00:00,55.9,5,23,1,39363.897,38597.076,3804.195272727273,3037.3742727272765
2019-05-22 00:00:00,55.0,5,0,2,37023.133,36730.845,3691.615363636367,3399.3273636363665
2019-05-22 01:00:00,54.0,5,1,2,35534.436,35564.948,3561.029727272722,3591.5417272727173
2019-05-22 02:00:00,53.1,5,2,2,34477.464,34857.245,3398.201727272732,3777.9827272727343
2019-05-22 03:00:00,54.0,5,3,2,34120.03,34844.146,3592.321545454539,4316.437545454541
2019-05-22 04:00:00,54.0,5,4,2,34607.838,35368.787,4207.1536363636405,4968.102636363634
2019-05-22 05:00:00,54.0,5,5,2,36290.148,37393.51,5607.541727272721,6710.903727272722
2019-05-22 06:00:00,54.0,5,6,2,39332.996,40486.97,8265.676363636358,9419.65036363636
2019-05-22 07:00:00,55.0,5,7,2,41950.472,42347.554,9976.211909090913,10373.293909090906
2019-05-22 08:00:00,57.0,5,8,2,43887.463,43204.888,10313.890818181826,9631.315818181822
2019-05-22 09:00:00,61.0,5,9,2,45268.998,43547.818,10173.053818181828,8451.873818181826
2019-05-22 10:00:00,64.9,5,10,2,46386.744,43843.816,10146.194545454542,7603.266545454542
2019-05-22 11:00:00,70.0,5,11,2,46993.165,43944.998,9835.211545454542,6787.044545454541
2019-05-22 12:00:00,77.0,5,12,2,47745.117,44118.311,9920.98827272727,6294.182272727274
2019-05-22 13:00:00,79.0,5,13,2,48175.551,44243.298,9949.397727272728,6017.144727272731
2019-05-22 14:00:00,80.1,5,14,2,48177.649,44143.685,9704.743727272726,5670.779727272726
2019-05-22 15:00:00,84.0,5,15,2,48229.485,43995.824,9466.074363636362,5232.413363636362
2019-05-22 16:00:00,82.9,5,16,2,48132.959,43961.284,8926.597090909097,4754.922090909095
2019-05-22 17:00:00,84.0,5,17,2,47763.117,43819.422,8074.309272727267,4130.614272727267
2019-05-22 18:00:00,84.0,5,18,2,46960.523,43657.878,7196.763363636368,3894.118363636364
2019-05-22 19:00:00,78.1,5,19,2,46048.778,43357.517,6590.936727272725,3899.6757272727264
2019-05-22 20:00:00,73.9,5,20,2,45465.075,43650.823,6124.912545454536,4310.660545454535
2019-05-22 21:00:00,73.0,5,21,2,45050.867,43909.706,5762.690454545445,4621.529454545445
2019-05-22 22:00:00,72.0,5,22,2,42187.242,41705.687,4539.514363636357,4057.959363636357
2019-05-22 23:00:00,72.0,5,23,2,39125.82,38752.271,3566.118272727276,3192.5692727272763
2019-05-23 00:00:00,70.0,5,0,3,36732.775,36603.378,3401.257363636367,3271.8603636363623
2019-05-23 01:00:00,69.1,5,1,3,35174.178,35247.263,3200.7717272727205,3273.85672727272
2019-05-23 02:00:00,69.1,5,2,3,34409.657,34472.213,3330.394727272731,3392.950727272735
2019-05-23 03:00:00,66.9,5,3,3,34045.974,34101.345,3518.265545454542,3573.636545454541
2019-05-23 04:00:00,66.9,5,4,3,34532.164,34723.811,4131.479636363634,4323.126636363639
2019-05-23 05:00:00,68.0,5,5,3,36220.457,36692.611,5537.850727272722,6010.004727272717
2019-05-23 06:00:00,66.9,5,6,3,38954.231,39593.399,7886.911363636358,8526.079363636356
2019-05-23 07:00:00,68.0,5,7,3,41552.747,42043.598,9578.486909090912,10069.337909090907
2019-05-23 08:00:00,71.1,5,8,3,43057.629,43430.728,9484.056818181823,9857.155818181824
2019-05-23 09:00:00,69.1,5,9,3,43838.34,44254.97,8742.395818181823,9159.025818181828
2019-05-23 10:00:00,66.9,5,10,3,44462.771,44963.349,8222.221545454544,8722.799545454545
2019-05-23 11:00:00,68.0,5,11,3,44735.979,45544.621,7578.02554545454,8386.66754545454
2019-05-23 12:00:00,70.0,5,12,3,44974.439,45805.167,7150.310272727271,7981.038272727274
2019-05-23 13:00:00,75.9,5,13,3,45235.414,46393.249,7009.2607272727255,8167.095727272732
2019-05-23 14:00:00,78.1,5,14,3,45199.784,46391.249,6726.878727272728,7918.3437272727315
2019-05-23 15:00:00,82.0,5,15,3,45012.358,46248.086,6248.947363636362,7484.675363636365
2019-05-23 16:00:00,81.0,5,16,3,45155.887,46438.341,5949.525090909097,7231.979090909095
2019-05-23 17:00:00,82.0,5,17,3,45031.639,46480.548,5342.831272727271,6791.740272727271
2019-05-23 18:00:00,82.0,5,18,3,44835.75,46034.881,5071.990363636367,6271.121363636368
2019-05-23 19:00:00,81.0,5,19,3,44312.348,45719.364,4854.506727272725,6261.522727272728
2019-05-23 20:00:00,82.0,5,20,3,44542.798,45770.827,5202.635545454541,6430.664545454536
2019-05-23 21:00:00,78.1,5,21,3,44476.131,45764.304,5187.954454545448,6476.127454545444
2019-05-23 22:00:00,75.9,5,22,3,41791.545,43138.125,4143.817363636357,5490.397363636359
2019-05-23 23:00:00,73.0,5,23,3,38801.715,39988.517,3242.013272727272,4428.815272727275
2019-05-24 00:00:00,73.0,5,0,4,36610.946,37654.368,3279.428363636369,4322.850363636368
2019-05-24 01:00:00,70.0,5,1,4,35301.733,36176.852,3328.3267272727207,4203.44572727272
2019-05-24 02:00:00,69.1,5,2,4,34462.496,35196.142,3383.233727272731,4116.879727272732
2019-05-24 03:00:00,66.9,5,3,4,34121.69,34763.993,3593.9815454545424,4236.284545454542
2019-05-24 04:00:00,64.9,5,4,4,34581.417,34969.894,4180.732636363638,4569.209636363637
2019-05-24 05:00:00,60.1,5,5,4,36291.53,36403.825,5608.923727272719,5721.218727272717
2019-05-24 06:00:00,59.0,5,6,4,39281.057,39213.766,8213.737363636359,8146.446363636362
2019-05-24 07:00:00,57.9,5,7,4,41698.623,41600.17,9724.362909090907,9625.909909090908
2019-05-24 08:00:00,64.0,5,8,4,43147.703,43211.552,9574.130818181824,9637.979818181826
2019-05-24 09:00:00,68.0,5,9,4,44007.566,44367.269,8911.621818181826,9271.324818181827
2019-05-24 10:00:00,70.0,5,10,4,44946.992,45294.473,8706.442545454542,9053.92354545454
2019-05-24 11:00:00,72.0,5,11,4,46086.61,45869.704,8928.656545454542,8711.750545454539
2019-05-24 12:00:00,75.0,5,12,4,47084.173,46337.962,9260.044272727277,8513.833272727272
2019-05-24 13:00:00,73.0,5,13,4,48065.448,46982.651,9839.294727272723,8756.497727272726
2019-05-24 14:00:00,77.0,5,14,4,48919.403,47012.22,10446.497727272726,8539.31472727273
2019-05-24 15:00:00,75.0,5,15,4,49368.373,46922.696,10604.96236363636,8159.285363636365
2019-05-24 16:00:00,78.1,5,16,4,49971.558,47052.314,10765.196090909092,7845.952090909093
2019-05-24 17:00:00,80.1,5,17,4,50182.729,46844.518,10493.921272727268,7155.710272727265
2019-05-24 18:00:00,80.1,5,18,4,49903.358,46141.407,10139.598363636367,6377.647363636366
2019-05-24 19:00:00,78.1,5,19,4,49200.843,45347.83,9743.001727272727,5889.988727272728
2019-05-24 20:00:00,77.0,5,20,4,48803.365,45035.663,9463.202545454536,5695.500545454539
2019-05-24 21:00:00,75.0,5,21,4,48764.044,44863.767,9475.867454545449,5575.590454545447
2019-05-24 22:00:00,73.0,5,22,4,45938.866,42566.033,8291.13836363636,4918.305363636362
2019-05-24 23:00:00,71.1,5,23,4,42720.84,39700.263,7161.138272727272,4140.561272727275
2019-05-25 00:00:00,71.1,5,0,5,39509.074,37077.224,6177.556363636366,3745.7063636363673
2019-05-25 01:00:00,71.1,5,1,5,37462.64,35356.642,5489.23372727272,3383.2357272727204
2019-05-25 02:00:00,69.1,5,2,5,36267.213,34064.14,5187.950727272735,2984.877727272731
2019-05-25 03:00:00,69.1,5,3,5,35771.215,33210.507,5243.5065454545365,2682.798545454538
2019-05-25 04:00:00,68.0,5,4,5,36107.398,33286.509,5706.713636363638,2885.824636363636
2019-05-25 05:00:00,66.0,5,5,5,37539.781,33646.029,6857.1747272727225,2963.422727272722
2019-05-25 06:00:00,64.9,5,6,5,40399.609,34288.796,9332.289363636355,3221.4763636363605
2019-05-25 07:00:00,68.0,5,7,5,42990.63,35901.72,11016.369909090909,3927.459909090912
2019-05-25 08:00:00,71.1,5,8,5,45058.221,37936.335,11484.64881818182,4362.762818181822
2019-05-25 09:00:00,73.0,5,9,5,46420.954,40077.843,11325.009818181825,4981.898818181828
2019-05-25 10:00:00,75.9,5,10,5,47579.759,41831.155,11339.209545454542,5590.605545454542
2019-05-25 11:00:00,78.1,5,11,5,48524.659,43475.893,11366.70554545454,6317.939545454537
2019-05-25 12:00:00,79.0,5,12,5,49407.129,44808.634,11583.000272727271,6984.505272727271
2019-05-25 13:00:00,82.9,5,13,5,50609.543,45778.222,12383.389727272726,7552.06872727273
2019-05-25 14:00:00,86.0,5,14,5,51535.652,46532.03,13062.74672727273,8059.124727272727
2019-05-25 15:00:00,87.1,5,15,5,52505.759,47273.653,13742.34836363636,8510.24236363636
2019-05-25 16:00:00,88.0,5,16,5,53002.058,47975.852,13795.696090909092,8769.490090909094
2019-05-25 17:00:00,87.1,5,17,5,53204.465,48190.557,13515.657272727263,8501.74927272727
2019-05-25 18:00:00,75.9,5,18,5,52713.788,47621.602,12950.028363636367,7857.842363636366
2019-05-25 19:00:00,73.9,5,19,5,51679.797,46513.019,12221.955727272723,7055.177727272727
2019-05-25 20:00:00,75.9,5,20,5,50569.281,45709.591,11229.11854545454,6369.428545454539
2019-05-25 21:00:00,73.9,5,21,5,50206.744,45512.9,10918.567454545446,6224.7234545454485
2019-05-25 22:00:00,73.0,5,22,5,47128.131,43087.641,9480.40336363636,5439.913363636362
2019-05-25 23:00:00,71.1,5,23,5,43209.904,40114.582,7650.202272727278,4554.880272727278
2019-05-26 00:00:00,70.0,5,0,6,40470.254,37273.858,7138.736363636366,3942.3403636363655
2019-05-26 01:00:00,70.0,5,1,6,38057.554,35263.639,6084.147727272717,3290.2327272727234
2019-05-26 02:00:00,69.1,5,2,6,36508.462,33963.966,5429.199727272731,2884.703727272732
2019-05-26 03:00:00,66.0,5,3,6,35666.309,33230.308,5138.600545454541,2702.5995454545373
2019-05-26 04:00:00,66.9,5,4,6,35640.97,32742.735,5240.285636363638,2342.0506363636378
2019-05-26 05:00:00,64.9,5,5,6,36941.555,32791.155,6258.94872727272,2108.5487272727187
2019-05-26 06:00:00,66.0,5,6,6,39295.016,32690.691,8227.696363636362,1623.3713636363573
2019-05-26 07:00:00,66.9,5,7,6,42148.355,33993.459,10174.094909090913,2019.198909090912
2019-05-26 08:00:00,68.0,5,8,6,44299.566,36769.82,10725.993818181822,3196.2478181818224
2019-05-26 09:00:00,66.9,5,9,6,45949.292,39624.67,10853.347818181828,4528.725818181825
2019-05-26 10:00:00,69.1,5,10,6,47573.035,41992.562,11332.485545454549,5752.012545454541
2019-05-26 11:00:00,71.1,5,11,6,48786.107,43918.135,11628.153545454545,6760.181545454543
2019-05-26 12:00:00,73.9,5,12,6,49707.8,45293.567,11883.671272727275,7469.438272727275
2019-05-26 13:00:00,77.0,5,13,6,50466.638,46231.825,12240.484727272727,8005.671727272726
2019-05-26 14:00:00,80.1,5,14,6,51011.511,46464.772,12538.605727272728,7991.866727272725
2019-05-26 15:00:00,82.0,5,15,6,51294.153,46705.137,12530.74236363636,7941.726363636364
2019-05-26 16:00:00,84.0,5,16,6,51576.199,46818.525,12369.837090909095,7612.163090909096
2019-05-26 17:00:00,82.9,5,17,6,51348.002,46865.108,11659.194272727267,7176.300272727269
2019-05-26 18:00:00,82.0,5,18,6,50517.487,46231.64,10753.727363636368,6467.880363636366
2019-05-26 19:00:00,80.1,5,19,6,49132.786,45604.461,9674.944727272728,6146.6197272727295
2019-05-26 20:00:00,78.1,5,20,6,47982.49,44944.362,8642.327545454536,5604.19954545454
2019-05-26 21:00:00,75.0,5,21,6,47532.679,44481.35,8244.502454545443,5193.173454545446
2019-05-26 22:00:00,73.0,5,22,6,45170.429,42109.894,7522.701363636355,4462.166363636359
2019-05-26 23:00:00,70.0,5,23,6,41635.163,39363.897,6075.461272727276,3804.195272727273
2019-05-27 00:00:00,70.0,5,0,0,38753.723,37023.133,5422.205363636364,3691.615363636367
2019-05-27 01:00:00,68.0,5,1,0,36657.882,35534.436,4684.475727272718,3561.029727272722
2019-05-27 02:00:00,68.0,5,2,0,35379.214,34477.464,4299.951727272732,3398.201727272732
2019-05-27 03:00:00,64.9,5,3,0,34459.498,34120.03,3931.78954545454,3592.321545454539
2019-05-27 04:00:00,64.9,5,4,0,34152.971,34607.838,3752.286636363635,4207.1536363636405
2019-05-27 05:00:00,66.0,5,5,0,34303.692,36290.148,3621.0857272727226,5607.541727272721
2019-05-27 06:00:00,64.9,5,6,0,34414.235,39332.996,3346.915363636359,8265.676363636358
2019-05-27 07:00:00,64.9,5,7,0,35851.953,41950.472,3877.692909090911,9976.211909090913
2019-05-27 08:00:00,66.0,5,8,0,38679.655,43887.463,5106.0828181818215,10313.890818181826
2019-05-27 09:00:00,68.0,5,9,0,41693.073,45268.998,6597.128818181824,10173.053818181828
2019-05-27 10:00:00,70.0,5,10,0,44720.714,46386.744,8480.164545454543,10146.194545454542
2019-05-27 11:00:00,72.0,5,11,0,46942.83,46993.165,9784.876545454545,9835.211545454542
2019-05-27 12:00:00,75.0,5,12,0,48652.562,47745.117,10828.43327272727,9920.98827272727
2019-05-27 13:00:00,77.0,5,13,0,49888.019,48175.551,11661.865727272729,9949.397727272728
2019-05-27 14:00:00,79.0,5,14,0,50815.064,48177.649,12342.158727272728,9704.743727272726
2019-05-27 15:00:00,80.1,5,15,0,51641.514,48229.485,12878.103363636365,9466.074363636362
2019-05-27 16:00:00,79.0,5,16,0,52059.436,48132.959,12853.074090909096,8926.597090909097
2019-05-27 17:00:00,81.0,5,17,0,51741.289,47763.117,12052.481272727266,8074.309272727267
2019-05-27 18:00:00,81.0,5,18,0,50528.144,46960.523,10764.384363636367,7196.763363636368
2019-05-27 19:00:00,79.0,5,19,0,49396.658,46048.778,9938.81672727273,6590.936727272725
2019-05-27 20:00:00,78.1,5,20,0,47854.197,45465.075,8514.034545454539,6124.912545454536
2019-05-27 21:00:00,77.0,5,21,0,47215.747,45050.867,7927.57045454545,5762.690454545445
2019-05-27 22:00:00,75.0,5,22,0,45101.774,42187.242,7454.046363636357,4539.514363636357
2019-05-27 23:00:00,75.0,5,23,0,42018.453,39125.82,6458.751272727277,3566.118272727276
2019-05-28 00:00:00,69.1,5,0,1,39099.908,36732.775,5768.390363636368,3401.257363636367
2019-05-28 01:00:00,68.0,5,1,1,36875.722,35174.178,4902.315727272722,3200.7717272727205
2019-05-28 02:00:00,68.0,5,2,1,35474.457,34409.657,4395.194727272734,3330.394727272731
2019-05-28 03:00:00,66.9,5,3,1,34339.177,34045.974,3811.4685454545433,3518.265545454542
2019-05-28 04:00:00,68.0,5,4,1,33828.77,34532.164,3428.085636363634,4131.479636363634
2019-05-28 05:00:00,68.0,5,5,1,33759.117,36220.457,3076.510727272718,5537.850727272722
2019-05-28 06:00:00,69.1,5,6,1,33704.715,38954.231,2637.395363636355,7886.911363636358
2019-05-28 07:00:00,71.1,5,7,1,34778.228,41552.747,2803.967909090912,9578.486909090912
2019-05-28 08:00:00,72.0,5,8,1,37005.664,43057.629,3432.09181818182,9484.056818181823
2019-05-28 09:00:00,75.9,5,9,1,39505.183,43838.34,4409.238818181824,8742.395818181823
2019-05-28 10:00:00,75.9,5,10,1,41495.841,44462.771,5255.291545454544,8222.221545454544
2019-05-28 11:00:00,75.9,5,11,1,43402.399,44735.979,6244.445545454539,7578.02554545454
2019-05-28 12:00:00,75.9,5,12,1,44916.555,44974.439,7092.426272727273,7150.310272727271
2019-05-28 13:00:00,75.9,5,13,1,46102.563,45235.414,7876.40972727273,7009.2607272727255
2019-05-28 14:00:00,84.2,5,14,1,47015.705,45199.784,8542.79972727273,6726.878727272728
2019-05-28 15:00:00,84.2,5,15,1,47603.695,45012.358,8840.284363636361,6248.947363636362
2019-05-28 16:00:00,84.2,5,16,1,48008.856,45155.887,8802.494090909095,5949.525090909097
2019-05-28 17:00:00,86.0,5,17,1,48011.524,45031.639,8322.716272727266,5342.831272727271
2019-05-28 18:00:00,86.0,5,18,1,47245.526,44835.75,7481.766363636365,5071.990363636367
2019-05-28 19:00:00,84.9,5,19,1,45746.569,44312.348,6288.72772727273,4854.506727272725
2019-05-28 20:00:00,82.9,5,20,1,44167.199,44542.798,4827.036545454539,5202.635545454541
2019-05-28 21:00:00,82.0,5,21,1,43406.216,44476.131,4118.039454545447,5187.954454545448
2019-05-28 22:00:00,80.1,5,22,1,41351.938,41791.545,3704.210363636361,4143.817363636357
2019-05-28 23:00:00,78.1,5,23,1,38514.749,38801.715,2955.047272727279,3242.013272727272
2019-05-29 00:00:00,75.0,5,0,2,35894.47,36610.946,2562.9523636363665,3279.428363636369
2019-05-29 01:00:00,73.9,5,1,2,34024.019,35301.733,2050.612727272721,3328.3267272727207
2019-05-29 02:00:00,72.0,5,2,2,32805.972,34462.496,1726.7097272727333,3383.233727272731
2019-05-29 03:00:00,72.0,5,3,2,32063.211,34121.69,1535.5025454545394,3593.9815454545424
2019-05-29 04:00:00,70.0,5,4,2,31740.824,34581.417,1340.1396363636377,4180.732636363638
2019-05-29 05:00:00,70.0,5,5,2,31975.068,36291.53,1292.4617272727191,5608.923727272719
2019-05-29 06:00:00,71.1,5,6,2,32193.613,39281.057,1126.2933636363596,8213.737363636359
2019-05-29 07:00:00,73.0,5,7,2,33278.28,41698.623,1304.0199090909082,9724.362909090907
2019-05-29 08:00:00,73.0,5,8,2,35496.412,43147.703,1922.8398181818195,9574.130818181824
2019-05-29 09:00:00,75.9,5,9,2,37775.715,44007.566,2679.7708181818234,8911.621818181826
2019-05-29 10:00:00,78.1,5,10,2,39810.444,44946.992,3569.8945454545465,8706.442545454542
2019-05-29 11:00:00,78.1,5,11,2,41773.261,46086.61,4615.30754545454,8928.656545454542
2019-05-29 12:00:00,78.1,5,12,2,43247.372,47084.173,5423.243272727275,9260.044272727277
2019-05-29 13:00:00,81.0,5,13,2,44576.592,48065.448,6350.438727272725,9839.294727272723
2019-05-29 14:00:00,81.0,5,14,2,45578.074,48919.403,7105.168727272729,10446.497727272726
2019-05-29 15:00:00,80.1,5,15,2,46496.253,49368.373,7732.842363636359,10604.96236363636
2019-05-29 16:00:00,80.1,5,16,2,47338.213,49971.558,8131.851090909098,10765.196090909092
2019-05-29 17:00:00,78.1,5,17,2,47869.748,50182.729,8180.940272727268,10493.921272727268
2019-05-29 18:00:00,80.1,5,18,2,47608.649,49903.358,7844.889363636365,10139.598363636367
2019-05-29 19:00:00,79.0,5,19,2,46646.771,49200.843,7188.929727272727,9743.001727272727
2019-05-29 20:00:00,73.9,5,20,2,45927.185,48803.365,6587.022545454536,9463.202545454536
2019-05-29 21:00:00,75.0,5,21,2,45683.85,48764.044,6395.673454545446,9475.867454545449
2019-05-29 22:00:00,73.0,5,22,2,43342.38,45938.866,5694.652363636356,8291.13836363636
2019-05-29 23:00:00,73.0,5,23,2,40149.42,42720.84,4589.718272727274,7161.138272727272
2019-05-30 00:00:00,73.0,5,0,3,37653.82,39509.074,4322.302363636365,6177.556363636366
2019-05-30 01:00:00,71.1,5,1,3,36114.87,37462.64,4141.463727272723,5489.23372727272
2019-05-30 02:00:00,70.0,5,2,3,35165.629,36267.213,4086.366727272733,5187.950727272735
2019-05-30 03:00:00,69.1,5,3,3,34696.016,35771.215,4168.307545454543,5243.5065454545365
2019-05-30 04:00:00,70.0,5,4,3,35227.287,36107.398,4826.602636363634,5706.713636363638
2019-05-30 05:00:00,69.1,5,5,3,37030.586,37539.781,6347.979727272723,6857.1747272727225
2019-05-30 06:00:00,68.0,5,6,3,40037.866,40399.609,8970.54636363636,9332.289363636355
2019-05-30 07:00:00,68.0,5,7,3,43525.61,42990.63,11551.34990909091,11016.369909090909
2019-05-30 08:00:00,69.1,5,8,3,46633.452,45058.221,13059.87981818182,11484.64881818182
2019-05-30 09:00:00,70.0,5,9,3,49397.888,46420.954,14301.943818181826,11325.009818181825
2019-05-30 10:00:00,71.1,5,10,3,51912.0,47579.759,15671.450545454543,11339.209545454542
2019-05-30 11:00:00,72.0,5,11,3,53717.294,48524.659,16559.340545454543,11366.70554545454
2019-05-30 12:00:00,71.1,5,12,3,55370.615,49407.129,17546.48627272727,11583.000272727271
2019-05-30 13:00:00,69.1,5,13,3,56839.853,50609.543,18613.69972727273,12383.389727272726
2019-05-30 14:00:00,69.1,5,14,3,57584.491,51535.652,19111.58572727273,13062.74672727273
2019-05-30 15:00:00,69.1,5,15,3,57861.96,52505.759,19098.54936363636,13742.34836363636
2019-05-30 16:00:00,71.1,5,16,3,57762.252,53002.058,18555.89009090909,13795.696090909092
2019-05-30 17:00:00,73.0,5,17,3,57380.363,53204.465,17691.555272727266,13515.657272727263
2019-05-30 18:00:00,73.9,5,18,3,56149.547,52713.788,16385.787363636366,12950.028363636367
2019-05-30 19:00:00,73.0,5,19,3,54585.216,51679.797,15127.374727272729,12221.955727272723
2019-05-30 20:00:00,72.0,5,20,3,53061.533,50569.281,13721.370545454542,11229.11854545454
2019-05-30 21:00:00,71.1,5,21,3,52013.914,50206.744,12725.737454545444,10918.567454545446
2019-05-30 22:00:00,68.0,5,22,3,48565.822,47128.131,10918.09436363636,9480.40336363636
2019-05-30 23:00:00,68.0,5,23,3,44611.074,43209.904,9051.372272727276,7650.202272727278
2019-05-31 00:00:00,66.0,5,0,4,41583.098,40470.254,8251.580363636363,7138.736363636366
2019-05-31 01:00:00,64.0,5,1,4,39284.509,38057.554,7311.102727272719,6084.147727272717
2019-05-31 02:00:00,63.0,5,2,4,38021.141,36508.462,6941.878727272735,5429.199727272731
2019-05-31 03:00:00,62.1,5,3,4,37198.57,35666.309,6670.86154545454,5138.600545454541
2019-05-31 04:00:00,62.1,5,4,4,37361.413,35640.97,6960.728636363638,5240.285636363638
2019-05-31 05:00:00,61.0,5,5,4,38675.213,36941.555,7992.606727272723,6258.94872727272
2019-05-31 06:00:00,61.0,5,6,4,41278.593,39295.016,10211.27336363636,8227.696363636362
2019-05-31 07:00:00,61.0,5,7,4,44209.013,42148.355,12234.752909090908,10174.094909090913
2019-05-31 08:00:00,64.0,5,8,4,46772.833,44299.566,13199.26081818182,10725.993818181822
2019-05-31 09:00:00,66.0,5,9,4,49033.49,45949.292,13937.545818181825,10853.347818181828
2019-05-31 10:00:00,69.1,5,10,4,50802.191,47573.035,14561.641545454542,11332.485545454549
2019-05-31 11:00:00,73.0,5,11,4,52346.179,48786.107,15188.225545454536,11628.153545454545
2019-05-31 12:00:00,73.9,5,12,4,53428.338,49707.8,15604.209272727276,11883.671272727275
2019-05-31 13:00:00,73.9,5,13,4,54179.885,50466.638,15953.73172727273,12240.484727272727
2019-05-31 14:00:00,77.0,5,14,4,54048.891,51011.511,15575.985727272731,12538.605727272728
2019-05-31 15:00:00,78.1,5,15,4,53787.866,51294.153,15024.455363636363,12530.74236363636
2019-05-31 16:00:00,79.0,5,16,4,53897.269,51576.199,14690.907090909095,12369.837090909095
2019-05-31 17:00:00,66.2,5,17,4,53871.055,51348.002,14182.247272727269,11659.194272727267
2019-05-31 18:00:00,66.0,5,18,4,53166.354,50517.487,13402.594363636366,10753.727363636368
2019-05-31 19:00:00,69.1,5,19,4,51686.608,49132.786,12228.766727272729,9674.944727272728
2019-05-31 20:00:00,69.1,5,20,4,50438.48,47982.49,11098.317545454542,8642.327545454536
2019-05-31 21:00:00,68.0,5,21,4,50009.732,47532.679,10721.55545454545,8244.502454545443
2019-05-31 22:00:00,66.0,5,22,4,47191.356,45170.429,9543.62836363636,7522.701363636355
2019-05-31 23:00:00,64.0,5,23,4,43625.743,41635.163,8066.041272727278,6075.461272727276
2019-06-01 00:00:00,64.0,6,0,5,40647.119,38753.723,7315.601363636364,5422.205363636364
2019-06-01 01:00:00,63.0,6,1,5,38673.454,36657.882,6700.047727272719,4684.475727272718
2019-06-01 02:00:00,63.0,6,2,5,37476.853,35379.214,6397.590727272735,4299.951727272732
2019-06-01 03:00:00,62.1,6,3,5,36807.85,34459.498,6280.141545454539,3931.78954545454
2019-06-01 04:00:00,61.0,6,4,5,36990.127,34152.971,6589.442636363638,3752.286636363635
2019-06-01 05:00:00,61.0,6,5,5,38571.978,34303.692,7889.371727272723,3621.0857272727226
2019-06-01 06:00:00,59.0,6,6,5,41188.917,34414.235,10121.59736363636,3346.915363636359
2019-06-01 07:00:00,61.0,6,7,5,43916.512,35851.953,11942.251909090912,3877.692909090911
2019-06-01 08:00:00,60.1,6,8,5,45942.769,38679.655,12369.196818181825,5106.0828181818215
2019-06-01 09:00:00,62.1,6,9,5,47591.552,41693.073,12495.60781818183,6597.128818181824
2019-06-01 10:00:00,64.0,6,10,5,49361.353,44720.714,13120.803545454546,8480.164545454543
2019-06-01 11:00:00,70.0,6,11,5,50510.048,46942.83,13352.094545454544,9784.876545454545
2019-06-01 12:00:00,73.9,6,12,5,51446.867,48652.562,13622.73827272727,10828.43327272727
2019-06-01 13:00:00,78.1,6,13,5,51812.13,49888.019,13585.976727272726,11661.865727272729
2019-06-01 14:00:00,80.1,6,14,5,51939.953,50815.064,13467.04772727273,12342.158727272728
2019-06-01 15:00:00,81.0,6,15,5,51799.163,51641.514,13035.752363636362,12878.103363636365
2019-06-01 16:00:00,81.0,6,16,5,51950.165,52059.436,12743.803090909096,12853.074090909096
2019-06-01 17:00:00,80.1,6,17,5,52090.018,51741.289,12401.210272727263,12052.481272727266
2019-06-01 18:00:00,81.0,6,18,5,51644.184,50528.144,11880.424363636368,10764.384363636367
2019-06-01 19:00:00,80.1,6,19,5,50629.224,49396.658,11171.382727272729,9938.81672727273
2019-06-01 20:00:00,79.0,6,20,5,49641.698,47854.197,10301.535545454535,8514.034545454539
2019-06-01 21:00:00,77.0,6,21,5,49077.344,47215.747,9789.167454545444,7927.57045454545
2019-06-01 22:00:00,75.0,6,22,5,46438.299,45101.774,8790.571363636358,7454.046363636357
2019-06-01 23:00:00,72.0,6,23,5,42901.849,42018.453,7342.147272727278,6458.751272727277
2019-06-02 00:00:00,70.0,6,0,6,40023.634,39099.908,6692.116363636364,5768.390363636368
2019-06-02 01:00:00,70.0,6,1,6,37834.556,36875.722,5861.149727272717,4902.315727272722
2019-06-02 02:00:00,69.8,6,2,6,36658.625,35474.457,5579.362727272732,4395.194727272734
2019-06-02 03:00:00,66.9,6,3,6,35952.043,34339.177,5424.334545454538,3811.4685454545433
2019-06-02 04:00:00,61.0,6,4,6,36043.936,33828.77,5643.251636363639,3428.085636363634
2019-06-02 05:00:00,61.0,6,5,6,37484.79,33759.117,6802.183727272721,3076.510727272718
2019-06-02 06:00:00,61.0,6,6,6,39725.292,33704.715,8657.97236363636,2637.395363636355
2019-06-02 07:00:00,60.1,6,7,6,42588.133,34778.228,10613.872909090913,2803.967909090912
2019-06-02 08:00:00,63.0,6,8,6,44889.902,37005.664,11316.329818181825,3432.09181818182
2019-06-02 09:00:00,66.0,6,9,6,46514.778,39505.183,11418.833818181824,4409.238818181824
2019-06-02 10:00:00,69.1,6,10,6,48269.419,41495.841,12028.869545454543,5255.291545454544
2019-06-02 11:00:00,71.1,6,11,6,50014.802,43402.399,12856.848545454544,6244.445545454539
2019-06-02 12:00:00,72.0,6,12,6,51495.101,44916.555,13670.972272727277,7092.426272727273
2019-06-02 13:00:00,72.0,6,13,6,52602.518,46102.563,14376.364727272725,7876.40972727273
2019-06-02 14:00:00,72.0,6,14,6,53405.866,47015.705,14932.96072727273,8542.79972727273
2019-06-02 15:00:00,73.0,6,15,6,53746.5,47603.695,14983.089363636362,8840.284363636361
2019-06-02 16:00:00,71.1,6,16,6,53862.408,48008.856,14656.046090909098,8802.494090909095
2019-06-02 17:00:00,73.9,6,17,6,53423.694,48011.524,13734.886272727272,8322.716272727266
2019-06-02 18:00:00,71.1,6,18,6,52251.936,47245.526,12488.176363636368,7481.766363636365
2019-06-02 19:00:00,70.0,6,19,6,50531.454,45746.569,11073.612727272724,6288.72772727273
2019-06-02 20:00:00,68.0,6,20,6,48932.795,44167.199,9592.632545454537,4827.036545454539
2019-06-02 21:00:00,64.9,6,21,6,48388.515,43406.216,9100.338454545446,4118.039454545447
2019-06-02 22:00:00,64.0,6,22,6,45871.285,41351.938,8223.557363636362,3704.210363636361
2019-06-02 23:00:00,64.0,6,23,6,42550.98,38514.749,6991.278272727279,2955.047272727279
2019-06-03 00:00:00,62.1,6,0,0,39628.056,35894.47,2706.072857142848,2562.9523636363665
2019-06-03 01:00:00,60.1,6,1,0,37410.481,34024.019,2285.591190476189,2050.612727272721
2019-06-03 02:00:00,57.9,6,2,0,35929.352,32805.972,2146.446666666663,1726.7097272727333
2019-06-03 03:00:00,55.0,6,3,0,34908.352,32063.211,1632.1517142857049,1535.5025454545394
2019-06-03 04:00:00,54.0,6,4,0,34467.182,31740.824,1267.7820952380937,1340.1396363636377
2019-06-03 05:00:00,52.0,6,5,0,35003.793,31975.068,1114.1609047618986,1292.4617272727191
2019-06-03 06:00:00,48.9,6,6,0,35204.262,32193.613,411.7759047619111,1126.2933636363596
2019-06-03 07:00:00,51.1,6,7,0,36617.927,33278.28,0.0,1304.0199090909082
2019-06-03 08:00:00,54.0,6,8,0,38666.426,35496.412,0.0,1922.8398181818195
2019-06-03 09:00:00,57.9,6,9,0,41017.713,37775.715,414.7525238095332,2679.7708181818234
2019-06-03 10:00:00,60.1,6,10,0,43119.055,39810.444,945.0839047619228,3569.8945454545465
2019-06-03 11:00:00,62.1,6,11,0,45112.289,41773.261,1656.1481904761897,4615.30754545454
2019-06-03 12:00:00,64.9,6,12,0,46961.002,43247.372,2393.428333333337,5423.243272727275
2019-06-03 13:00:00,66.0,6,13,0,48341.005,44576.592,2852.874809523812,6350.438727272725
2019-06-03 14:00:00,68.0,6,14,0,49501.496,45578.074,3327.2655238095176,7105.168727272729
2019-06-03 15:00:00,68.0,6,15,0,50588.906,46496.253,3847.894333333337,7732.842363636359
2019-06-03 16:00:00,69.1,6,16,0,51388.19,47338.213,4069.90304761906,8131.851090909098
2019-06-03 17:00:00,70.0,6,17,0,51405.048,47869.748,3731.00295238095,8180.940272727268
2019-06-03 18:00:00,69.1,6,18,0,50162.187,47608.649,2857.013095238086,7844.889363636365
2019-06-03 19:00:00,68.0,6,19,0,47862.009,46646.771,1583.366047619049,7188.929727272727
2019-06-03 20:00:00,66.9,6,20,0,46276.799,45927.185,1106.9582857142814,6587.022545454536
2019-06-03 21:00:00,63.0,6,21,0,45262.87,45683.85,613.1774761904744,6395.673454545446
2019-06-03 22:00:00,61.0,6,22,0,42766.258,43342.38,115.52076190475054,5694.652363636356
2019-06-03 23:00:00,59.0,6,23,0,39731.383,40149.42,0.0,4589.718272727274
2019-06-04 00:00:00,59.0,6,0,1,36964.346,37653.82,42.36285714284895,4322.302363636365
2019-06-04 01:00:00,55.9,6,1,1,34988.687,36114.87,0.0,4141.463727272723
2019-06-04 02:00:00,55.0,6,2,1,33667.783,35165.629,0.0,4086.366727272733
2019-06-04 03:00:00,54.0,6,3,1,32992.793,34696.016,0.0,4168.307545454543
2019-06-04 04:00:00,55.0,6,4,1,32491.428,35227.287,0.0,4826.602636363634
2019-06-04 05:00:00,55.9,6,5,1,32492.009,37030.586,0.0,6347.979727272723
2019-06-04 06:00:00,54.0,6,6,1,32227.934,40037.866,0.0,8970.54636363636
2019-06-04 07:00:00,54.0,6,7,1,33252.445,43525.61,0.0,11551.34990909091
2019-06-04 08:00:00,57.9,6,8,1,35447.46,46633.452,0.0,13059.87981818182
2019-06-04 09:00:00,62.1,6,9,1,37622.226,49397.888,0.0,14301.943818181826
2019-06-04 10:00:00,64.9,6,10,1,39281.486,51912.0,0.0,15671.450545454543
2019-06-04 11:00:00,68.0,6,11,1,40991.597,53717.294,0.0,16559.340545454543
2019-06-04 12:00:00,71.1,6,12,1,42351.232,55370.615,0.0,17546.48627272727
2019-06-04 13:00:00,71.1,6,13,1,43166.576,56839.853,0.0,18613.69972727273
2019-06-04 14:00:00,75.0,6,14,1,43678.035,57584.491,0.0,19111.58572727273
2019-06-04 15:00:00,75.9,6,15,1,44144.047,57861.96,0.0,19098.54936363636
2019-06-04 16:00:00,78.1,6,16,1,44714.123,57762.252,0.0,18555.89009090909
2019-06-04 17:00:00,78.1,6,17,1,44952.406,57380.363,0.0,17691.555272727266
2019-06-04 18:00:00,78.1,6,18,1,44657.818,56149.547,0.0,16385.787363636366
2019-06-04 19:00:00,77.0,6,19,1,43678.087,54585.216,0.0,15127.374727272729
2019-06-04 20:00:00,75.0,6,20,1,42541.477,53061.533,0.0,13721.370545454542
2019-06-04 21:00:00,73.9,6,21,1,42376.781,52013.914,0.0,12725.737454545444
2019-06-04 22:00:00,71.1,6,22,1,40441.775,48565.822,0.0,10918.09436363636
2019-06-04 23:00:00,71.1,6,23,1,37866.465,44611.074,0.0,9051.372272727276
2019-06-05 00:00:00,70.0,6,0,2,35554.458,41583.098,0.0,8251.580363636363
2019-06-05 01:00:00,69.1,6,1,2,34101.102,39284.509,0.0,7311.102727272719
2019-06-05 02:00:00,68.0,6,2,2,33333.401,38021.141,0.0,6941.878727272735
2019-06-05 03:00:00,68.0,6,3,2,32933.984,37198.57,0.0,6670.86154545454
2019-06-05 04:00:00,68.0,6,4,2,33318.141,37361.413,118.74109523809602,6960.728636363638
2019-06-05 05:00:00,66.9,6,5,2,34928.796,38675.213,1039.1639047619028,7992.606727272723
2019-06-05 06:00:00,68.0,6,6,2,37317.06,41278.593,2524.5739047619063,10211.27336363636
2019-06-05 07:00:00,66.9,6,7,2,40063.198,44209.013,3396.875428571424,12234.752909090908
2019-06-05 08:00:00,64.9,6,8,2,41786.672,46772.833,3060.0350476190506,13199.26081818182
2019-06-05 09:00:00,66.0,6,9,2,43059.782,49033.49,2456.821523809529,13937.545818181825
2019-06-05 10:00:00,69.1,6,10,2,44078.569,50802.191,1904.5979047619253,14561.641545454542
2019-06-05 11:00:00,70.0,6,11,2,44684.874,52346.179,1228.733190476196,15188.225545454536
2019-06-05 12:00:00,71.1,6,12,2,45242.631,53428.338,675.0573333333377,15604.209272727276
2019-06-05 13:00:00,73.0,6,13,2,45836.395,54179.885,348.264809523811,15953.73172727273
2019-06-05 14:00:00,75.0,6,14,2,46247.586,54048.891,73.3555238095214,15575.985727272731
2019-06-05 15:00:00,75.0,6,15,2,46538.585,53787.866,0.0,15024.455363636363
2019-06-05 16:00:00,80.1,6,16,2,46801.348,53897.269,0.0,14690.907090909095
2019-06-05 17:00:00,80.1,6,17,2,46863.636,53871.055,0.0,14182.247272727269
2019-06-05 18:00:00,79.0,6,18,2,46473.993,53166.354,0.0,13402.594363636366
2019-06-05 19:00:00,78.1,6,19,2,45580.124,51686.608,0.0,12228.766727272729
2019-06-05 20:00:00,78.1,6,20,2,44755.427,50438.48,0.0,11098.317545454542
2019-06-05 21:00:00,77.0,6,21,2,44479.759,50009.732,0.0,10721.55545454545
2019-06-05 22:00:00,75.0,6,22,2,42194.34,47191.356,0.0,9543.62836363636
2019-06-05 23:00:00,73.0,6,23,2,39142.017,43625.743,0.0,8066.041272727278
2019-06-06 00:00:00,72.0,6,0,3,36782.166,40647.119,0.0,7315.601363636364
2019-06-06 01:00:00,69.1,6,1,3,35111.805,38673.454,0.0,6700.047727272719
2019-06-06 02:00:00,68.0,6,2,3,34245.95,37476.853,463.0446666666612,6397.590727272735
2019-06-06 03:00:00,66.9,6,3,3,33869.624,36807.85,593.4237142857091,6280.141545454539
2019-06-06 04:00:00,66.9,6,4,3,34326.515,36990.127,1127.1150952380922,6589.442636363638
2019-06-06 05:00:00,64.9,6,5,3,35861.388,38571.978,1971.7559047619,7889.371727272723
2019-06-06 06:00:00,66.0,6,6,3,38059.103,41188.917,3266.6169047619114,10121.59736363636
2019-06-06 07:00:00,64.0,6,7,3,40687.581,43916.512,4021.2584285714256,11942.251909090912
2019-06-06 08:00:00,64.9,6,8,3,42645.395,45942.769,3918.7580476190487,12369.196818181825
2019-06-06 09:00:00,68.0,6,9,3,43913.773,47591.552,3310.812523809531,12495.60781818183
2019-06-06 10:00:00,71.1,6,10,3,45059.308,49361.353,2885.33690476192,13120.803545454546
2019-06-06 11:00:00,75.0,6,11,3,45711.904,50510.048,2255.7631904761947,13352.094545454544
2019-06-06 12:00:00,75.9,6,12,3,46434.222,51446.867,1866.648333333338,13622.73827272727
2019-06-06 13:00:00,78.1,6,13,3,47595.76,51812.13,2107.629809523816,13585.976727272726
2019-06-06 14:00:00,79.0,6,14,3,48367.48,51939.953,2193.2495238095216,13467.04772727273
2019-06-06 15:00:00,80.1,6,15,3,49132.792,51799.163,2391.780333333336,13035.752363636362
2019-06-06 16:00:00,82.0,6,16,3,50004.738,51950.165,2686.451047619056,12743.803090909096
2019-06-06 17:00:00,82.0,6,17,3,50316.366,52090.018,2642.320952380949,12401.210272727263
2019-06-06 18:00:00,81.0,6,18,3,50151.104,51644.184,2845.9300952380872,11880.424363636368
2019-06-06 19:00:00,79.0,6,19,3,49345.233,50629.224,3066.590047619051,11171.382727272729
2019-06-06 20:00:00,77.0,6,20,3,48691.096,49641.698,3521.25528571428,10301.535545454535
2019-06-06 21:00:00,73.0,6,21,3,48501.413,49077.344,3851.720476190472,9789.167454545444
2019-06-06 22:00:00,71.1,6,22,3,46110.344,46438.299,3459.6067619047462,8790.571363636358
2019-06-06 23:00:00,70.0,6,23,3,42730.806,42901.849,2962.4856666666674,7342.147272727278
2019-06-07 00:00:00,68.0,6,0,4,39941.851,40023.634,3019.8678571428536,6692.116363636364
2019-06-07 01:00:00,66.9,6,1,4,38012.838,37834.556,2887.9481904761924,5861.149727272717
2019-06-07 02:00:00,66.0,6,2,4,36885.895,36658.625,3102.989666666661,5579.362727272732
2019-06-07 03:00:00,64.0,6,3,4,36177.11,35952.043,2900.9097142857063,5424.334545454538
2019-06-07 04:00:00,64.0,6,4,4,36288.828,36043.936,3089.428095238094,5643.251636363639
2019-06-07 05:00:00,63.0,6,5,4,37635.703,37484.79,3746.070904761902,6802.183727272721
2019-06-07 06:00:00,63.0,6,6,4,40094.891,39725.292,5302.404904761912,8657.97236363636
2019-06-07 07:00:00,63.0,6,7,4,42929.159,42588.133,6262.836428571427,10613.872909090913
2019-06-07 08:00:00,64.9,6,8,4,44969.288,44889.902,6242.651047619052,11316.329818181825
2019-06-07 09:00:00,66.0,6,9,4,46807.371,46514.778,6204.410523809529,11418.833818181824
2019-06-07 10:00:00,66.9,6,10,4,48707.788,48269.419,6533.816904761923,12028.869545454543
2019-06-07 11:00:00,70.0,6,11,4,50170.259,50014.802,6714.118190476191,12856.848545454544
2019-06-07 12:00:00,71.1,6,12,4,51509.85,51495.101,6942.276333333335,13670.972272727277
2019-06-07 13:00:00,75.0,6,13,4,52730.32,52602.518,7242.189809523814,14376.364727272725
2019-06-07 14:00:00,75.9,6,14,4,53490.164,53405.866,7315.9335238095155,14932.96072727273
2019-06-07 15:00:00,77.0,6,15,4,54111.673,53746.5,7370.661333333337,14983.089363636362
2019-06-07 16:00:00,75.9,6,16,4,54716.239,53862.408,7397.952047619059,14656.046090909098
2019-06-07 17:00:00,75.0,6,17,4,55016.625,53423.694,7342.579952380947,13734.886272727272
2019-06-07 18:00:00,75.0,6,18,4,54653.959,52251.936,7348.78509523809,12488.176363636368
2019-06-07 19:00:00,75.0,6,19,4,53282.481,50531.454,7003.8380476190505,11073.612727272724
2019-06-07 20:00:00,73.9,6,20,4,51890.578,48932.795,6720.737285714284,9592.632545454537
2019-06-07 21:00:00,72.0,6,21,4,50778.261,48388.515,6128.56847619047,9100.338454545446
2019-06-07 22:00:00,71.1,6,22,4,48173.031,45871.285,5522.293761904752,8223.557363636362
2019-06-07 23:00:00,71.1,6,23,4,44311.864,42550.98,4543.543666666672,6991.278272727279
2019-06-08 00:00:00,70.0,6,0,5,41176.987,39628.056,4255.003857142852,2706.072857142848
2019-06-08 01:00:00,70.0,6,1,5,38933.259,37410.481,3808.369190476187,2285.591190476189
2019-06-08 02:00:00,68.0,6,2,5,37473.517,35929.352,3690.611666666664,2146.446666666663
2019-06-08 03:00:00,66.9,6,3,5,36728.848,34908.352,3452.647714285704,1632.1517142857049
2019-06-08 04:00:00,66.9,6,4,5,36700.256,34467.182,3500.856095238094,1267.7820952380937
2019-06-08 05:00:00,66.9,6,5,5,38029.537,35003.793,4139.904904761897,1114.1609047618986
2019-06-08 06:00:00,66.9,6,6,5,40103.374,35204.262,5310.887904761912,411.7759047619111
2019-06-08 07:00:00,66.9,6,7,5,42983.574,36617.927,6317.251428571428,0.0
2019-06-08 08:00:00,68.0,6,8,5,45365.336,38666.426,6638.699047619055,0.0
2019-06-08 09:00:00,69.1,6,9,5,47331.941,41017.713,6728.980523809529,414.7525238095332
2019-06-08 10:00:00,71.1,6,10,5,49327.803,43119.055,7153.8319047619225,945.0839047619228
2019-06-08 11:00:00,73.0,6,11,5,51055.959,45112.289,7599.818190476195,1656.1481904761897
2019-06-08 12:00:00,75.0,6,12,5,52659.97,46961.002,8092.396333333338,2393.428333333337
2019-06-08 13:00:00,77.0,6,13,5,54154.192,48341.005,8666.061809523817,2852.874809523812
2019-06-08 14:00:00,75.0,6,14,5,55158.951,49501.496,8984.72052380952,3327.2655238095176
2019-06-08 15:00:00,75.0,6,15,5,55770.86,50588.906,9029.848333333335,3847.894333333337
2019-06-08 16:00:00,75.0,6,16,5,56552.095,51388.19,9233.80804761906,4069.90304761906
2019-06-08 17:00:00,73.9,6,17,5,56430.537,51405.048,8756.491952380944,3731.00295238095
2019-06-08 18:00:00,75.0,6,18,5,55574.478,50162.187,8269.30409523809,2857.013095238086
2019-06-08 19:00:00,72.0,6,19,5,54047.361,47862.009,7768.718047619048,1583.366047619049
2019-06-08 20:00:00,73.0,6,20,5,52294.354,46276.799,7124.513285714282,1106.9582857142814
2019-06-08 21:00:00,72.0,6,21,5,51216.507,45262.87,6566.81447619047,613.1774761904744
2019-06-08 22:00:00,72.0,6,22,5,48425.403,42766.258,5774.665761904747,115.52076190475054
2019-06-08 23:00:00,72.0,6,23,5,44554.323,39731.383,4786.002666666667,0.0
2019-06-09 00:00:00,72.0,6,0,6,41039.402,36964.346,4117.418857142853,42.36285714284895
2019-06-09 01:00:00,72.0,6,1,6,38760.679,34988.687,3635.7891904761855,0.0
2019-06-09 02:00:00,71.1,6,2,6,37335.868,33667.783,3552.9626666666663,0.0
2019-06-09 03:00:00,70.0,6,3,6,36765.127,32992.793,3488.926714285706,0.0
2019-06-09 04:00:00,70.0,6,4,6,36532.251,32491.428,3332.8510952380893,0.0
2019-06-09 05:00:00,70.0,6,5,6,37642.415,32492.009,3752.7829047619016,0.0
2019-06-09 06:00:00,70.0,6,6,6,39636.767,32227.934,4844.2809047619085,0.0
2019-06-09 07:00:00,69.1,6,7,6,42354.072,33252.445,5687.749428571427,0.0
2019-06-09 08:00:00,70.0,6,8,6,44522.942,35447.46,5796.305047619055,0.0
2019-06-09 09:00:00,71.1,6,9,6,46458.99,37622.226,5856.029523809528,0.0
2019-06-09 10:00:00,72.0,6,10,6,48247.63,39281.486,6073.65890476192,0.0
2019-06-09 11:00:00,73.0,6,11,6,49775.343,40991.597,6319.202190476193,0.0
2019-06-09 12:00:00,73.9,6,12,6,50944.065,42351.232,6376.491333333339,0.0
2019-06-09 13:00:00,77.0,6,13,6,51942.126,43166.576,6453.995809523811,0.0
2019-06-09 14:00:00,78.1,6,14,6,52705.93,43678.035,6531.699523809519,0.0
2019-06-09 15:00:00,80.1,6,15,6,52914.774,44144.047,6173.762333333332,0.0
2019-06-09 16:00:00,81.0,6,16,6,53159.566,44714.123,5841.279047619057,0.0
2019-06-09 17:00:00,79.0,6,17,6,52820.256,44952.406,5146.210952380949,0.0
2019-06-09 18:00:00,80.1,6,18,6,51785.715,44657.818,4480.541095238084,0.0
2019-06-09 19:00:00,79.0,6,19,6,50098.258,43678.087,3819.615047619052,0.0
2019-06-09 20:00:00,79.0,6,20,6,48644.987,42541.477,3475.146285714284,0.0
2019-06-09 21:00:00,78.1,6,21,6,47573.138,42376.781,2923.445476190471,0.0
2019-06-09 22:00:00,75.9,6,22,6,45409.41,40441.775,2758.6727619047524,0.0
2019-06-09 23:00:00,73.9,6,23,6,42018.574,37866.465,2250.253666666671,0.0
2019-06-10 00:00:00,73.9,6,0,0,39075.65,35554.458,2153.6668571428527,0.0
2019-06-10 01:00:00,72.0,6,1,0,36867.767,34101.102,1742.8771904761888,0.0
2019-06-10 02:00:00,71.1,6,2,0,31710.996,33333.401,0.0,0.0
2019-06-10 03:00:00,70.0,6,3,0,34600.036,32933.984,1323.8357142857058,0.0
2019-06-10 04:00:00,69.1,6,4,0,34375.303,33318.141,1175.9030952380926,118.74109523809602
2019-06-10 05:00:00,68.0,6,5,0,34715.923,34928.796,826.2909047619032,1039.1639047619028
2019-06-10 06:00:00,69.1,6,6,0,35009.074,37317.06,216.5879047619092,2524.5739047619063
2019-06-10 07:00:00,69.1,6,7,0,36576.023,40063.198,0.0,3396.875428571424
2019-06-10 08:00:00,69.1,6,8,0,38844.953,41786.672,118.31604761905328,3060.0350476190506
2019-06-10 09:00:00,71.1,6,9,0,41160.461,43059.782,557.5005238095328,2456.821523809529
2019-06-10 10:00:00,72.0,6,10,0,43070.627,44078.569,896.655904761923,1904.5979047619253
2019-06-10 11:00:00,73.0,6,11,0,44518.536,44684.874,1062.3951904761925,1228.733190476196
2019-06-10 12:00:00,73.0,6,12,0,45562.485,45242.631,994.9113333333372,675.0573333333377
2019-06-10 13:00:00,70.0,6,13,0,46477.886,45836.395,989.7558095238128,348.264809523811
2019-06-10 14:00:00,72.0,6,14,0,46937.78,46247.586,763.5495238095173,73.3555238095214
2019-06-10 15:00:00,75.9,6,15,0,47131.222,46538.585,390.21033333333617,0.0
2019-06-10 16:00:00,73.9,6,16,0,47301.858,46801.348,0.0,0.0
2019-06-10 17:00:00,68.0,6,17,0,47011.393,46863.636,0.0,0.0
2019-06-10 18:00:00,68.0,6,18,0,46146.39,46473.993,0.0,0.0
2019-06-10 19:00:00,66.9,6,19,0,45081.921,45580.124,0.0,0.0
2019-06-10 20:00:00,66.0,6,20,0,44310.226,44755.427,0.0,0.0
2019-06-10 21:00:00,66.0,6,21,0,44319.426,44479.759,0.0,0.0
2019-06-10 22:00:00,64.0,6,22,0,42674.701,42194.34,23.963761904749845,0.0
2019-06-10 23:00:00,61.0,6,23,0,40219.643,39142.017,451.3226666666669,0.0
2019-06-11 00:00:00,59.0,6,0,1,37712.396,36782.166,790.4128571428519,0.0
2019-06-11 01:00:00,57.0,6,1,1,35894.08,35111.805,769.1901904761908,0.0
2019-06-11 02:00:00,55.9,6,2,1,34675.722,34245.95,892.8166666666657,463.0446666666612
2019-06-11 03:00:00,53.1,6,3,1,33759.419,33869.624,483.2187142857074,593.4237142857091
2019-06-11 04:00:00,51.1,6,4,1,33366.642,34326.515,167.2420952380926,1127.1150952380922
2019-06-11 05:00:00,50.0,6,5,1,33456.368,35861.388,0.0,1971.7559047619
2019-06-11 06:00:00,48.9,6,6,1,33468.99,38059.103,0.0,3266.6169047619114
2019-06-11 07:00:00,50.0,6,7,1,34364.944,40687.581,0.0,4021.2584285714256
2019-06-11 08:00:00,57.0,6,8,1,36367.287,42645.395,0.0,3918.7580476190487
2019-06-11 09:00:00,61.0,6,9,1,38613.249,43913.773,0.0,3310.812523809531
2019-06-11 10:00:00,66.0,6,10,1,40439.361,45059.308,0.0,2885.33690476192
2019-06-11 11:00:00,69.1,6,11,1,42290.765,45711.904,0.0,2255.7631904761947
2019-06-11 12:00:00,72.0,6,12,1,43866.19,46434.222,0.0,1866.648333333338
2019-06-11 13:00:00,73.9,6,13,1,45044.459,47595.76,0.0,2107.629809523816
2019-06-11 14:00:00,75.0,6,14,1,45892.736,48367.48,0.0,2193.2495238095216
2019-06-11 15:00:00,75.0,6,15,1,46584.804,49132.792,0.0,2391.780333333336
2019-06-11 16:00:00,78.1,6,16,1,47214.78,50004.738,0.0,2686.451047619056
2019-06-11 17:00:00,78.1,6,17,1,47673.197,50316.366,0.0,2642.320952380949
2019-06-11 18:00:00,75.0,6,18,1,47501.086,50151.104,195.91209523809084,2845.9300952380872
2019-06-11 19:00:00,75.9,6,19,1,47105.879,49345.233,827.2360476190515,3066.590047619051
2019-06-11 20:00:00,73.0,6,20,1,46817.883,48691.096,1648.042285714284,3521.25528571428
2019-06-11 21:00:00,70.0,6,21,1,46668.222,48501.413,2018.529476190473,3851.720476190472
2019-06-11 22:00:00,66.0,6,22,1,44962.06,46110.344,2311.3227619047466,3459.6067619047462
2019-06-11 23:00:00,64.9,6,23,1,42247.463,42730.806,2479.142666666674,2962.4856666666674
2019-06-12 00:00:00,64.0,6,0,2,39691.254,39941.851,2769.270857142852,3019.8678571428536
2019-06-12 01:00:00,62.1,6,1,2,37875.554,38012.838,2750.664190476185,2887.9481904761924
2019-06-12 02:00:00,61.0,6,2,2,36734.911,36885.895,2952.005666666664,3102.989666666661
2019-06-12 03:00:00,57.9,6,3,2,36233.169,36177.11,2956.9687142857074,2900.9097142857063
2019-06-12 04:00:00,57.0,6,4,2,36476.917,36288.828,3277.517095238094,3089.428095238094
2019-06-12 05:00:00,57.9,6,5,2,38121.128,37635.703,4231.495904761898,3746.070904761902
2019-06-12 06:00:00,57.0,6,6,2,40599.04,40094.891,5806.5539047619095,5302.404904761912
2019-06-12 07:00:00,57.0,6,7,2,43491.446,42929.159,6825.123428571431,6262.836428571427
2019-06-12 08:00:00,62.1,6,8,2,45671.638,44969.288,6945.001047619051,6242.651047619052
2019-06-12 09:00:00,66.0,6,9,2,47294.974,46807.371,6692.013523809532,6204.410523809529
2019-06-12 10:00:00,70.0,6,10,2,48995.294,48707.788,6821.322904761924,6533.816904761923
2019-06-12 11:00:00,73.0,6,11,2,50236.445,50170.259,6780.304190476192,6714.118190476191
2019-06-12 12:00:00,73.9,6,12,2,51183.11,51509.85,6615.536333333337,6942.276333333335
2019-06-12 13:00:00,75.9,6,13,2,51879.723,52730.32,6391.592809523812,7242.189809523814
2019-06-12 14:00:00,75.9,6,14,2,52049.178,53490.164,5874.947523809518,7315.9335238095155
2019-06-12 15:00:00,77.0,6,15,2,51811.92,54111.673,5070.908333333333,7370.661333333337
2019-06-12 16:00:00,75.0,6,16,2,51211.261,54716.239,3892.974047619056,7397.952047619059
2019-06-12 17:00:00,75.0,6,17,2,50836.109,55016.625,3162.063952380944,7342.579952380947
2019-06-12 18:00:00,73.9,6,18,2,49922.684,54653.959,2617.510095238089,7348.78509523809
2019-06-12 19:00:00,66.9,6,19,2,48606.069,53282.481,2327.426047619054,7003.8380476190505
2019-06-12 20:00:00,63.0,6,20,2,47172.151,51890.578,2002.3102857142803,6720.737285714284
2019-06-12 21:00:00,62.1,6,21,2,46368.225,50778.261,1718.5324761904703,6128.56847619047
2019-06-12 22:00:00,61.0,6,22,2,44013.284,48173.031,1362.5467619047486,5522.293761904752
2019-06-12 23:00:00,60.1,6,23,2,40614.598,44311.864,846.2776666666687,4543.543666666672
2019-06-13 00:00:00,61.0,6,0,3,37800.465,41176.987,878.4818571428477,4255.003857142852
2019-06-13 01:00:00,61.0,6,1,3,35916.513,38933.259,791.623190476188,3808.369190476187
2019-06-13 02:00:00,61.0,6,2,3,34804.541,37473.517,1021.6356666666616,3690.611666666664
2019-06-13 03:00:00,61.0,6,3,3,34077.082,36728.848,800.8817142857079,3452.647714285704
2019-06-13 04:00:00,61.0,6,4,3,34306.483,36700.256,1107.083095238093,3500.856095238094
2019-06-13 05:00:00,61.0,6,5,3,35776.169,38029.537,1886.5369047619024,4139.904904761897
2019-06-13 06:00:00,62.1,6,6,3,37728.094,40103.374,2935.607904761906,5310.887904761912
2019-06-13 07:00:00,61.0,6,7,3,40537.697,42983.574,3871.3744285714274,6317.251428571428
2019-06-13 08:00:00,62.1,6,8,3,42854.96,45365.336,4128.323047619051,6638.699047619055
2019-06-13 09:00:00,62.1,6,9,3,44400.049,47331.941,3797.088523809529,6728.980523809529
2019-06-13 10:00:00,64.0,6,10,3,45813.645,49327.803,3639.67390476192,7153.8319047619225
2019-06-13 11:00:00,63.0,6,11,3,46916.417,51055.959,3460.2761904761937,7599.818190476195
2019-06-13 12:00:00,60.1,6,12,3,47950.432,52659.97,3382.858333333337,8092.396333333338
2019-06-13 13:00:00,62.1,6,13,3,48991.578,54154.192,3503.4478095238155,8666.061809523817
2019-06-13 14:00:00,61.0,6,14,3,49891.56,55158.951,3717.329523809516,8984.72052380952
2019-06-13 15:00:00,60.1,6,15,3,50467.361,55770.86,3726.349333333332,9029.848333333335
2019-06-13 16:00:00,60.1,6,16,3,51123.203,56552.095,3804.916047619059,9233.80804761906
2019-06-13 17:00:00,61.0,6,17,3,51477.887,56430.537,3803.84195238095,8756.491952380944
2019-06-13 18:00:00,59.0,6,18,3,50939.717,55574.478,3634.543095238085,8269.30409523809
2019-06-13 19:00:00,55.9,6,19,3,49501.058,54047.361,3222.415047619048,7768.718047619048
2019-06-13 20:00:00,54.0,6,20,3,48217.546,52294.354,3047.7052857142844,7124.513285714282
2019-06-13 21:00:00,53.1,6,21,3,47397.007,51216.507,2747.3144761904696,6566.81447619047
2019-06-13 22:00:00,53.1,6,22,3,44902.808,48425.403,2252.070761904746,5774.665761904747
2019-06-13 23:00:00,53.1,6,23,3,41524.504,44554.323,1756.1836666666711,4786.002666666667
2019-06-14 00:00:00,54.0,6,0,4,38373.519,41039.402,1451.5358571428517,4117.418857142853
2019-06-14 01:00:00,53.1,6,1,4,36601.066,38760.679,1476.176190476188,3635.7891904761855
2019-06-14 02:00:00,52.0,6,2,4,35512.301,37335.868,1729.3956666666636,3552.9626666666663
2019-06-14 03:00:00,50.0,6,3,4,34823.197,36765.127,1546.9967142857058,3488.926714285706
2019-06-14 04:00:00,48.9,6,4,4,34952.173,36532.251,1752.7730952380953,3332.8510952380893
2019-06-14 05:00:00,51.1,6,5,4,36187.674,37642.415,2298.0419047619,3752.7829047619016
2019-06-14 06:00:00,48.9,6,6,4,38097.46,39636.767,3304.973904761908,4844.2809047619085
2019-06-14 07:00:00,50.0,6,7,4,40769.514,42354.072,4103.19142857143,5687.749428571427
2019-06-14 08:00:00,55.9,6,8,4,42894.543,44522.942,4167.90604761905,5796.305047619055
2019-06-14 09:00:00,61.0,6,9,4,44411.132,46458.99,3808.171523809528,5856.029523809528
2019-06-14 10:00:00,64.9,6,10,4,45814.399,48247.63,3640.42790476192,6073.65890476192
2019-06-14 11:00:00,68.0,6,11,4,46894.687,49775.343,3438.5461904761905,6319.202190476193
2019-06-14 12:00:00,70.0,6,12,4,47770.76,50944.065,3203.1863333333386,6376.491333333339
2019-06-14 13:00:00,72.0,6,13,4,48724.713,51942.126,3236.5828095238176,6453.995809523811
2019-06-14 14:00:00,72.0,6,14,4,49166.836,52705.93,2992.6055238095214,6531.699523809519
2019-06-14 15:00:00,73.0,6,15,4,49304.963,52914.774,2563.951333333338,6173.762333333332
2019-06-14 16:00:00,73.9,6,16,4,49084.75,53159.566,1766.4630476190578,5841.279047619057
2019-06-14 17:00:00,73.9,6,17,4,48536.71,52820.256,862.6649523809465,5146.210952380949
2019-06-14 18:00:00,73.9,6,18,4,47696.345,51785.715,391.171095238089,4480.541095238084
2019-06-14 19:00:00,73.0,6,19,4,46796.157,50098.258,517.51404761905,3819.615047619052
2019-06-14 20:00:00,72.0,6,20,4,46352.731,48644.987,1182.890285714282,3475.146285714284
2019-06-14 21:00:00,70.0,6,21,4,46117.575,47573.138,1467.8824761904689,2923.445476190471
2019-06-14 22:00:00,66.9,6,22,4,43888.75,45409.41,1238.012761904749,2758.6727619047524
2019-06-14 23:00:00,64.9,6,23,4,40669.227,42018.574,900.9066666666696,2250.253666666671
2019-06-15 00:00:00,64.9,6,0,5,38205.132,39075.65,1283.148857142849,2153.6668571428527
2019-06-15 01:00:00,64.0,6,1,5,36524.602,36867.767,1399.712190476188,1742.8771904761888
2019-06-15 02:00:00,64.0,6,2,5,35418.011,31710.996,1635.1056666666627,0.0
2019-06-15 03:00:00,64.9,6,3,5,34918.824,34600.036,1642.6237142857062,1323.8357142857058
2019-06-15 04:00:00,64.0,6,4,5,35217.998,34375.303,2018.5980952380924,1175.9030952380926
2019-06-15 05:00:00,62.1,6,5,5,36686.451,34715.923,2796.8189047619016,826.2909047619032
2019-06-15 06:00:00,61.0,6,6,5,38837.611,35009.074,4045.124904761906,216.5879047619092
2019-06-15 07:00:00,63.0,6,7,5,41053.827,36576.023,4387.504428571425,0.0
2019-06-15 08:00:00,64.0,6,8,5,42811.322,38844.953,4084.685047619052,118.31604761905328
2019-06-15 09:00:00,63.0,6,9,5,43897.965,41160.461,3295.0045238095263,557.5005238095328
2019-06-15 10:00:00,66.9,6,10,5,45034.113,43070.627,2860.14190476192,896.655904761923
2019-06-15 11:00:00,69.1,6,11,5,45554.401,44518.536,2098.2601904761905,1062.3951904761925
2019-06-15 12:00:00,72.0,6,12,5,45839.583,45562.485,1272.0093333333352,994.9113333333372
2019-06-15 13:00:00,75.9,6,13,5,46134.874,46477.886,646.7438095238176,989.7558095238128
2019-06-15 14:00:00,75.9,6,14,5,46172.378,46937.78,0.0,763.5495238095173
2019-06-15 15:00:00,70.0,6,15,5,45668.645,47131.222,0.0,390.21033333333617
2019-06-15 16:00:00,71.1,6,16,5,45087.072,47301.858,0.0,0.0
2019-06-15 17:00:00,69.1,6,17,5,44788.098,47011.393,0.0,0.0
2019-06-15 18:00:00,71.1,6,18,5,44208.672,46146.39,0.0,0.0
2019-06-15 19:00:00,70.0,6,19,5,43629.956,45081.921,0.0,0.0
2019-06-15 20:00:00,68.0,6,20,5,43226.928,44310.226,0.0,0.0
2019-06-15 21:00:00,68.0,6,21,5,43086.713,44319.426,0.0,0.0
2019-06-15 22:00:00,68.0,6,22,5,41315.88,42674.701,0.0,23.963761904749845
2019-06-15 23:00:00,69.1,6,23,5,38783.952,40219.643,0.0,451.3226666666669
2019-06-16 00:00:00,69.1,6,0,6,36660.166,37712.396,0.0,790.4128571428519
2019-06-16 01:00:00,68.0,6,1,6,35088.134,35894.08,0.0,769.1901904761908
2019-06-16 02:00:00,68.0,6,2,6,34052.969,34675.722,270.06366666666145,892.8166666666657
2019-06-16 03:00:00,68.0,6,3,6,33671.317,33759.419,395.1167142857085,483.2187142857074
2019-06-16 04:00:00,68.0,6,4,6,33922.056,33366.642,722.6560952380896,167.2420952380926
2019-06-16 05:00:00,68.0,6,5,6,35112.071,33456.368,1222.4389047619045,0.0
2019-06-16 06:00:00,68.0,6,6,6,36873.071,33468.99,2080.584904761912,0.0
2019-06-16 07:00:00,68.0,6,7,6,39530.251,34364.944,2863.928428571424,0.0
2019-06-16 08:00:00,66.9,6,8,6,41640.558,36367.287,2913.921047619049,0.0
2019-06-16 09:00:00,68.0,6,9,6,43043.848,38613.249,2440.887523809528,0.0
2019-06-16 10:00:00,68.0,6,10,6,44025.121,40439.361,1851.1499047619216,0.0
2019-06-16 11:00:00,69.1,6,11,6,44688.031,42290.765,1231.8901904761951,0.0
2019-06-16 12:00:00,72.0,6,12,6,45260.526,43866.19,692.9523333333345,0.0
2019-06-16 13:00:00,75.9,6,13,6,45669.348,45044.459,181.21780952381232,0.0
2019-06-16 14:00:00,77.0,6,14,6,46031.415,45892.736,0.0,0.0
2019-06-16 15:00:00,77.0,6,15,6,46196.242,46584.804,0.0,0.0
2019-06-16 16:00:00,79.0,6,16,6,46353.507,47214.78,0.0,0.0
2019-06-16 17:00:00,78.1,6,17,6,46509.153,47673.197,0.0,0.0
2019-06-16 18:00:00,78.1,6,18,6,45967.797,47501.086,0.0,195.91209523809084
2019-06-16 19:00:00,79.0,6,19,6,44820.341,47105.879,0.0,827.2360476190515
2019-06-16 20:00:00,78.1,6,20,6,43867.434,46817.883,0.0,1648.042285714284
2019-06-16 21:00:00,77.0,6,21,6,43737.504,46668.222,0.0,2018.529476190473
2019-06-16 22:00:00,75.0,6,22,6,41883.591,44962.06,0.0,2311.3227619047466
2019-06-16 23:00:00,75.0,6,23,6,38850.9,42247.463,0.0,2479.142666666674
2019-06-17 00:00:00,73.0,6,0,0,36486.935,39691.254,0.0,2769.270857142852
2019-06-17 01:00:00,71.1,6,1,0,34623.664,37875.554,0.0,2750.664190476185
2019-06-17 02:00:00,69.1,6,2,0,33684.781,36734.911,0.0,2952.005666666664
2019-06-17 03:00:00,68.0,6,3,0,32993.101,36233.169,0.0,2956.9687142857074
2019-06-17 04:00:00,68.0,6,4,0,32924.494,36476.917,0.0,3277.517095238094
2019-06-17 05:00:00,66.9,6,5,0,33250.862,38121.128,0.0,4231.495904761898
2019-06-17 06:00:00,66.9,6,6,0,33791.223,40599.04,0.0,5806.5539047619095
2019-06-17 07:00:00,66.9,6,7,0,34944.724,43491.446,0.0,6825.123428571431
2019-06-17 08:00:00,66.9,6,8,0,36854.133,45671.638,0.0,6945.001047619051
2019-06-17 09:00:00,68.0,6,9,0,38791.464,47294.974,0.0,6692.013523809532
2019-06-17 10:00:00,69.1,6,10,0,40107.223,48995.294,0.0,6821.322904761924
2019-06-17 11:00:00,71.1,6,11,0,41230.533,50236.445,0.0,6780.304190476192
2019-06-17 12:00:00,72.0,6,12,0,41872.594,51183.11,0.0,6615.536333333337
2019-06-17 13:00:00,73.9,6,13,0,42304.451,51879.723,0.0,6391.592809523812
2019-06-17 14:00:00,75.9,6,14,0,42560.405,52049.178,0.0,5874.947523809518
2019-06-17 15:00:00,73.9,6,15,0,42646.417,51811.92,0.0,5070.908333333333
2019-06-17 16:00:00,75.9,6,16,0,42880.983,51211.261,0.0,3892.974047619056
2019-06-17 17:00:00,75.9,6,17,0,43161.641,50836.109,0.0,3162.063952380944
2019-06-17 18:00:00,77.0,6,18,0,42890.502,49922.684,0.0,2617.510095238089
2019-06-17 19:00:00,75.9,6,19,0,42595.276,48606.069,0.0,2327.426047619054
2019-06-17 20:00:00,73.9,6,20,0,42327.162,47172.151,0.0,2002.3102857142803
2019-06-17 21:00:00,73.0,6,21,0,42500.028,46368.225,0.0,1718.5324761904703
2019-06-17 22:00:00,71.1,6,22,0,40921.934,44013.284,0.0,1362.5467619047486
2019-06-17 23:00:00,70.0,6,23,0,38717.263,40614.598,0.0,846.2776666666687
2019-06-18 00:00:00,69.1,6,0,1,36511.457,37800.465,0.0,878.4818571428477
2019-06-18 01:00:00,69.1,6,1,1,34839.515,35916.513,0.0,791.623190476188
2019-06-18 02:00:00,68.0,6,2,1,33783.882,34804.541,0.976666666661913,1021.6356666666616
2019-06-18 03:00:00,66.9,6,3,1,33087.901,34077.082,0.0,800.8817142857079
2019-06-18 04:00:00,66.9,6,4,1,32892.68,34306.483,0.0,1107.083095238093
2019-06-18 05:00:00,66.9,6,5,1,32972.624,35776.169,0.0,1886.5369047619024
2019-06-18 06:00:00,66.9,6,6,1,33173.508,37728.094,0.0,2935.607904761906
2019-06-18 07:00:00,66.9,6,7,1,34217.202,40537.697,0.0,3871.3744285714274
2019-06-18 08:00:00,68.0,6,8,1,36151.648,42854.96,0.0,4128.323047619051
2019-06-18 09:00:00,69.1,6,9,1,38238.541,44400.049,0.0,3797.088523809529
2019-06-18 10:00:00,70.0,6,10,1,39774.379,45813.645,0.0,3639.67390476192
2019-06-18 11:00:00,70.0,6,11,1,40911.211,46916.417,0.0,3460.2761904761937
2019-06-18 12:00:00,71.1,6,12,1,42158.175,47950.432,0.0,3382.858333333337
2019-06-18 13:00:00,73.9,6,13,1,43025.723,48991.578,0.0,3503.4478095238155
2019-06-18 14:00:00,75.0,6,14,1,43990.09,49891.56,0.0,3717.329523809516
2019-06-18 15:00:00,72.0,6,15,1,44926.337,50467.361,0.0,3726.349333333332
2019-06-18 16:00:00,75.9,6,16,1,45657.684,51123.203,0.0,3804.916047619059
2019-06-18 17:00:00,77.0,6,17,1,46433.123,51477.887,0.0,3803.84195238095
2019-06-18 18:00:00,77.0,6,18,1,46333.269,50939.717,0.0,3634.543095238085
2019-06-18 19:00:00,78.1,6,19,1,45669.124,49501.058,0.0,3222.415047619048
2019-06-18 20:00:00,75.9,6,20,1,45098.963,48217.546,0.0,3047.7052857142844
2019-06-18 21:00:00,72.0,6,21,1,45326.698,47397.007,677.0054761904685,2747.3144761904696
2019-06-18 22:00:00,71.1,6,22,1,43567.178,44902.808,916.4407619047488,2252.070761904746
2019-06-18 23:00:00,70.0,6,23,1,41123.054,41524.504,1354.733666666667,1756.1836666666711
2019-06-19 00:00:00,70.0,6,0,2,38576.386,38373.519,1654.4028571428498,1451.5358571428517
2019-06-19 01:00:00,70.0,6,1,2,36920.597,36601.066,1795.7071904761906,1476.176190476188
2019-06-19 02:00:00,70.0,6,2,2,35986.191,35512.301,2203.285666666663,1729.3956666666636
2019-06-19 03:00:00,70.0,6,3,2,35419.928,34823.197,2143.7277142857056,1546.9967142857058
2019-06-19 04:00:00,69.1,6,4,2,35660.872,34952.173,2461.472095238096,1752.7730952380953
2019-06-19 05:00:00,69.1,6,5,2,37265.78,36187.674,3376.1479047619,2298.0419047619
2019-06-19 06:00:00,70.0,6,6,2,39653.714,38097.46,4861.227904761909,3304.973904761908
2019-06-19 07:00:00,69.1,6,7,2,42524.989,40769.514,5858.666428571429,4103.19142857143
2019-06-19 08:00:00,70.0,6,8,2,44849.015,42894.543,6122.378047619051,4167.90604761905
2019-06-19 09:00:00,71.1,6,9,2,46817.286,44411.132,6214.32552380953,3808.171523809528
2019-06-19 10:00:00,73.0,6,10,2,48302.022,45814.399,6128.05090476192,3640.42790476192
2019-06-19 11:00:00,75.9,6,11,2,49780.045,46894.687,6323.904190476191,3438.5461904761905
2019-06-19 12:00:00,79.0,6,12,2,50989.332,47770.76,6421.758333333339,3203.1863333333386
2019-06-19 13:00:00,80.1,6,13,2,52306.832,48724.713,6818.701809523816,3236.5828095238176
2019-06-19 14:00:00,80.1,6,14,2,52930.143,49166.836,6755.912523809515,2992.6055238095214
2019-06-19 15:00:00,82.0,6,15,2,53359.2,49304.963,6618.188333333332,2563.951333333338
2019-06-19 16:00:00,80.1,6,16,2,53221.766,49084.75,5903.479047619061,1766.4630476190578
2019-06-19 17:00:00,73.0,6,17,2,52896.522,48536.71,5222.476952380945,862.6649523809465
2019-06-19 18:00:00,73.0,6,18,2,52118.341,47696.345,4813.167095238088,391.171095238089
2019-06-19 19:00:00,75.0,6,19,2,51068.172,46796.157,4789.529047619049,517.51404761905
2019-06-19 20:00:00,73.9,6,20,2,50054.135,46352.731,4884.294285714284,1182.890285714282
2019-06-19 21:00:00,68.0,6,21,2,49340.805,46117.575,4691.112476190472,1467.8824761904689
2019-06-19 22:00:00,68.0,6,22,2,46863.154,43888.75,4212.416761904751,1238.012761904749
2019-06-19 23:00:00,68.0,6,23,2,43372.3,40669.227,3603.9796666666734,900.9066666666696
2019-06-20 00:00:00,68.0,6,0,3,40458.456,38205.132,3536.472857142849,1283.148857142849
2019-06-20 01:00:00,68.0,6,1,3,38627.552,36524.602,3502.6621904761923,1399.712190476188
2019-06-20 02:00:00,68.0,6,2,3,37327.114,35418.011,3544.208666666665,1635.1056666666627
2019-06-20 03:00:00,68.0,6,3,3,36783.748,34918.824,3507.5477142857053,1642.6237142857062
2019-06-20 04:00:00,68.0,6,4,3,36934.823,35217.998,3735.4230952380894,2018.5980952380924
2019-06-20 05:00:00,66.9,6,5,3,38274.105,36686.451,4384.472904761904,2796.8189047619016
2019-06-20 06:00:00,68.0,6,6,3,40569.357,38837.611,5776.870904761912,4045.124904761906
2019-06-20 07:00:00,68.0,6,7,3,43194.879,41053.827,6528.556428571428,4387.504428571425
2019-06-20 08:00:00,69.1,6,8,3,45408.986,42811.322,6682.349047619049,4084.685047619052
2019-06-20 09:00:00,70.0,6,9,3,46905.099,43897.965,6302.138523809532,3295.0045238095263
2019-06-20 10:00:00,70.0,6,10,3,48475.624,45034.113,6301.652904761926,2860.14190476192
2019-06-20 11:00:00,72.0,6,11,3,50090.632,45554.401,6634.49119047619,2098.2601904761905
2019-06-20 12:00:00,72.0,6,12,3,51459.285,45839.583,6891.71133333334,1272.0093333333352
2019-06-20 13:00:00,72.0,6,13,3,52681.429,46134.874,7193.298809523811,646.7438095238176
2019-06-20 14:00:00,73.0,6,14,3,53804.464,46172.378,7630.233523809518,0.0
2019-06-20 15:00:00,75.9,6,15,3,54275.099,45668.645,7534.087333333337,0.0
2019-06-20 16:00:00,75.0,6,16,3,54724.362,45087.072,7406.075047619059,0.0
2019-06-20 17:00:00,69.1,6,17,3,54947.821,44788.098,7273.775952380951,0.0
2019-06-20 18:00:00,69.1,6,18,3,54726.33,44208.672,7421.15609523809,0.0
2019-06-20 19:00:00,68.0,6,19,3,53758.017,43629.956,7479.37404761905,0.0
2019-06-20 20:00:00,66.0,6,20,3,52427.306,43226.928,7257.465285714279,0.0
2019-06-20 21:00:00,64.9,6,21,3,51415.173,43086.713,6765.480476190474,0.0
2019-06-20 22:00:00,64.9,6,22,3,49025.056,41315.88,6374.318761904746,0.0
2019-06-20 23:00:00,64.0,6,23,3,45129.466,38783.952,5361.145666666671,0.0
2019-06-21 00:00:00,64.0,6,0,4,41849.085,36660.166,4927.10185714285,0.0
2019-06-21 01:00:00,64.0,6,1,4,39630.765,35088.134,4505.875190476188,0.0
2019-06-21 02:00:00,63.0,6,2,4,38209.332,34052.969,4426.426666666666,270.06366666666145
2019-06-21 03:00:00,63.0,6,3,4,37405.809,33671.317,4129.608714285707,395.1167142857085
2019-06-21 04:00:00,63.0,6,4,4,37435.453,33922.056,4236.053095238094,722.6560952380896
2019-06-21 05:00:00,62.1,6,5,4,38834.15,35112.071,4944.517904761902,1222.4389047619045
2019-06-21 06:00:00,62.1,6,6,4,40822.561,36873.071,6030.07490476191,2080.584904761912
2019-06-21 07:00:00,61.0,6,7,4,43781.011,39530.251,7114.688428571426,2863.928428571424
2019-06-21 08:00:00,63.0,6,8,4,46362.922,41640.558,7636.285047619051,2913.921047619049
2019-06-21 09:00:00,64.9,6,9,4,48673.785,43043.848,8070.824523809533,2440.887523809528
2019-06-21 10:00:00,68.0,6,10,4,50900.884,44025.121,8726.91290476192,1851.1499047619216
2019-06-21 11:00:00,71.1,6,11,4,52932.017,44688.031,9475.876190476192,1231.8901904761951
2019-06-21 12:00:00,72.0,6,12,4,55043.996,45260.526,10476.422333333336,692.9523333333345
2019-06-21 13:00:00,73.9,6,13,4,56430.271,45669.348,10942.140809523817,181.21780952381232
2019-06-21 14:00:00,75.0,6,14,4,57111.489,46031.415,10937.25852380952,0.0
2019-06-21 15:00:00,75.0,6,15,4,57324.436,46196.242,10583.424333333336,0.0
2019-06-21 16:00:00,77.0,6,16,4,57316.484,46353.507,9998.197047619056,0.0
2019-06-21 17:00:00,75.9,6,17,4,56686.772,46509.153,9012.726952380945,0.0
2019-06-21 18:00:00,75.0,6,18,4,55483.473,45967.797,8178.299095238086,0.0
2019-06-21 19:00:00,75.0,6,19,4,53725.129,44820.341,7446.4860476190515,0.0
2019-06-21 20:00:00,73.0,6,20,4,52344.5,43867.434,7174.659285714282,0.0
2019-06-21 21:00:00,71.1,6,21,4,51491.037,43737.504,6841.344476190468,0.0
2019-06-21 22:00:00,68.0,6,22,4,48414.736,41883.591,5763.998761904746,0.0
2019-06-21 23:00:00,69.1,6,23,4,44797.535,38850.9,5029.214666666674,0.0
2019-06-22 00:00:00,68.0,6,0,5,41798.015,36486.935,4876.031857142851,0.0
2019-06-22 01:00:00,68.0,6,1,5,39754.73,34623.664,4629.840190476192,0.0
2019-06-22 02:00:00,66.9,6,2,5,38368.376,33684.781,4585.470666666661,0.0
2019-06-22 03:00:00,66.9,6,3,5,37887.653,32993.101,4611.452714285704,0.0
2019-06-22 04:00:00,66.9,6,4,5,37907.912,32924.494,4708.512095238089,0.0
2019-06-22 05:00:00,66.0,6,5,5,39304.46,33250.862,5414.8279047619,0.0
2019-06-22 06:00:00,66.0,6,6,5,41623.842,33791.223,6831.355904761906,0.0
2019-06-22 07:00:00,64.0,6,7,5,44364.432,34944.724,7698.109428571428,0.0
2019-06-22 08:00:00,66.0,6,8,5,46349.021,36854.133,7622.384047619053,0.0
2019-06-22 09:00:00,68.0,6,9,5,47942.913,38791.464,7339.95252380953,0.0
2019-06-22 10:00:00,71.1,6,10,5,49182.456,40107.223,7008.484904761921,0.0
2019-06-22 11:00:00,72.0,6,11,5,50256.282,41230.533,6800.141190476192,0.0
2019-06-22 12:00:00,73.9,6,12,5,51028.217,41872.594,6460.643333333333,0.0
2019-06-22 13:00:00,75.9,6,13,5,51733.616,42304.451,6245.485809523816,0.0
2019-06-22 14:00:00,78.1,6,14,5,51830.515,42560.405,5656.284523809518,0.0
2019-06-22 15:00:00,78.1,6,15,5,51559.795,42646.417,4818.783333333333,0.0
2019-06-22 16:00:00,79.0,6,16,5,51278.706,42880.983,3960.419047619056,0.0
2019-06-22 17:00:00,80.1,6,17,5,50745.771,43161.641,3071.725952380948,0.0
2019-06-22 18:00:00,80.1,6,18,5,50009.78,42890.502,2704.6060952380867,0.0
2019-06-22 19:00:00,79.0,6,19,5,48886.724,42595.276,2608.0810476190527,0.0
2019-06-22 20:00:00,75.0,6,20,5,47877.771,42327.162,2707.930285714283,0.0
2019-06-22 21:00:00,71.1,6,21,5,47467.424,42500.028,2817.731476190471,0.0
2019-06-22 22:00:00,68.0,6,22,5,45258.464,40921.934,2607.726761904749,0.0
2019-06-22 23:00:00,64.0,6,23,5,42005.855,38717.263,2237.5346666666737,0.0
2019-06-23 00:00:00,64.9,6,0,6,39232.998,36511.457,2311.014857142851,0.0
2019-06-23 01:00:00,62.1,6,1,6,37376.753,34839.515,2251.863190476186,0.0
2019-06-23 02:00:00,62.1,6,2,6,36230.959,33783.882,2448.0536666666667,0.976666666661913
2019-06-23 03:00:00,61.0,6,3,6,35519.192,33087.901,2242.9917142857084,0.0
2019-06-23 04:00:00,55.0,6,4,6,35604.782,32892.68,2405.382095238092,0.0
2019-06-23 05:00:00,55.9,6,5,6,36951.58,32972.624,3061.9479047619025,0.0
2019-06-23 06:00:00,57.0,6,6,6,38813.325,33173.508,4020.8389047619057,0.0
2019-06-23 07:00:00,57.9,6,7,6,41467.407,34217.202,4801.0844285714265,0.0
2019-06-23 08:00:00,64.0,6,8,6,43808.164,36151.648,5081.527047619049,0.0
2019-06-23 09:00:00,69.1,6,9,6,45634.997,38238.541,5032.036523809533,0.0
2019-06-23 10:00:00,72.0,6,10,6,47225.285,39774.379,5051.313904761926,0.0
2019-06-23 11:00:00,73.0,6,11,6,48551.871,40911.211,5095.730190476192,0.0
2019-06-23 12:00:00,77.0,6,12,6,49603.155,42158.175,5035.581333333335,0.0
2019-06-23 13:00:00,78.1,6,13,6,50556.677,43025.723,5068.5468095238175,0.0
2019-06-23 14:00:00,80.1,6,14,6,51232.77,43990.09,5058.539523809515,0.0
2019-06-23 15:00:00,80.1,6,15,6,51657.129,44926.337,4916.117333333335,0.0
2019-06-23 16:00:00,80.1,6,16,6,51796.006,45657.684,4477.719047619059,0.0
2019-06-23 17:00:00,81.0,6,17,6,51612.947,46433.123,3938.901952380948,0.0
2019-06-23 18:00:00,81.0,6,18,6,50468.954,46333.269,3163.780095238086,0.0
2019-06-23 19:00:00,82.0,6,19,6,48723.943,45669.124,2445.30004761905,0.0
2019-06-23 20:00:00,80.1,6,20,6,47000.577,45098.963,1830.73628571428,0.0
2019-06-23 21:00:00,79.0,6,21,6,46499.856,45326.698,1850.163476190472,677.0054761904685
2019-06-23 22:00:00,77.0,6,22,6,44430.725,43567.178,1779.9877619047477,916.4407619047488
2019-06-23 23:00:00,75.9,6,23,6,41198.19,41123.054,1429.8696666666729,1354.733666666667
2019-06-24 00:00:00,73.0,6,0,0,38360.055,38576.386,1438.0718571428515,1654.4028571428498
2019-06-24 01:00:00,72.0,6,1,0,36448.018,36920.597,1323.1281904761854,1795.7071904761906
2019-06-24 02:00:00,72.0,6,2,0,35152.381,35986.191,1369.4756666666651,2203.285666666663
2019-06-24 03:00:00,71.1,6,3,0,34321.231,35419.928,1045.0307142857057,2143.7277142857056
2019-06-24 04:00:00,68.0,6,4,0,33964.691,35660.872,765.2910952380917,2461.472095238096
2019-06-24 05:00:00,69.1,6,5,0,34274.939,37265.78,385.3069047618992,3376.1479047619
2019-06-24 06:00:00,69.1,6,6,0,34478.053,39653.714,0.0,4861.227904761909
2019-06-24 07:00:00,69.1,6,7,0,35967.956,42524.989,0.0,5858.666428571429
2019-06-24 08:00:00,70.0,6,8,0,38003.596,44849.015,0.0,6122.378047619051
2019-06-24 09:00:00,73.9,6,9,0,40183.073,46817.286,0.0,6214.32552380953
2019-06-24 10:00:00,73.9,6,10,0,41927.184,48302.022,0.0,6128.05090476192
2019-06-24 11:00:00,77.0,6,11,0,43347.809,49780.045,0.0,6323.904190476191
2019-06-24 12:00:00,78.1,6,12,0,44337.365,50989.332,0.0,6421.758333333339
2019-06-24 13:00:00,81.0,6,13,0,45420.79,52306.832,0.0,6818.701809523816
2019-06-24 14:00:00,82.0,6,14,0,46308.203,52930.143,133.97252380951977,6755.912523809515
2019-06-24 15:00:00,82.9,6,15,0,47205.507,53359.2,464.4953333333324,6618.188333333332
2019-06-24 16:00:00,81.0,6,16,0,47981.608,53221.766,663.3210476190579,5903.479047619061
2019-06-24 17:00:00,78.1,6,17,0,48722.597,52896.522,1048.551952380949,5222.476952380945
2019-06-24 18:00:00,73.9,6,18,0,48574.705,52118.341,1269.5310952380896,4813.167095238088
2019-06-24 19:00:00,70.0,6,19,0,47495.707,51068.172,1217.0640476190529,4789.529047619049
2019-06-24 20:00:00,71.1,6,20,0,45941.156,50054.135,771.315285714285,4884.294285714284
2019-06-24 21:00:00,70.0,6,21,0,44845.26,49340.805,195.56747619047383,4691.112476190472
2019-06-24 22:00:00,70.0,6,22,0,42981.869,46863.154,331.1317619047477,4212.416761904751
2019-06-24 23:00:00,69.1,6,23,0,40090.206,43372.3,321.88566666666884,3603.9796666666734
2019-06-25 00:00:00,69.1,6,0,1,37434.233,40458.456,512.2498571428514,3536.472857142849
2019-06-25 01:00:00,68.0,6,1,1,35523.057,38627.552,398.1671904761897,3502.6621904761923
2019-06-25 02:00:00,68.0,6,2,1,34057.158,37327.114,274.2526666666672,3544.208666666665
2019-06-25 03:00:00,68.0,6,3,1,33249.507,36783.748,0.0,3507.5477142857053
2019-06-25 04:00:00,68.0,6,4,1,32586.652,36934.823,0.0,3735.4230952380894
2019-06-25 05:00:00,66.9,6,5,1,32483.775,38274.105,0.0,4384.472904761904
2019-06-25 06:00:00,66.0,6,6,1,32350.962,40569.357,0.0,5776.870904761912
2019-06-25 07:00:00,66.9,6,7,1,33685.926,43194.879,0.0,6528.556428571428
2019-06-25 08:00:00,69.1,6,8,1,35633.042,45408.986,0.0,6682.349047619049
2019-06-25 09:00:00,71.1,6,9,1,38247.391,46905.099,0.0,6302.138523809532
2019-06-25 10:00:00,73.9,6,10,1,40390.047,48475.624,0.0,6301.652904761926
2019-06-25 11:00:00,77.0,6,11,1,42496.853,50090.632,0.0,6634.49119047619
2019-06-25 12:00:00,78.1,6,12,1,44584.868,51459.285,17.294333333338727,6891.71133333334
2019-06-25 13:00:00,80.1,6,13,1,46292.669,52681.429,804.5388095238159,7193.298809523811
2019-06-25 14:00:00,82.0,6,14,1,47876.635,53804.464,1702.4045238095205,7630.233523809518
2019-06-25 15:00:00,82.9,6,15,1,49841.155,54275.099,3100.143333333333,7534.087333333337
2019-06-25 16:00:00,84.0,6,16,1,51723.973,54724.362,4405.686047619056,7406.075047619059
2019-06-25 17:00:00,82.9,6,17,1,52822.102,54947.821,5148.056952380946,7273.775952380951
2019-06-25 18:00:00,84.0,6,18,1,52578.525,54726.33,5273.351095238089,7421.15609523809
2019-06-25 19:00:00,82.0,6,19,1,51376.751,53758.017,5098.108047619047,7479.37404761905
2019-06-25 20:00:00,81.0,6,20,1,49869.475,52427.306,4699.634285714281,7257.465285714279
2019-06-25 21:00:00,79.0,6,21,1,49273.624,51415.173,4623.931476190475,6765.480476190474
2019-06-25 22:00:00,77.0,6,22,1,46944.418,49025.056,4293.680761904747,6374.318761904746
2019-06-25 23:00:00,75.0,6,23,1,43665.606,45129.466,3897.2856666666703,5361.145666666671
2019-06-26 00:00:00,72.0,6,0,2,40867.279,41849.085,3945.2958571428535,4927.10185714285
2019-06-26 01:00:00,72.0,6,1,2,39034.477,39630.765,3909.587190476188,4505.875190476188
2019-06-26 02:00:00,71.1,6,2,2,37925.316,38209.332,4142.410666666663,4426.426666666666
2019-06-26 03:00:00,69.1,6,3,2,37370.152,37405.809,4093.951714285708,4129.608714285707
2019-06-26 04:00:00,68.0,6,4,2,37431.803,37435.453,4232.403095238093,4236.053095238094
2019-06-26 05:00:00,68.0,6,5,2,38956.889,38834.15,5067.256904761904,4944.517904761902
2019-06-26 06:00:00,68.0,6,6,2,41354.347,40822.561,6561.86090476191,6030.07490476191
2019-06-26 07:00:00,68.0,6,7,2,44781.855,43781.011,8115.5324285714305,7114.688428571426
2019-06-26 08:00:00,69.1,6,8,2,47994.737,46362.922,9268.100047619051,7636.285047619051
2019-06-26 09:00:00,73.9,6,9,2,50254.277,48673.785,9651.316523809532,8070.824523809533
2019-06-26 10:00:00,77.0,6,10,2,52850.162,50900.884,10676.19090476192,8726.91290476192
2019-06-26 11:00:00,80.1,6,11,2,55071.233,52932.017,11615.092190476193,9475.876190476192
2019-06-26 12:00:00,82.0,6,12,2,56846.207,55043.996,12278.63333333334,10476.422333333336
2019-06-26 13:00:00,84.9,6,13,2,58370.116,56430.271,12881.985809523816,10942.140809523817
2019-06-26 14:00:00,86.0,6,14,2,59117.772,57111.489,12943.541523809516,10937.25852380952
2019-06-26 15:00:00,88.0,6,15,2,59429.779,57324.436,12688.767333333337,10583.424333333336
2019-06-26 16:00:00,88.0,6,16,2,59347.133,57316.484,12028.84604761906,9998.197047619056
2019-06-26 17:00:00,89.1,6,17,2,59130.729,56686.772,11456.683952380949,9012.726952380945
2019-06-26 18:00:00,89.1,6,18,2,57820.906,55483.473,10515.73209523809,8178.299095238086
2019-06-26 19:00:00,88.0,6,19,2,56261.32,53725.129,9982.67704761905,7446.4860476190515
2019-06-26 20:00:00,87.1,6,20,2,54305.702,52344.5,9135.86128571428,7174.659285714282
2019-06-26 21:00:00,84.0,6,21,2,52725.802,51491.037,8076.109476190475,6841.344476190468
2019-06-26 22:00:00,80.1,6,22,2,49899.063,48414.736,7248.325761904751,5763.998761904746
2019-06-26 23:00:00,80.1,6,23,2,46148.733,44797.535,6380.412666666671,5029.214666666674
2019-06-27 00:00:00,77.0,6,0,3,42975.741,41798.015,6053.757857142853,4876.031857142851
2019-06-27 01:00:00,77.0,6,1,3,40544.407,39754.73,5419.517190476188,4629.840190476192
2019-06-27 02:00:00,73.0,6,2,3,39050.948,38368.376,5268.042666666661,4585.470666666661
2019-06-27 03:00:00,72.0,6,3,3,38052.936,37887.653,4776.735714285707,4611.452714285704
2019-06-27 04:00:00,72.0,6,4,3,37990.17,37907.912,4790.770095238091,4708.512095238089
2019-06-27 05:00:00,72.0,6,5,3,39265.387,39304.46,5375.754904761903,5414.8279047619
2019-06-27 06:00:00,71.1,6,6,3,41262.699,41623.842,6470.212904761909,6831.355904761906
2019-06-27 07:00:00,72.0,6,7,3,44493.604,44364.432,7827.281428571427,7698.109428571428
2019-06-27 08:00:00,75.0,6,8,3,47477.862,46349.021,8751.225047619053,7622.384047619053
2019-06-27 09:00:00,78.1,6,9,3,49950.476,47942.913,9347.515523809532,7339.95252380953
2019-06-27 10:00:00,81.0,6,10,3,52637.526,49182.456,10463.55490476192,7008.484904761921
2019-06-27 11:00:00,84.0,6,11,3,54796.582,50256.282,11340.441190476196,6800.141190476192
2019-06-27 12:00:00,86.0,6,12,3,56800.945,51028.217,12233.371333333336,6460.643333333333
2019-06-27 13:00:00,87.1,6,13,3,58714.885,51733.616,13226.754809523816,6245.485809523816
2019-06-27 14:00:00,86.0,6,14,3,60062.486,51830.515,13888.255523809516,5656.284523809518
2019-06-27 15:00:00,77.0,6,15,3,60993.395,51559.795,14252.383333333331,4818.783333333333
2019-06-27 16:00:00,78.1,6,16,3,61436.657,51278.706,14118.370047619055,3960.419047619056
2019-06-27 17:00:00,80.1,6,17,3,61688.518,50745.771,14014.472952380944,3071.725952380948
2019-06-27 18:00:00,82.0,6,18,3,61348.694,50009.78,14043.520095238093,2704.6060952380867
2019-06-27 19:00:00,82.0,6,19,3,59829.881,48886.724,13551.238047619052,2608.0810476190527
2019-06-27 20:00:00,78.1,6,20,3,57653.607,47877.771,12483.766285714286,2707.930285714283
2019-06-27 21:00:00,75.9,6,21,3,55763.534,47467.424,11113.841476190471,2817.731476190471
2019-06-27 22:00:00,73.9,6,22,3,52798.634,45258.464,10147.896761904747,2607.726761904749
2019-06-27 23:00:00,73.9,6,23,3,48323.793,42005.855,8555.472666666668,2237.5346666666737
2019-06-28 00:00:00,73.9,6,0,4,44438.554,39232.998,7516.570857142848,2311.014857142851
2019-06-28 01:00:00,72.0,6,1,4,41801.805,37376.753,6676.915190476189,2251.863190476186
2019-06-28 02:00:00,71.1,6,2,4,39919.796,36230.959,6136.890666666666,2448.0536666666667
2019-06-28 03:00:00,70.0,6,3,4,38909.745,35519.192,5633.544714285708,2242.9917142857084
2019-06-28 04:00:00,70.0,6,4,4,38923.967,35604.782,5724.56709523809,2405.382095238092
2019-06-28 05:00:00,70.0,6,5,4,40007.657,36951.58,6118.0249047619,3061.9479047619025
2019-06-28 06:00:00,70.0,6,6,4,41836.77,38813.325,7044.283904761905,4020.8389047619057
2019-06-28 07:00:00,70.0,6,7,4,45416.771,41467.407,8750.448428571428,4801.0844285714265
2019-06-28 08:00:00,72.0,6,8,4,49040.157,43808.164,10313.520047619051,5081.527047619049
2019-06-28 09:00:00,75.9,6,9,4,52335.781,45634.997,11732.820523809532,5032.036523809533
2019-06-28 10:00:00,80.1,6,10,4,55800.087,47225.285,13626.115904761922,5051.313904761926
2019-06-28 11:00:00,82.0,6,11,4,58666.88,48551.871,15210.73919047619,5095.730190476192
2019-06-28 12:00:00,84.9,6,12,4,61255.481,49603.155,16687.907333333336,5035.581333333335
2019-06-28 13:00:00,87.1,6,13,4,63645.63,50556.677,18157.49980952381,5068.5468095238175
2019-06-28 14:00:00,88.0,6,14,4,65601.131,51232.77,19426.900523809512,5058.539523809515
2019-06-28 15:00:00,89.1,6,15,4,66805.505,51657.129,20064.49333333334,4916.117333333335
2019-06-28 16:00:00,88.0,6,16,4,67928.7,51796.006,20610.41304761905,4477.719047619059
2019-06-28 17:00:00,89.1,6,17,4,68195.693,51612.947,20521.647952380947,3938.901952380948
2019-06-28 18:00:00,90.0,6,18,4,67547.189,50468.954,20242.015095238086,3163.780095238086
2019-06-28 19:00:00,89.1,6,19,4,65873.988,48723.943,19595.34504761905,2445.30004761905
2019-06-28 20:00:00,89.1,6,20,4,63102.861,47000.577,17933.02028571428,1830.73628571428
2019-06-28 21:00:00,82.9,6,21,4,60964.955,46499.856,16315.262476190474,1850.163476190472
2019-06-28 22:00:00,81.0,6,22,4,57162.229,44430.725,14511.491761904748,1779.9877619047477
2019-06-28 23:00:00,77.0,6,23,4,52334.291,41198.19,12565.970666666668,1429.8696666666729
2019-06-29 00:00:00,75.0,6,0,5,47948.34,38360.055,11026.356857142848,1438.0718571428515
2019-06-29 01:00:00,73.9,6,1,5,44850.191,36448.018,9725.301190476188,1323.1281904761854
2019-06-29 02:00:00,73.0,6,2,5,42528.437,35152.381,8745.531666666662,1369.4756666666651
2019-06-29 03:00:00,70.0,6,3,5,41269.415,34321.231,7993.214714285707,1045.0307142857057
2019-06-29 04:00:00,71.1,6,4,5,40821.046,33964.691,7621.646095238095,765.2910952380917
2019-06-29 05:00:00,70.0,6,5,5,41986.666,34274.939,8097.033904761898,385.3069047618992
2019-06-29 06:00:00,70.0,6,6,5,43964.603,34478.053,9172.116904761911,0.0
2019-06-29 07:00:00,69.1,6,7,5,47290.747,35967.956,10624.42442857143,0.0
2019-06-29 08:00:00,72.0,6,8,5,51104.378,38003.596,12377.741047619047,0.0
2019-06-29 09:00:00,75.9,6,9,5,55035.752,40183.073,14432.79152380953,0.0
2019-06-29 10:00:00,80.1,6,10,5,58859.156,41927.184,16685.184904761925,0.0
2019-06-29 11:00:00,84.0,6,11,5,62198.459,43347.809,18742.318190476195,0.0
2019-06-29 12:00:00,88.0,6,12,5,65139.251,44337.365,20571.677333333333,0.0
2019-06-29 13:00:00,88.0,6,13,5,66991.06,45420.79,21502.92980952381,0.0
2019-06-29 14:00:00,90.0,6,14,5,67545.225,46308.203,21370.994523809524,133.97252380951977
2019-06-29 15:00:00,90.0,6,15,5,68215.283,47205.507,21474.27133333333,464.4953333333324
2019-06-29 16:00:00,89.1,6,16,5,68402.884,47981.608,21084.597047619063,663.3210476190579
2019-06-29 17:00:00,91.0,6,17,5,68110.123,48722.597,20436.077952380954,1048.551952380949
2019-06-29 18:00:00,90.0,6,18,5,67433.976,48574.705,20128.802095238083,1269.5310952380896
2019-06-29 19:00:00,88.0,6,19,5,65344.208,47495.707,19065.56504761905,1217.0640476190529
2019-06-29 20:00:00,88.0,6,20,5,62434.853,45941.156,17265.012285714285,771.315285714285
2019-06-29 21:00:00,86.0,6,21,5,60114.746,44845.26,15465.053476190473,195.56747619047383
2019-06-29 22:00:00,84.0,6,22,5,56390.571,42981.869,13739.833761904752,331.1317619047477
2019-06-29 23:00:00,82.0,6,23,5,51842.652,40090.206,12074.331666666672,321.88566666666884
2019-06-30 00:00:00,82.0,6,0,6,47076.874,37434.233,10154.890857142856,512.2498571428514
2019-06-30 01:00:00,78.1,6,1,6,44108.512,35523.057,8983.622190476191,398.1671904761897
2019-06-30 02:00:00,78.1,6,2,6,42141.468,34057.158,8358.562666666665,274.2526666666672
2019-06-30 03:00:00,75.9,6,3,6,40924.136,33249.507,7647.935714285704,0.0
2019-06-30 04:00:00,75.0,6,4,6,40682.13,32586.652,7482.73009523809,0.0
2019-06-30 05:00:00,73.0,6,5,6,41666.94,32483.775,7777.307904761903,0.0
2019-06-30 06:00:00,73.0,6,6,6,43581.528,32350.962,8789.041904761907,0.0
2019-06-30 07:00:00,73.0,6,7,6,47102.784,33685.926,10436.461428571429,0.0
2019-06-30 08:00:00,75.9,6,8,6,51114.945,35633.042,12388.308047619052,0.0
2019-06-30 09:00:00,79.0,6,9,6,54823.529,38247.391,14220.568523809532,0.0
2019-06-30 10:00:00,82.0,6,10,6,58549.3,40390.047,16375.328904761926,0.0
2019-06-30 11:00:00,84.0,6,11,6,61565.918,42496.853,18109.77719047619,0.0
2019-06-30 12:00:00,84.0,6,12,6,63838.917,44584.868,19271.343333333338,17.294333333338727
2019-06-30 13:00:00,87.1,6,13,6,65370.115,46292.669,19881.98480952381,804.5388095238159
2019-06-30 14:00:00,88.0,6,14,6,66700.948,47876.635,20526.71752380952,1702.4045238095205
2019-06-30 15:00:00,89.1,6,15,6,67428.298,49841.155,20687.28633333333,3100.143333333333
2019-06-30 16:00:00,89.1,6,16,6,67937.328,51723.973,20619.04104761905,4405.686047619056
2019-06-30 17:00:00,88.0,6,17,6,68033.731,52822.102,20359.685952380947,5148.056952380946
2019-06-30 18:00:00,87.1,6,18,6,67541.156,52578.525,20235.98209523809,5273.351095238089
2019-06-30 19:00:00,86.0,6,19,6,65366.868,51376.751,19088.225047619053,5098.108047619047
2019-06-30 20:00:00,82.9,6,20,6,62551.175,49869.475,17381.334285714285,4699.634285714281
2019-06-30 21:00:00,78.1,6,21,6,60305.478,49273.624,15655.785476190476,4623.931476190475
2019-06-30 22:00:00,75.0,6,22,6,56963.713,46944.418,14312.975761904752,4293.680761904747
2019-06-30 23:00:00,75.0,6,23,6,52329.576,43665.606,12561.255666666671,3897.2856666666703
2019-07-01 00:00:00,72.0,7,0,0,48153.411,40867.279,11231.427857142851,3945.2958571428535
2019-07-01 01:00:00,70.0,7,1,0,44904.298,39034.477,9779.408190476192,3909.587190476188
2019-07-01 02:00:00,69.1,7,2,0,42458.696,37925.316,8675.790666666668,4142.410666666663
2019-07-01 03:00:00,68.0,7,3,0,40892.557,37370.152,7616.356714285706,4093.951714285708
2019-07-01 04:00:00,66.0,7,4,0,39918.411,37431.803,6719.011095238093,4232.403095238093
2019-07-01 05:00:00,66.0,7,5,0,39852.762,38956.889,5963.129904761903,5067.256904761904
2019-07-01 06:00:00,64.9,7,6,0,39815.135,41354.347,5022.648904761911,6561.86090476191
2019-07-01 07:00:00,66.9,7,7,0,42051.404,44781.855,5385.08142857143,8115.5324285714305
2019-07-01 08:00:00,70.0,7,8,0,45744.92,47994.737,7018.28304761905,9268.100047619051
2019-07-01 09:00:00,73.0,7,9,0,50190.038,50254.277,9587.07752380953,9651.316523809532
2019-07-01 10:00:00,75.9,7,10,0,54508.68,52850.162,12334.708904761925,10676.19090476192
2019-07-01 11:00:00,79.0,7,11,0,58224.326,55071.233,14768.185190476192,11615.092190476193
2019-07-01 12:00:00,81.0,7,12,0,60971.465,56846.207,16403.891333333333,12278.63333333334
2019-07-01 13:00:00,84.0,7,13,0,62760.672,58370.116,17272.541809523813,12881.985809523816
2019-07-01 14:00:00,86.0,7,14,0,63782.36,59117.772,17608.12952380952,12943.541523809516
2019-07-01 15:00:00,87.1,7,15,0,64731.338,59429.779,17990.326333333338,12688.767333333337
2019-07-01 16:00:00,89.1,7,16,0,65204.444,59347.133,17886.15704761906,12028.84604761906
2019-07-01 17:00:00,89.1,7,17,0,65114.864,59130.729,17440.81895238095,11456.683952380949
2019-07-01 18:00:00,89.1,7,18,0,64187.16,57820.906,16881.98609523809,10515.73209523809
2019-07-01 19:00:00,88.0,7,19,0,62339.321,56261.32,16060.678047619054,9982.67704761905
2019-07-01 20:00:00,87.1,7,20,0,59851.223,54305.702,14681.38228571428,9135.86128571428
2019-07-01 21:00:00,84.9,7,21,0,57773.002,52725.802,13123.309476190472,8076.109476190475
2019-07-01 22:00:00,82.9,7,22,0,55000.543,49899.063,12349.805761904749,7248.325761904751
2019-07-01 23:00:00,81.0,7,23,0,50811.372,46148.733,11043.051666666674,6380.412666666671
2019-07-02 00:00:00,79.0,7,0,1,46931.092,42975.741,10009.108857142848,6053.757857142853
2019-07-02 01:00:00,78.1,7,1,1,43841.688,40544.407,8716.798190476191,5419.517190476188
2019-07-02 02:00:00,77.0,7,2,1,41793.903,39050.948,8010.997666666663,5268.042666666661
2019-07-02 03:00:00,75.9,7,3,1,40088.977,38052.936,6812.776714285705,4776.735714285707
2019-07-02 04:00:00,75.0,7,4,1,38981.288,37990.17,5781.888095238093,4790.770095238091
2019-07-02 05:00:00,73.0,7,5,1,38542.561,39265.387,4652.928904761902,5375.754904761903
2019-07-02 06:00:00,73.9,7,6,1,38170.877,41262.699,3378.390904761909,6470.212904761909
2019-07-02 07:00:00,73.9,7,7,1,40000.58,44493.604,3334.257428571429,7827.281428571427
2019-07-02 08:00:00,78.1,7,8,1,44049.261,47477.862,5322.6240476190505,8751.225047619053
2019-07-02 09:00:00,82.0,7,9,1,48251.131,49950.476,7648.170523809531,9347.515523809532
2019-07-02 10:00:00,84.0,7,10,1,52237.489,52637.526,10063.517904761924,10463.55490476192
2019-07-02 11:00:00,87.1,7,11,1,55486.444,54796.582,12030.303190476196,11340.441190476196
2019-07-02 12:00:00,89.1,7,12,1,58018.814,56800.945,13451.240333333337,12233.371333333336
2019-07-02 13:00:00,88.0,7,13,1,60044.869,58714.885,14556.738809523811,13226.754809523816
2019-07-02 14:00:00,90.0,7,14,1,60778.49,60062.486,14604.259523809516,13888.255523809516
2019-07-02 15:00:00,93.0,7,15,1,60354.217,60993.395,13613.205333333332,14252.383333333331
2019-07-02 16:00:00,91.0,7,16,1,59617.914,61436.657,12299.627047619057,14118.370047619055
2019-07-02 17:00:00,91.9,7,17,1,59216.998,61688.518,11542.952952380949,14014.472952380944
2019-07-02 18:00:00,91.0,7,18,1,58656.645,61348.694,11351.471095238085,14043.520095238093
2019-07-02 19:00:00,82.0,7,19,1,57330.439,59829.881,11051.79604761905,13551.238047619052
2019-07-02 20:00:00,79.0,7,20,1,55183.409,57653.607,10013.568285714282,12483.766285714286
2019-07-02 21:00:00,75.9,7,21,1,53912.321,55763.534,9262.628476190475,11113.841476190471
2019-07-02 22:00:00,70.0,7,22,1,51075.503,52798.634,8424.765761904746,10147.896761904747
2019-07-02 23:00:00,71.1,7,23,1,47342.152,48323.793,7573.831666666672,8555.472666666668
2019-07-03 00:00:00,71.1,7,0,2,44197.939,44438.554,0.0,7516.570857142848
2019-07-03 01:00:00,71.1,7,1,2,41644.042,41801.805,0.0,6676.915190476189
2019-07-03 02:00:00,70.0,7,2,2,39851.196,39919.796,0.0,6136.890666666666
2019-07-03 03:00:00,70.0,7,3,2,38876.274,38909.745,0.0,5633.544714285708
2019-07-03 04:00:00,70.0,7,4,2,38700.475,38923.967,213.1199999999953,5724.56709523809
2019-07-03 05:00:00,72.0,7,5,2,39850.161,40007.657,688.1213124999995,6118.0249047619
2019-07-03 06:00:00,70.0,7,6,2,41726.856,41836.77,1415.2591249999969,7044.283904761905
2019-07-03 07:00:00,70.0,7,7,2,45153.872,45416.771,2710.4581249999974,8750.448428571428
2019-07-03 08:00:00,71.1,7,8,2,48467.892,49040.157,3124.789437500004,10313.520047619051
2019-07-03 09:00:00,75.9,7,9,2,51613.017,52335.781,3234.6451250000027,11732.820523809532
2019-07-03 10:00:00,75.9,7,10,2,55264.144,55800.087,3803.2313125,13626.115904761922
2019-07-03 11:00:00,77.0,7,11,2,58304.782,58666.88,4047.7481249999983,15210.73919047619
2019-07-03 12:00:00,81.0,7,12,2,60996.223,61255.481,4399.539187499999,16687.907333333336
2019-07-03 13:00:00,84.0,7,13,2,63518.463,63645.63,5103.31531250001,18157.49980952381
2019-07-03 14:00:00,82.9,7,14,2,65867.19,65601.131,6089.0159375,19426.900523809512
2019-07-03 15:00:00,75.9,7,15,2,67577.275,66805.505,6846.3972499999945,20064.49333333334
2019-07-03 16:00:00,73.0,7,16,2,69099.003,67928.7,7591.952312499998,20610.41304761905
2019-07-03 17:00:00,73.0,7,17,2,69951.918,68195.693,8304.164625000005,20521.647952380947
2019-07-03 18:00:00,73.0,7,18,2,69979.536,67547.189,9159.61849999999,20242.015095238086
2019-07-03 19:00:00,72.0,7,19,2,68513.104,65873.988,9637.5905625,19595.34504761905
2019-07-03 20:00:00,72.0,7,20,2,65733.529,63102.861,9523.849249999992,17933.02028571428
2019-07-03 21:00:00,71.1,7,21,2,63512.527,60964.955,9165.79225,16315.262476190474
2019-07-03 22:00:00,70.0,7,22,2,59762.871,57162.229,8396.065062499998,14511.491761904748
2019-07-03 23:00:00,70.0,7,23,2,54970.553,52334.291,7399.500249999997,12565.970666666668
2019-07-04 00:00:00,69.1,7,0,3,50571.414,47948.34,6246.400187499996,11026.356857142848
2019-07-04 01:00:00,70.0,7,1,3,47512.705,44850.191,5749.560250000002,9725.301190476188
2019-07-04 02:00:00,69.1,7,2,3,45280.281,42528.437,5281.122625000004,8745.531666666662
2019-07-04 03:00:00,69.1,7,3,3,43757.757,41269.415,4864.824937500001,7993.214714285707
2019-07-04 04:00:00,69.1,7,4,3,43468.213,40821.046,4980.858,7621.646095238095
2019-07-04 05:00:00,68.0,7,5,3,44536.437,41986.666,5374.3973124999975,8097.033904761898
2019-07-04 06:00:00,66.9,7,6,3,46437.967,43964.603,6126.370124999994,9172.116904761911
2019-07-04 07:00:00,66.9,7,7,3,50092.184,47290.747,7648.7701249999955,10624.42442857143
2019-07-04 08:00:00,68.0,7,8,3,54446.563,51104.378,9103.460437500004,12377.741047619047
2019-07-04 09:00:00,69.1,7,9,3,58831.862,55035.752,10453.490125000004,14432.79152380953
2019-07-04 10:00:00,71.1,7,10,3,63163.717,58859.156,11702.804312499997,16685.184904761925
2019-07-04 11:00:00,73.9,7,11,3,66884.294,62198.459,12627.260124999992,18742.318190476195
2019-07-04 12:00:00,75.9,7,12,3,69764.202,65139.251,13167.518187500003,20571.677333333333
2019-07-04 13:00:00,79.0,7,13,3,71576.553,66991.06,13161.405312500006,21502.92980952381
2019-07-04 14:00:00,80.1,7,14,3,72151.588,67545.225,12373.4139375,21370.994523809524
2019-07-04 15:00:00,82.9,7,15,3,72109.867,68215.283,11378.98925,21474.27133333333
2019-07-04 16:00:00,84.0,7,16,3,71833.027,68402.884,10325.976312500004,21084.597047619063
2019-07-04 17:00:00,84.9,7,17,3,71157.417,68110.123,9509.663625,20436.077952380954
2019-07-04 18:00:00,86.0,7,18,3,69833.304,67433.976,9013.3865,20128.802095238083
2019-07-04 19:00:00,86.0,7,19,3,67179.957,65344.208,8304.44356249999,19065.56504761905
2019-07-04 20:00:00,84.0,7,20,3,63931.225,62434.853,7721.545249999996,17265.012285714285
2019-07-04 21:00:00,82.9,7,21,3,61334.279,60114.746,6987.544249999999,15465.053476190473
2019-07-04 22:00:00,81.0,7,22,3,57583.453,56390.571,6216.6470625,13739.833761904752
2019-07-04 23:00:00,80.1,7,23,3,53061.192,51842.652,5490.13925,12074.331666666672
2019-07-05 00:00:00,77.0,7,0,4,48799.925,47076.874,4474.911187500002,10154.890857142856
2019-07-05 01:00:00,75.9,7,1,4,45952.921,44108.512,4189.776250000003,8983.622190476191
2019-07-05 02:00:00,75.9,7,2,4,44004.897,42141.468,4005.738624999998,8358.562666666665
2019-07-05 03:00:00,73.9,7,3,4,42769.465,40924.136,3876.5329375,7647.935714285704
2019-07-05 04:00:00,73.0,7,4,4,42277.236,40682.13,3789.880999999994,7482.73009523809
2019-07-05 05:00:00,73.0,7,5,4,43470.016,41666.94,4307.976312500003,7777.307904761903
2019-07-05 06:00:00,71.1,7,6,4,45237.424,43581.528,4925.827124999996,8789.041904761907
2019-07-05 07:00:00,73.0,7,7,4,48063.308,47102.784,5619.894124999992,10436.461428571429
2019-07-05 08:00:00,73.9,7,8,4,51266.213,51114.945,5923.110437500007,12388.308047619052
2019-07-05 09:00:00,78.1,7,9,4,54660.566,54823.529,6282.194125000002,14220.568523809532
2019-07-05 10:00:00,79.0,7,10,4,58218.28,58549.3,6757.367312499999,16375.328904761926
2019-07-05 11:00:00,84.0,7,11,4,61291.091,61565.918,7034.057124999999,18109.77719047619
2019-07-05 12:00:00,84.9,7,12,4,64050.592,63838.917,7453.908187499997,19271.343333333338
2019-07-05 13:00:00,86.0,7,13,4,66223.0,65370.115,7807.8523125000065,19881.98480952381
2019-07-05 14:00:00,88.0,7,14,4,67290.556,66700.948,7512.381937499995,20526.71752380952
2019-07-05 15:00:00,89.1,7,15,4,67284.761,67428.298,6553.883249999999,20687.28633333333
2019-07-05 16:00:00,90.0,7,16,4,66679.683,67937.328,5172.632312500005,20619.04104761905
2019-07-05 17:00:00,89.1,7,17,4,66060.866,68033.731,4413.112624999994,20359.685952380947
2019-07-05 18:00:00,81.0,7,18,4,64581.221,67541.156,3761.3034999999945,20235.98209523809
2019-07-05 19:00:00,82.0,7,19,4,61936.436,65366.868,3060.9225624999963,19088.225047619053
2019-07-05 20:00:00,84.0,7,20,4,59113.949,62551.175,2904.2692499999976,17381.334285714285
2019-07-05 21:00:00,84.0,7,21,4,57311.683,60305.478,2964.948249999994,15655.785476190476
2019-07-05 22:00:00,82.9,7,22,4,53973.812,56963.713,2607.006062499997,14312.975761904752
2019-07-05 23:00:00,78.1,7,23,4,50072.918,52329.576,2501.865249999996,12561.255666666671
2019-07-06 00:00:00,78.1,7,0,5,46243.866,48153.411,1918.8521875000008,11231.427857142851
2019-07-06 01:00:00,77.0,7,1,5,43312.581,44904.298,1549.4362499999988,9779.408190476192
2019-07-06 02:00:00,75.9,7,2,5,41224.747,42458.696,1225.588625000004,8675.790666666668
2019-07-06 03:00:00,75.9,7,3,5,39754.231,40892.557,861.2989375000034,7616.356714285706
2019-07-06 04:00:00,75.9,7,4,5,38875.427,39918.411,388.0720000000001,6719.011095238093
2019-07-06 05:00:00,75.9,7,5,5,38806.358,39852.762,0.0,5963.129904761903
2019-07-06 06:00:00,73.9,7,6,5,38711.282,39815.135,0.0,5022.648904761911
2019-07-06 07:00:00,75.0,7,7,5,40210.86,42051.404,0.0,5385.08142857143
2019-07-06 08:00:00,77.0,7,8,5,43486.841,45744.92,0.0,7018.28304761905
2019-07-06 09:00:00,81.0,7,9,5,47297.861,50190.038,0.0,9587.07752380953
2019-07-06 10:00:00,84.0,7,10,5,51685.08,54508.68,224.1673125000016,12334.708904761925
2019-07-06 11:00:00,86.0,7,11,5,55719.729,58224.326,1462.6951249999984,14768.185190476192
2019-07-06 12:00:00,87.1,7,12,5,58861.826,60971.465,2265.142187500001,16403.891333333333
2019-07-06 13:00:00,89.1,7,13,5,60933.884,62760.672,2518.7363125000047,17272.541809523813
2019-07-06 14:00:00,88.0,7,14,5,62160.831,63782.36,2382.6569374999963,17608.12952380952
2019-07-06 15:00:00,90.0,7,15,5,62888.1,64731.338,2157.222249999999,17990.326333333338
2019-07-06 16:00:00,88.0,7,16,5,63439.393,65204.444,1932.3423124999968,17886.15704761906
2019-07-06 17:00:00,89.1,7,17,5,63425.979,65114.864,1778.2256249999991,17440.81895238095
2019-07-06 18:00:00,86.0,7,18,5,62217.232,64187.16,1397.3145000000004,16881.98609523809
2019-07-06 19:00:00,75.0,7,19,5,60048.017,62339.321,1172.5035624999946,16060.678047619054
2019-07-06 20:00:00,75.0,7,20,5,57502.229,59851.223,1292.5492499999964,14681.38228571428
2019-07-06 21:00:00,75.9,7,21,5,55454.268,57773.002,1107.5332499999931,13123.309476190472
2019-07-06 22:00:00,73.9,7,22,5,53117.129,55000.543,1750.3230624999997,12349.805761904749
2019-07-06 23:00:00,73.9,7,23,5,50500.589,50811.372,2929.5362499999974,11043.051666666674
2019-07-07 00:00:00,73.9,7,0,6,47209.456,46931.092,2884.442187499997,10009.108857142848
2019-07-07 01:00:00,73.9,7,1,6,44487.985,43841.688,2724.840250000001,8716.798190476191
2019-07-07 02:00:00,73.9,7,2,6,42481.557,41793.903,2482.3986250000016,8010.997666666663
2019-07-07 03:00:00,73.0,7,3,6,41060.527,40088.977,2167.594937500005,6812.776714285705
2019-07-07 04:00:00,73.0,7,4,6,40433.388,38981.288,1946.032999999996,5781.888095238093
2019-07-07 05:00:00,73.9,7,5,6,40937.299,38542.561,1775.2593124999985,4652.928904761902
2019-07-07 06:00:00,73.0,7,6,6,42038.582,38170.877,1726.9851249999992,3378.390904761909
2019-07-07 07:00:00,73.0,7,7,6,45053.546,40000.58,2610.1321249999964,3334.257428571429
2019-07-07 08:00:00,73.9,7,8,6,49280.349,44049.261,3937.246437500005,5322.6240476190505
2019-07-07 09:00:00,75.9,7,9,6,53628.299,48251.131,5249.927125000002,7648.170523809531
2019-07-07 10:00:00,80.1,7,10,6,58113.797,52237.489,6652.884312499999,10063.517904761924
2019-07-07 11:00:00,81.0,7,11,6,61809.877,55486.444,7552.843124999999,12030.303190476196
2019-07-07 12:00:00,82.0,7,12,6,64738.213,58018.814,8141.529187500004,13451.240333333337
2019-07-07 13:00:00,82.0,7,13,6,66383.846,60044.869,7968.6983125000115,14556.738809523811
2019-07-07 14:00:00,84.9,7,14,6,67462.85,60778.49,7684.675937500004,14604.259523809516
2019-07-07 15:00:00,84.9,7,15,6,67790.058,60354.217,7059.180250000005,13613.205333333332
2019-07-07 16:00:00,84.0,7,16,6,67609.366,59617.914,6102.315312499995,12299.627047619057
2019-07-07 17:00:00,84.9,7,17,6,67272.664,59216.998,5624.910625000004,11542.952952380949
2019-07-07 18:00:00,80.1,7,18,6,66203.074,58656.645,5383.15649999999,11351.471095238085
2019-07-07 19:00:00,80.1,7,19,6,64325.16,57330.439,5449.646562499998,11051.79604761905
2019-07-07 20:00:00,79.0,7,20,6,61722.494,55183.409,5512.814249999996,10013.568285714282
2019-07-07 21:00:00,75.9,7,21,6,60033.223,53912.321,5686.488249999995,9262.628476190475
2019-07-07 22:00:00,73.9,7,22,6,56946.771,51075.503,5579.9650625,8424.765761904746
2019-07-07 23:00:00,73.0,7,23,6,53000.422,47342.152,5429.369249999996,7573.831666666672
2019-07-08 00:00:00,72.0,7,0,0,49253.743,44197.939,4928.729187500001,0.0
2019-07-08 01:00:00,71.1,7,1,0,46194.295,41644.042,4431.150249999999,0.0
2019-07-08 02:00:00,71.1,7,2,0,43869.522,39851.196,3870.363624999998,0.0
2019-07-08 03:00:00,71.1,7,3,0,42275.528,38876.274,3382.595937500002,0.0
2019-07-08 04:00:00,70.0,7,4,0,41383.658,38700.475,2896.303,213.1199999999953
2019-07-08 05:00:00,69.1,7,5,0,41085.52,39850.161,1923.480312499996,688.1213124999995
2019-07-08 06:00:00,68.0,7,6,0,40869.16,41726.856,557.5631250000006,1415.2591249999969
2019-07-08 07:00:00,66.9,7,7,0,42999.903,45153.872,556.4891249999928,2710.4581249999974
2019-07-08 08:00:00,69.1,7,8,0,46758.435,48467.892,1415.332437500001,3124.789437500004
2019-07-08 09:00:00,72.0,7,9,0,51422.516,51613.017,3044.144125000006,3234.6451250000027
2019-07-08 10:00:00,75.0,7,10,0,56087.196,55264.144,4626.283312500003,3803.2313125
2019-07-08 11:00:00,78.1,7,11,0,59885.866,58304.782,5628.832125000001,4047.7481249999983
2019-07-08 12:00:00,80.1,7,12,0,62187.175,60996.223,5590.491187500003,4399.539187499999
2019-07-08 13:00:00,82.9,7,13,0,63394.292,63518.463,4979.144312500008,5103.31531250001
2019-07-08 14:00:00,84.0,7,14,0,63560.856,65867.19,3782.6819374999977,6089.0159375
2019-07-08 15:00:00,84.9,7,15,0,63401.382,67577.275,2670.504249999998,6846.3972499999945
2019-07-08 16:00:00,84.9,7,16,0,62823.707,69099.003,1316.656312500003,7591.952312499998
2019-07-08 17:00:00,84.9,7,17,0,61471.988,69951.918,0.0,8304.164625000005
2019-07-08 18:00:00,84.0,7,18,0,59740.815,69979.536,0.0,9159.61849999999
2019-07-08 19:00:00,82.9,7,19,0,57541.834,68513.104,0.0,9637.5905625
2019-07-08 20:00:00,81.0,7,20,0,55114.652,65733.529,0.0,9523.849249999992
2019-07-08 21:00:00,77.0,7,21,0,53391.938,63512.527,0.0,9165.79225
2019-07-08 22:00:00,73.9,7,22,0,51080.33,59762.871,0.0,8396.065062499998
2019-07-08 23:00:00,72.0,7,23,0,47991.033,54970.553,419.9802500000005,7399.500249999997
2019-07-09 00:00:00,69.1,7,0,1,44877.325,50571.414,552.3111874999959,6246.400187499996
2019-07-09 01:00:00,69.1,7,1,1,42301.819,47512.705,538.6742500000037,5749.560250000002
2019-07-09 02:00:00,68.0,7,2,1,40530.689,45280.281,531.5306249999994,5281.122625000004
2019-07-09 03:00:00,66.9,7,3,1,39208.995,43757.757,316.0629375000062,4864.824937500001
2019-07-09 04:00:00,64.0,7,4,1,38412.335,43468.213,0.0,4980.858
2019-07-09 05:00:00,64.9,7,5,1,38312.255,44536.437,0.0,5374.3973124999975
2019-07-09 06:00:00,64.0,7,6,1,38165.301,46437.967,0.0,6126.370124999994
2019-07-09 07:00:00,64.9,7,7,1,39244.009,50092.184,0.0,7648.7701249999955
2019-07-09 08:00:00,69.1,7,8,1,41979.746,54446.563,0.0,9103.460437500004
2019-07-09 09:00:00,73.0,7,9,1,45146.116,58831.862,0.0,10453.490125000004
2019-07-09 10:00:00,75.9,7,10,1,48232.356,63163.717,0.0,11702.804312499997
2019-07-09 11:00:00,80.1,7,11,1,51165.424,66884.294,0.0,12627.260124999992
2019-07-09 12:00:00,82.0,7,12,1,53618.688,69764.202,0.0,13167.518187500003
2019-07-09 13:00:00,84.0,7,13,1,55397.155,71576.553,0.0,13161.405312500006
2019-07-09 14:00:00,86.0,7,14,1,56568.345,72151.588,0.0,12373.4139375
2019-07-09 15:00:00,87.1,7,15,1,57236.515,72109.867,0.0,11378.98925
2019-07-09 16:00:00,88.0,7,16,1,57918.359,71833.027,0.0,10325.976312500004
2019-07-09 17:00:00,88.0,7,17,1,58197.283,71157.417,0.0,9509.663625
2019-07-09 18:00:00,87.1,7,18,1,57515.139,69833.304,0.0,9013.3865
2019-07-09 19:00:00,86.0,7,19,1,56039.947,67179.957,0.0,8304.44356249999
2019-07-09 20:00:00,84.0,7,20,1,53916.467,63931.225,0.0,7721.545249999996
2019-07-09 21:00:00,84.0,7,21,1,52618.005,61334.279,0.0,6987.544249999999
2019-07-09 22:00:00,82.0,7,22,1,50164.664,57583.453,0.0,6216.6470625
2019-07-09 23:00:00,79.0,7,23,1,46799.076,53061.192,0.0,5490.13925
2019-07-10 00:00:00,78.1,7,0,2,43441.983,48799.925,0.0,4474.911187500002
2019-07-10 01:00:00,75.9,7,1,2,41309.953,45952.921,0.0,4189.776250000003
2019-07-10 02:00:00,73.9,7,2,2,39728.701,44004.897,0.0,4005.738624999998
2019-07-10 03:00:00,73.0,7,3,2,38763.468,42769.465,0.0,3876.5329375
2019-07-10 04:00:00,73.0,7,4,2,38844.066,42277.236,356.7109999999957,3789.880999999994
2019-07-10 05:00:00,72.0,7,5,2,40344.681,43470.016,1182.6413124999965,4307.976312500003
2019-07-10 06:00:00,71.1,7,6,2,42364.422,45237.424,2052.825124999996,4925.827124999996
2019-07-10 07:00:00,73.0,7,7,2,45539.191,48063.308,3095.777124999993,5619.894124999992
2019-07-10 08:00:00,75.0,7,8,2,48610.728,51266.213,3267.6254375000062,5923.110437500007
2019-07-10 09:00:00,78.1,7,9,2,51528.881,54660.566,3150.509125000004,6282.194125000002
2019-07-10 10:00:00,82.9,7,10,2,54556.143,58218.28,3095.230312499996,6757.367312499999
2019-07-10 11:00:00,86.0,7,11,2,57121.192,61291.091,2864.1581250000017,7034.057124999999
2019-07-10 12:00:00,87.1,7,12,2,59333.387,64050.592,2736.703187500003,7453.908187499997
2019-07-10 13:00:00,87.1,7,13,2,61354.333,66223.0,2939.185312500005,7807.8523125000065
2019-07-10 14:00:00,88.0,7,14,2,62925.87,67290.556,3147.6959375000006,7512.381937499995
2019-07-10 15:00:00,89.1,7,15,2,64182.679,67284.761,3451.801249999997,6553.883249999999
2019-07-10 16:00:00,90.0,7,16,2,65146.612,66679.683,3639.561312500002,5172.632312500005
2019-07-10 17:00:00,89.1,7,17,2,65299.195,66060.866,3651.441625,4413.112624999994
2019-07-10 18:00:00,89.1,7,18,2,64408.962,64581.221,3589.0444999999963,3761.3034999999945
2019-07-10 19:00:00,89.1,7,19,2,62357.5,61936.436,3481.9865624999948,3060.9225624999963
2019-07-10 20:00:00,88.0,7,20,2,59368.387,59113.949,3158.7072499999995,2904.2692499999976
2019-07-10 21:00:00,84.9,7,21,2,56990.472,57311.683,2643.7372499999983,2964.948249999994
2019-07-10 22:00:00,84.9,7,22,2,53565.089,53973.812,2198.283062499999,2607.006062499997
2019-07-10 23:00:00,84.0,7,23,2,48927.137,50072.918,1356.08425,2501.865249999996
2019-07-11 00:00:00,82.0,7,0,3,45016.283,46243.866,691.2691875000019,1918.8521875000008
2019-07-11 01:00:00,81.0,7,1,3,42171.943,43312.581,408.7982499999998,1549.4362499999988
2019-07-11 02:00:00,80.1,7,2,3,40350.747,41224.747,351.588625000004,1225.588625000004
2019-07-11 03:00:00,78.1,7,3,3,39224.122,39754.231,331.18993750000664,861.2989375000034
2019-07-11 04:00:00,75.9,7,4,3,38974.596,38875.427,487.2409999999945,388.0720000000001
2019-07-11 05:00:00,75.9,7,5,3,40132.061,38806.358,970.0213125000008,0.0
2019-07-11 06:00:00,75.0,7,6,3,42185.929,38711.282,1874.3321249999933,0.0
2019-07-11 07:00:00,75.0,7,7,3,45069.837,40210.86,2626.423124999994,0.0
2019-07-11 08:00:00,77.0,7,8,3,48473.812,43486.841,3130.709437500001,0.0
2019-07-11 09:00:00,78.1,7,9,3,51664.403,47297.861,3286.0311250000013,0.0
2019-07-11 10:00:00,80.1,7,10,3,55123.025,51685.08,3662.112312500001,224.1673125000016
2019-07-11 11:00:00,82.9,7,11,3,58622.629,55719.729,4365.595125,1462.6951249999984
2019-07-11 12:00:00,84.9,7,12,3,61712.062,58861.826,5115.378187499999,2265.142187500001
2019-07-11 13:00:00,86.0,7,13,3,64544.381,60933.884,6129.233312500008,2518.7363125000047
2019-07-11 14:00:00,87.1,7,14,3,66544.194,62160.831,6766.019937500001,2382.6569374999963
2019-07-11 15:00:00,89.1,7,15,3,68170.847,62888.1,7439.969249999995,2157.222249999999
2019-07-11 16:00:00,79.0,7,16,3,69208.635,63439.393,7701.584312499996,1932.3423124999968
2019-07-11 17:00:00,77.0,7,17,3,69711.526,63425.979,8063.772624999998,1778.2256249999991
2019-07-11 18:00:00,84.9,7,18,3,69122.491,62217.232,8302.573499999991,1397.3145000000004
2019-07-11 19:00:00,84.9,7,19,3,67206.215,60048.017,8330.701562499991,1172.5035624999946
2019-07-11 20:00:00,86.0,7,20,3,64608.1,57502.229,8398.420249999996,1292.5492499999964
2019-07-11 21:00:00,82.9,7,21,3,62731.363,55454.268,8384.628249999994,1107.5332499999931
2019-07-11 22:00:00,80.1,7,22,3,59260.277,53117.129,7893.471062500001,1750.3230624999997
2019-07-11 23:00:00,79.0,7,23,3,54471.877,50500.589,6900.824249999998,2929.5362499999974
2019-07-12 00:00:00,75.9,7,0,4,50343.677,47209.456,6018.663187500002,2884.442187499997
2019-07-12 01:00:00,75.9,7,1,4,47247.822,44487.985,5484.677250000001,2724.840250000001
2019-07-12 02:00:00,75.0,7,2,4,45039.708,42481.557,5040.549625,2482.3986250000016
2019-07-12 03:00:00,73.0,7,3,4,43848.13,41060.527,4955.197937500001,2167.594937500005
2019-07-12 04:00:00,72.0,7,4,4,43346.802,40433.388,4859.447,1946.032999999996
2019-07-12 05:00:00,70.0,7,5,4,44400.682,40937.299,5238.6423125,1775.2593124999985
2019-07-12 06:00:00,69.1,7,6,4,46575.232,42038.582,6263.635125000001,1726.9851249999992
2019-07-12 07:00:00,70.0,7,7,4,49999.645,45053.546,7556.231124999991,2610.1321249999964
2019-07-12 08:00:00,71.1,7,8,4,54294.353,49280.349,8951.250437500006,3937.246437500005
2019-07-12 09:00:00,72.0,7,9,4,58719.781,53628.299,10341.409125000006,5249.927125000002
2019-07-12 10:00:00,75.0,7,10,4,63154.103,58113.797,11693.190312500004,6652.884312499999
2019-07-12 11:00:00,77.0,7,11,4,67226.402,61809.877,12969.368125,7552.843124999999
2019-07-12 12:00:00,79.0,7,12,4,70280.494,64738.213,13683.810187500008,8141.529187500004
2019-07-12 13:00:00,82.0,7,13,4,72460.337,66383.846,14045.189312500006,7968.6983125000115
2019-07-12 14:00:00,82.0,7,14,4,73604.259,67462.85,13826.084937500003,7684.675937500004
2019-07-12 15:00:00,82.9,7,15,4,74249.728,67790.058,13518.850250000003,7059.180250000005
2019-07-12 16:00:00,84.0,7,16,4,74789.028,67609.366,13281.977312500008,6102.315312499995
2019-07-12 17:00:00,84.9,7,17,4,74874.607,67272.664,13226.853625000003,5624.910625000004
2019-07-12 18:00:00,84.9,7,18,4,74619.755,66203.074,13799.8375,5383.15649999999
2019-07-12 19:00:00,82.9,7,19,4,73064.19,64325.16,14188.676562499995,5449.646562499998
2019-07-12 20:00:00,82.0,7,20,4,70525.749,61722.494,14316.069249999991,5512.814249999996
2019-07-12 21:00:00,77.0,7,21,4,68156.8,60033.223,13810.06525,5686.488249999995
2019-07-12 22:00:00,75.0,7,22,4,64214.393,56946.771,12847.587062499995,5579.9650625
2019-07-12 23:00:00,73.0,7,23,4,59041.874,53000.422,11470.82125,5429.369249999996
2019-07-13 00:00:00,72.0,7,0,5,54389.643,49253.743,10064.629187499995,4928.729187500001
2019-07-13 01:00:00,69.1,7,1,5,50850.467,46194.295,9087.322249999996,4431.150249999999
2019-07-13 02:00:00,66.9,7,2,5,48246.145,43869.522,8246.986624999998,3870.363624999998
2019-07-13 03:00:00,66.0,7,3,5,46604.946,42275.528,7712.013937500007,3382.595937500002
2019-07-13 04:00:00,64.0,7,4,5,45877.539,41383.658,7390.183999999994,2896.303
2019-07-13 05:00:00,64.0,7,5,5,46865.5,41085.52,7703.460312499999,1923.480312499996
2019-07-13 06:00:00,64.0,7,6,5,48816.678,40869.16,8505.081124999997,557.5631250000006
2019-07-13 07:00:00,64.9,7,7,5,51392.238,42999.903,8948.824124999992,556.4891249999928
2019-07-13 08:00:00,66.9,7,8,5,54387.666,46758.435,9044.5634375,1415.332437500001
2019-07-13 09:00:00,72.0,7,9,5,57445.706,51422.516,9067.334125,3044.144125000006
2019-07-13 10:00:00,77.0,7,10,5,60606.135,56087.196,9145.222312500002,4626.283312500003
2019-07-13 11:00:00,81.0,7,11,5,63298.399,59885.866,9041.365124999997,5628.832125000001
2019-07-13 12:00:00,82.9,7,12,5,65603.298,62187.175,9006.614187499996,5590.491187500003
2019-07-13 13:00:00,84.9,7,13,5,66968.055,63394.292,8552.9073125,4979.144312500008
2019-07-13 14:00:00,87.1,7,14,5,67529.576,63560.856,7751.401937499999,3782.6819374999977
2019-07-13 15:00:00,88.0,7,15,5,67425.498,63401.382,6694.620250000007,2670.504249999998
2019-07-13 16:00:00,89.1,7,16,5,67248.036,62823.707,5740.985312499994,1316.656312500003
2019-07-13 17:00:00,89.1,7,17,5,66714.328,61471.988,5066.574624999994,0.0
2019-07-13 18:00:00,89.1,7,18,5,65391.274,59740.815,4571.356499999994,0.0
2019-07-13 19:00:00,88.0,7,19,5,63466.102,57541.834,4590.588562499994,0.0
2019-07-13 20:00:00,87.1,7,20,5,60548.363,55114.652,4338.683249999995,0.0
2019-07-13 21:00:00,84.9,7,21,5,58467.415,53391.938,4120.680249999998,0.0
2019-07-13 22:00:00,82.0,7,22,5,55332.787,51080.33,3965.981062499996,0.0
2019-07-13 23:00:00,81.0,7,23,5,50911.29,47991.033,3340.2372499999983,419.9802500000005
2019-07-14 00:00:00,75.9,7,0,6,46813.316,44877.325,2488.3021874999977,552.3111874999959
2019-07-14 01:00:00,77.0,7,1,6,44219.95,42301.819,2456.8052499999976,538.6742500000037
2019-07-14 02:00:00,75.9,7,2,6,42041.181,40530.689,2042.0226249999976,531.5306249999994
2019-07-14 03:00:00,71.1,7,3,6,40836.886,39208.995,1943.9539375000024,316.0629375000062
2019-07-14 04:00:00,71.1,7,4,6,40359.357,38412.335,1872.0020000000004,0.0
2019-07-14 05:00:00,72.0,7,5,6,41352.746,38312.255,2190.7063124999986,0.0
2019-07-14 06:00:00,71.1,7,6,6,43156.266,38165.301,2844.6691250000003,0.0
2019-07-14 07:00:00,73.0,7,7,6,45828.36,39244.009,3384.946124999995,0.0
2019-07-14 08:00:00,75.0,7,8,6,49093.733,41979.746,3750.630437500004,0.0
2019-07-14 09:00:00,77.0,7,9,6,51901.307,45146.116,3522.935125000004,0.0
2019-07-14 10:00:00,79.0,7,10,6,54709.04,48232.356,3248.1273125000007,0.0
2019-07-14 11:00:00,81.0,7,11,6,57282.042,51165.424,3025.0081250000003,0.0
2019-07-14 12:00:00,82.9,7,12,6,59384.604,53618.688,2787.9201875,0.0
2019-07-14 13:00:00,87.1,7,13,6,61565.154,55397.155,3150.006312500009,0.0
2019-07-14 14:00:00,89.1,7,14,6,63235.125,56568.345,3456.950937499998,0.0
2019-07-14 15:00:00,89.1,7,15,6,64461.591,57236.515,3730.7132500000007,0.0
2019-07-14 16:00:00,87.1,7,16,6,65729.452,57918.359,4222.401312500006,0.0
2019-07-14 17:00:00,88.0,7,17,6,66088.042,58197.283,4440.288625000001,0.0
2019-07-14 18:00:00,90.0,7,18,6,65526.652,57515.139,4706.734499999999,0.0
2019-07-14 19:00:00,88.0,7,19,6,63425.535,56039.947,4550.021562499998,0.0
2019-07-14 20:00:00,84.0,7,20,6,60533.13,53916.467,4323.450249999994,0.0
2019-07-14 21:00:00,82.0,7,21,6,57934.244,52618.005,3587.5092499999955,0.0
2019-07-14 22:00:00,82.0,7,22,6,54521.308,50164.664,3154.502062499996,0.0
2019-07-14 23:00:00,79.0,7,23,6,49932.746,46799.076,2361.6932499999966,0.0
2019-07-15 00:00:00,79.0,7,0,0,45859.733,43441.983,1534.719187499999,0.0
2019-07-15 01:00:00,78.1,7,1,0,42657.039,41309.953,893.8942499999976,0.0
2019-07-15 02:00:00,75.0,7,2,0,40251.004,39728.701,251.8456250000017,0.0
2019-07-15 03:00:00,73.0,7,3,0,38951.132,38763.468,58.1999375000014,0.0
2019-07-15 04:00:00,73.0,7,4,0,38121.564,38844.066,0.0,356.7109999999957
2019-07-15 05:00:00,73.0,7,5,0,38244.842,40344.681,0.0,1182.6413124999965
2019-07-15 06:00:00,71.1,7,6,0,38388.23,42364.422,0.0,2052.825124999996
2019-07-15 07:00:00,72.0,7,7,0,40287.801,45539.191,0.0,3095.777124999993
2019-07-15 08:00:00,75.0,7,8,0,44034.05,48610.728,0.0,3267.6254375000062
2019-07-15 09:00:00,77.0,7,9,0,48260.727,51528.881,0.0,3150.509125000004
2019-07-15 10:00:00,79.0,7,10,0,52467.159,54556.143,1006.2463124999996,3095.230312499996
2019-07-15 11:00:00,84.9,7,11,0,56043.709,57121.192,1786.6751250000016,2864.1581250000017
2019-07-15 12:00:00,88.0,7,12,0,59196.637,59333.387,2599.953187500003,2736.703187500003
2019-07-15 13:00:00,90.0,7,13,0,61593.743,61354.333,3178.5953125000087,2939.185312500005
2019-07-15 14:00:00,89.1,7,14,0,63608.415,62925.87,3830.240937499999,3147.6959375000006
2019-07-15 15:00:00,88.0,7,15,0,65403.797,64182.679,4672.919249999999,3451.801249999997
2019-07-15 16:00:00,91.9,7,16,0,66910.829,65146.612,5403.778312499999,3639.561312500002
2019-07-15 17:00:00,91.9,7,17,0,67699.148,65299.195,6051.394625000001,3651.441625
2019-07-15 18:00:00,91.0,7,18,0,67085.672,64408.962,6265.754500000003,3589.0444999999963
2019-07-15 19:00:00,88.0,7,19,0,65329.068,62357.5,6453.554562499994,3481.9865624999948
2019-07-15 20:00:00,79.0,7,20,0,62159.119,59368.387,5949.439249999996,3158.7072499999995
2019-07-15 21:00:00,79.0,7,21,0,59636.652,56990.472,5289.917249999999,2643.7372499999983
2019-07-15 22:00:00,78.1,7,22,0,56288.193,53565.089,4921.387062499998,2198.283062499999
2019-07-15 23:00:00,77.0,7,23,0,52215.739,48927.137,4644.686249999999,1356.08425
2019-07-16 00:00:00,75.9,7,0,1,48161.535,45016.283,3836.521187500002,691.2691875000019
2019-07-16 01:00:00,75.0,7,1,1,45052.314,42171.943,3289.169249999999,408.7982499999998
2019-07-16 02:00:00,73.9,7,2,1,42624.317,40350.747,2625.158625000004,351.588625000004
2019-07-16 03:00:00,73.9,7,3,1,40858.883,39224.122,1965.9509375000048,331.18993750000664
2019-07-16 04:00:00,73.0,7,4,1,39715.621,38974.596,1228.265999999996,487.2409999999945
2019-07-16 05:00:00,73.0,7,5,1,39181.94,40132.061,19.900312500001743,970.0213125000008
2019-07-16 06:00:00,73.0,7,6,1,38877.46,42185.929,0.0,1874.3321249999933
2019-07-16 07:00:00,72.0,7,7,1,40276.392,45069.837,0.0,2626.423124999994
2019-07-16 08:00:00,75.0,7,8,1,43626.643,48473.812,0.0,3130.709437500001
2019-07-16 09:00:00,75.9,7,9,1,47502.641,51664.403,0.0,3286.0311250000013
2019-07-16 10:00:00,77.0,7,10,1,51469.852,55123.025,8.939312499998778,3662.112312500001
2019-07-16 11:00:00,78.1,7,11,1,55075.459,58622.629,818.4251250000016,4365.595125
2019-07-16 12:00:00,81.0,7,12,1,58271.189,61712.062,1674.505187499999,5115.378187499999
2019-07-16 13:00:00,84.9,7,13,1,60901.426,64544.381,2486.278312500006,6129.233312500008
2019-07-16 14:00:00,87.1,7,14,1,62877.677,66544.194,3099.5029375000013,6766.019937500001
2019-07-16 15:00:00,89.1,7,15,1,64589.735,68170.847,3858.857250000001,7439.969249999995
2019-07-16 16:00:00,87.1,7,16,1,65774.902,69208.635,4267.851312500003,7701.584312499996
2019-07-16 17:00:00,90.0,7,17,1,66368.598,69711.526,4720.844624999998,8063.772624999998
2019-07-16 18:00:00,88.0,7,18,1,65526.34,69122.491,4706.422499999993,8302.573499999991
2019-07-16 19:00:00,87.1,7,19,1,63389.81,67206.215,4514.296562499992,8330.701562499991
2019-07-16 20:00:00,81.0,7,20,1,60526.757,64608.1,4317.077249999995,8398.420249999996
2019-07-16 21:00:00,78.1,7,21,1,58851.941,62731.363,4505.206249999996,8384.628249999994
2019-07-16 22:00:00,77.0,7,22,1,55672.708,59260.277,4305.902062499998,7893.471062500001
2019-07-16 23:00:00,73.9,7,23,1,51640.32,54471.877,4069.267249999997,6900.824249999998
2019-07-17 00:00:00,73.9,7,0,2,47950.445,50343.677,3625.4311875,6018.663187500002
2019-07-17 01:00:00,77.0,7,1,2,45178.87,47247.822,3415.725250000003,5484.677250000001
2019-07-17 02:00:00,77.0,7,2,2,43111.148,45039.708,3111.989625000002,5040.549625
2019-07-17 03:00:00,75.0,7,3,2,41927.38,43848.13,3034.447937500001,4955.197937500001
2019-07-17 04:00:00,75.0,7,4,2,41811.493,43346.802,3324.137999999999,4859.447
2019-07-17 05:00:00,73.9,7,5,2,43061.517,44400.682,3899.4773124999992,5238.6423125
2019-07-17 06:00:00,73.9,7,6,2,45202.515,46575.232,4890.9181249999965,6263.635125000001
2019-07-17 07:00:00,73.9,7,7,2,48796.625,49999.645,6353.211124999994,7556.231124999991
2019-07-17 08:00:00,75.0,7,8,2,52926.215,54294.353,7583.1124375,8951.250437500006
2019-07-17 09:00:00,73.0,7,9,2,56737.754,58719.781,8359.382125000004,10341.409125000006
2019-07-17 10:00:00,73.9,7,10,2,60970.53,63154.103,9509.6173125,11693.190312500004
2019-07-17 11:00:00,73.9,7,11,2,64587.185,67226.402,10330.151124999997,12969.368125
2019-07-17 12:00:00,75.0,7,12,2,67659.272,70280.494,11062.588187499998,13683.810187500008
2019-07-17 13:00:00,77.0,7,13,2,70313.389,72460.337,11898.241312500002,14045.189312500006
2019-07-17 14:00:00,81.0,7,14,2,72049.674,73604.259,12271.499937499995,13826.084937500003
2019-07-17 15:00:00,81.0,7,15,2,72747.032,74249.728,12016.154250000009,13518.850250000003
2019-07-17 16:00:00,81.0,7,16,2,73021.048,74789.028,11513.997312499996,13281.977312500008
2019-07-17 17:00:00,82.0,7,17,2,72575.199,74874.607,10927.445624999991,13226.853625000003
2019-07-17 18:00:00,78.1,7,18,2,71660.055,74619.755,10840.13749999999,13799.8375
2019-07-17 19:00:00,86.0,7,19,2,69666.789,73064.19,10791.2755625,14188.676562499995
2019-07-17 20:00:00,84.0,7,20,2,66606.786,70525.749,10397.10624999999,14316.069249999991
2019-07-17 21:00:00,80.1,7,21,2,64198.384,68156.8,9851.649249999997,13810.06525
2019-07-17 22:00:00,77.0,7,22,2,60297.622,64214.393,8930.816062500002,12847.587062499995
2019-07-17 23:00:00,75.0,7,23,2,55669.929,59041.874,8098.876249999994,11470.82125
2019-07-18 00:00:00,75.0,7,0,3,51409.706,54389.643,7084.692187499997,10064.629187499995
2019-07-18 01:00:00,73.9,7,1,3,48258.148,50850.467,6495.003250000002,9087.322249999996
2019-07-18 02:00:00,73.9,7,2,3,46055.988,48246.145,6056.829624999999,8246.986624999998
2019-07-18 03:00:00,73.0,7,3,3,44759.568,46604.946,5866.635937500003,7712.013937500007
2019-07-18 04:00:00,72.0,7,4,3,44615.015,45877.539,6127.659999999996,7390.183999999994
2019-07-18 05:00:00,71.1,7,5,3,45760.913,46865.5,6598.8733125,7703.460312499999
2019-07-18 06:00:00,71.1,7,6,3,48074.565,48816.678,7762.968124999999,8505.081124999997
2019-07-18 07:00:00,72.0,7,7,3,51228.961,51392.238,8785.547124999997,8948.824124999992
2019-07-18 08:00:00,75.0,7,8,3,54162.571,54387.666,8819.468437500007,9044.5634375
2019-07-18 09:00:00,77.0,7,9,3,56797.817,57445.706,8419.445125000006,9067.334125
2019-07-18 10:00:00,80.1,7,10,3,59623.847,60606.135,8162.934312500001,9145.222312500002
2019-07-18 11:00:00,81.0,7,11,3,62250.728,63298.399,7993.694125000002,9041.365124999997
2019-07-18 12:00:00,84.0,7,12,3,64686.994,65603.298,8090.310187499999,9006.614187499996
2019-07-18 13:00:00,86.0,7,13,3,66788.449,66968.055,8373.3013125,8552.9073125
2019-07-18 14:00:00,88.0,7,14,3,68085.364,67529.576,8307.1899375,7751.401937499999
2019-07-18 15:00:00,89.1,7,15,3,68395.942,67425.498,7665.064249999996,6694.620250000007
2019-07-18 16:00:00,89.1,7,16,3,68896.474,67248.036,7389.423312500003,5740.985312499994
2019-07-18 17:00:00,90.0,7,17,3,69044.0,66714.328,7396.246625,5066.574624999994
2019-07-18 18:00:00,87.1,7,18,3,68726.27,65391.274,7906.352500000001,4571.356499999994
2019-07-18 19:00:00,81.0,7,19,3,66941.233,63466.102,8065.719562499988,4590.588562499994
2019-07-18 20:00:00,79.0,7,20,3,64770.276,60548.363,8560.596249999995,4338.683249999995
2019-07-18 21:00:00,78.1,7,21,3,63208.638,58467.415,8861.903249999996,4120.680249999998
2019-07-18 22:00:00,77.0,7,22,3,59740.803,55332.787,8373.997062499999,3965.981062499996
2019-07-18 23:00:00,77.0,7,23,3,55366.122,50911.29,7795.06925,3340.2372499999983
2019-07-19 00:00:00,75.9,7,0,4,51274.04,46813.316,6949.0261875,2488.3021874999977
2019-07-19 01:00:00,75.0,7,1,4,48191.68,44219.95,6428.535250000001,2456.8052499999976
2019-07-19 02:00:00,75.0,7,2,4,46322.536,42041.181,6323.377625000001,2042.0226249999976
2019-07-19 03:00:00,75.0,7,3,4,45074.795,40836.886,6181.862937500002,1943.9539375000024
2019-07-19 04:00:00,73.9,7,4,4,44812.313,40359.357,6324.957999999999,1872.0020000000004
2019-07-19 05:00:00,73.0,7,5,4,46181.668,41352.746,7019.628312499997,2190.7063124999986
2019-07-19 06:00:00,73.0,7,6,4,48529.214,43156.266,8217.617124999997,2844.6691250000003
2019-07-19 07:00:00,73.0,7,7,4,51477.432,45828.36,9034.018124999997,3384.946124999995
2019-07-19 08:00:00,73.9,7,8,4,54596.538,49093.733,9253.435437500004,3750.630437500004
2019-07-19 09:00:00,75.9,7,9,4,57656.792,51901.307,9278.420125000004,3522.935125000004
2019-07-19 10:00:00,79.0,7,10,4,60447.442,54709.04,8986.529312500003,3248.1273125000007
2019-07-19 11:00:00,82.0,7,11,4,63248.028,57282.042,8990.994124999997,3025.0081250000003
2019-07-19 12:00:00,84.9,7,12,4,65401.187,59384.604,8804.503187499999,2787.9201875
2019-07-19 13:00:00,86.0,7,13,4,67175.125,61565.154,8759.977312500007,3150.006312500009
2019-07-19 14:00:00,88.0,7,14,4,67829.234,63235.125,8051.059937499995,3456.950937499998
2019-07-19 15:00:00,90.0,7,15,4,68165.87,64461.591,7434.992249999996,3730.7132500000007
2019-07-19 16:00:00,91.0,7,16,4,68495.197,65729.452,6988.146312500001,4222.401312500006
2019-07-19 17:00:00,91.9,7,17,4,68892.516,66088.042,7244.762625000003,4440.288625000001
2019-07-19 18:00:00,90.0,7,18,4,69004.984,65526.652,8185.0664999999935,4706.734499999999
2019-07-19 19:00:00,90.0,7,19,4,67190.012,63425.535,8314.498562499997,4550.021562499998
2019-07-19 20:00:00,88.0,7,20,4,64827.944,60533.13,8618.26425,4323.450249999994
2019-07-19 21:00:00,87.1,7,21,4,63301.007,57934.244,8954.272249999995,3587.5092499999955
2019-07-19 22:00:00,84.9,7,22,4,59942.032,54521.308,8575.226062499998,3154.502062499996
2019-07-19 23:00:00,82.9,7,23,4,55665.171,49932.746,8094.118249999999,2361.6932499999966
2019-07-20 00:00:00,82.0,7,0,5,51543.632,45859.733,7218.618187499997,1534.719187499999
2019-07-20 01:00:00,82.0,7,1,5,48413.136,42657.039,6649.991249999999,893.8942499999976
2019-07-20 02:00:00,80.1,7,2,5,46351.814,40251.004,6352.655624999999,251.8456250000017
2019-07-20 03:00:00,80.1,7,3,5,45131.568,38951.132,6238.635937500003,58.1999375000014
2019-07-20 04:00:00,79.0,7,4,5,44922.043,38121.564,6434.687999999995,0.0
2019-07-20 05:00:00,78.1,7,5,5,46174.467,38244.842,7012.427312499996,0.0
2019-07-20 06:00:00,75.9,7,6,5,48251.684,38388.23,7940.087124999998,0.0
2019-07-20 07:00:00,77.0,7,7,5,51565.656,40287.801,9122.242124999995,0.0
2019-07-20 08:00:00,79.0,7,8,5,54892.05,44034.05,9548.947437500006,0.0
2019-07-20 09:00:00,82.0,7,9,5,57693.539,48260.727,9315.167125,0.0
2019-07-20 10:00:00,82.9,7,10,5,60636.554,52467.159,9175.641312499996,1006.2463124999996
2019-07-20 11:00:00,84.9,7,11,5,63170.128,56043.709,8913.094124999996,1786.6751250000016
2019-07-20 12:00:00,87.1,7,12,5,65250.407,59196.637,8653.7231875,2599.953187500003
2019-07-20 13:00:00,90.0,7,13,5,66965.736,61593.743,8550.588312500011,3178.5953125000087
2019-07-20 14:00:00,91.0,7,14,5,68487.551,63608.415,8709.376937500005,3830.240937499999
2019-07-20 15:00:00,91.9,7,15,5,68895.718,65403.797,8164.840249999994,4672.919249999999
2019-07-20 16:00:00,93.0,7,16,5,69868.195,66910.829,8361.144312500008,5403.778312499999
2019-07-20 17:00:00,93.9,7,17,5,70619.15,67699.148,8971.396624999994,6051.394625000001
2019-07-20 18:00:00,93.0,7,18,5,70509.706,67085.672,9689.788500000002,6265.754500000003
2019-07-20 19:00:00,91.9,7,19,5,69595.336,65329.068,10719.82256249999,6453.554562499994
2019-07-20 20:00:00,90.0,7,20,5,67796.384,62159.119,11586.704250000004,5949.439249999996
2019-07-20 21:00:00,88.0,7,21,5,66337.255,59636.652,11990.52025,5289.917249999999
2019-07-20 22:00:00,84.9,7,22,5,63004.233,56288.193,11637.4270625,4921.387062499998
2019-07-20 23:00:00,84.9,7,23,5,58569.475,52215.739,10998.422249999996,4644.686249999999
2019-07-21 00:00:00,82.9,7,0,6,54558.31,48161.535,10233.296187499996,3836.521187500002
2019-07-21 01:00:00,82.0,7,1,6,51525.677,45052.314,9762.532250000004,3289.169249999999
2019-07-21 02:00:00,80.1,7,2,6,49390.832,42624.317,9391.673625000005,2625.158625000004
2019-07-21 03:00:00,79.0,7,3,6,48063.709,40858.883,9170.776937500006,1965.9509375000048
2019-07-21 04:00:00,79.0,7,4,6,47900.983,39715.621,9413.627999999995,1228.265999999996
2019-07-21 05:00:00,78.1,7,5,6,49219.493,39181.94,10057.453312500002,19.900312500001743
2019-07-21 06:00:00,77.0,7,6,6,51287.359,38877.46,10975.762124999994,0.0
2019-07-21 07:00:00,77.0,7,7,6,54544.722,40276.392,12101.308124999996,0.0
2019-07-21 08:00:00,78.1,7,8,6,58249.467,43626.643,12906.3644375,0.0
2019-07-21 09:00:00,82.9,7,9,6,61880.977,47502.641,13502.605125000002,0.0
2019-07-21 10:00:00,84.0,7,10,6,65817.739,51469.852,14356.8263125,8.939312499998778
2019-07-21 11:00:00,88.0,7,11,6,69232.515,55075.459,14975.481124999998,818.4251250000016
2019-07-21 12:00:00,90.0,7,12,6,72165.086,58271.189,15568.402187499996,1674.505187499999
2019-07-21 13:00:00,91.9,7,13,6,74379.031,60901.426,15963.88331250001,2486.278312500006
2019-07-21 14:00:00,91.0,7,14,6,75786.06,62877.677,16007.885937499996,3099.5029375000013
2019-07-21 15:00:00,91.9,7,15,6,76377.192,64589.735,15646.314249999996,3858.857250000001
2019-07-21 16:00:00,84.0,7,16,6,76610.066,65774.902,15103.015312500009,4267.851312500003
2019-07-21 17:00:00,86.0,7,17,6,76613.862,66368.598,14966.108624999992,4720.844624999998
2019-07-21 18:00:00,88.0,7,18,6,76327.768,65526.34,15507.850499999991,4706.422499999993
2019-07-21 19:00:00,86.0,7,19,6,75310.728,63389.81,16435.214562499998,4514.296562499992
2019-07-21 20:00:00,84.0,7,20,6,73030.149,60526.757,16820.469250000002,4317.077249999995
2019-07-21 21:00:00,82.9,7,21,6,71201.757,58851.941,16855.022249999995,4505.206249999996
2019-07-21 22:00:00,81.0,7,22,6,67679.328,55672.708,16312.522062499993,4305.902062499998
2019-07-21 23:00:00,80.1,7,23,6,63052.294,51640.32,15481.24125,4069.267249999997
2019-07-22 00:00:00,73.0,7,0,0,58827.34,47950.445,14502.326187499995,3625.4311875
2019-07-22 01:00:00,73.9,7,1,0,55424.773,45178.87,13661.628250000002,3415.725250000003
2019-07-22 02:00:00,73.9,7,2,0,52548.223,43111.148,12549.064625,3111.989625000002
2019-07-22 03:00:00,73.9,7,3,0,50584.343,41927.38,11691.410937500004,3034.447937500001
2019-07-22 04:00:00,73.9,7,4,0,48912.538,41811.493,10425.182999999995,3324.137999999999
2019-07-22 05:00:00,73.0,7,5,0,48231.648,43061.517,9069.6083125,3899.4773124999992
2019-07-22 06:00:00,73.0,7,6,0,48063.341,45202.515,7751.744124999997,4890.9181249999965
2019-07-22 07:00:00,73.9,7,7,0,49149.626,48796.625,6706.212124999991,6353.211124999994
2019-07-22 08:00:00,73.9,7,8,0,52622.314,52926.215,7279.211437500002,7583.1124375
2019-07-22 09:00:00,73.9,7,9,0,57024.674,56737.754,8646.302125000002,8359.382125000004
2019-07-22 10:00:00,75.0,7,10,0,61615.478,60970.53,10154.565312500004,9509.6173125
2019-07-22 11:00:00,71.1,7,11,0,65602.0,64587.185,11344.966125,10330.151124999997
2019-07-22 12:00:00,72.0,7,12,0,69108.639,67659.272,12511.955187499996,11062.588187499998
2019-07-22 13:00:00,73.0,7,13,0,71429.161,70313.389,13014.0133125,11898.241312500002
2019-07-22 14:00:00,73.0,7,14,0,73325.643,72049.674,13547.468937499994,12271.499937499995
2019-07-22 15:00:00,73.9,7,15,0,74659.356,72747.032,13928.47825,12016.154250000009
2019-07-22 16:00:00,73.9,7,16,0,74968.109,73021.048,13461.058312499998,11513.997312499996
2019-07-22 17:00:00,73.9,7,17,0,73690.963,72575.199,12043.209625000003,10927.445624999991
2019-07-22 18:00:00,72.0,7,18,0,71434.738,71660.055,10614.820499999994,10840.13749999999
2019-07-22 19:00:00,70.0,7,19,0,69392.767,69666.789,10517.253562500002,10791.2755625
2019-07-22 20:00:00,69.1,7,20,0,66499.4,66606.786,10289.720249999991,10397.10624999999
2019-07-22 21:00:00,69.1,7,21,0,64573.337,64198.384,10226.602249999996,9851.649249999997
2019-07-22 22:00:00,69.1,7,22,0,61142.459,60297.622,9775.6530625,8930.816062500002
2019-07-22 23:00:00,68.0,7,23,0,57396.217,55669.929,9825.164249999994,8098.876249999994
2019-07-23 00:00:00,68.0,7,0,1,53626.033,51409.706,9301.019187500002,7084.692187499997
2019-07-23 01:00:00,66.9,7,1,1,50452.724,48258.148,8689.579250000003,6495.003250000002
2019-07-23 02:00:00,66.0,7,2,1,48057.218,46055.988,8058.059625000002,6056.829624999999
2019-07-23 03:00:00,63.0,7,3,1,46318.781,44759.568,7425.848937500006,5866.635937500003
2019-07-23 04:00:00,63.0,7,4,1,44983.721,44615.015,6496.3659999999945,6127.659999999996
2019-07-23 05:00:00,60.1,7,5,1,44376.616,45760.913,5214.576312500001,6598.8733125
2019-07-23 06:00:00,60.1,7,6,1,44083.24,48074.565,3771.643124999995,7762.968124999999
2019-07-23 07:00:00,60.1,7,7,1,45325.351,51228.961,2881.9371249999967,8785.547124999997
2019-07-23 08:00:00,62.1,7,8,1,48699.69,54162.571,3356.5874375000058,8819.468437500007
2019-07-23 09:00:00,66.0,7,9,1,52820.086,56797.817,4441.714125000006,8419.445125000006
2019-07-23 10:00:00,70.0,7,10,1,56561.471,59623.847,5100.558312499998,8162.934312500001
2019-07-23 11:00:00,73.9,7,11,1,59801.358,62250.728,5544.324124999999,7993.694125000002
2019-07-23 12:00:00,75.0,7,12,1,62230.409,64686.994,5633.7251875,8090.310187499999
2019-07-23 13:00:00,75.9,7,13,1,63694.544,66788.449,5279.396312500008,8373.3013125
2019-07-23 14:00:00,77.0,7,14,1,64259.048,68085.364,4480.8739375000005,8307.1899375
2019-07-23 15:00:00,77.0,7,15,1,64304.135,68395.942,3573.2572500000024,7665.064249999996
2019-07-23 16:00:00,78.1,7,16,1,64390.112,68896.474,2883.061312500002,7389.423312500003
2019-07-23 17:00:00,78.1,7,17,1,64255.665,69044.0,2607.9116250000006,7396.246625
2019-07-23 18:00:00,75.9,7,18,1,62657.44,68726.27,1837.5224999999991,7906.352500000001
2019-07-23 19:00:00,75.9,7,19,1,60090.292,66941.233,1214.778562499996,8065.719562499988
2019-07-23 20:00:00,73.0,7,20,1,58084.605,64770.276,1874.92525,8560.596249999995
2019-07-23 21:00:00,70.0,7,21,1,56865.084,63208.638,2518.34925,8861.903249999996
2019-07-23 22:00:00,68.0,7,22,1,53771.88,59740.803,2405.074062499996,8373.997062499999
2019-07-23 23:00:00,64.9,7,23,1,50314.293,55366.122,2743.240249999996,7795.06925
2019-07-24 00:00:00,64.0,7,0,2,47050.2,51274.04,2725.186187499996,6949.0261875
2019-07-24 01:00:00,62.1,7,1,2,44776.315,48191.68,3013.170250000003,6428.535250000001
2019-07-24 02:00:00,62.1,7,2,2,43159.47,46322.536,3160.311625000002,6323.377625000001
2019-07-24 03:00:00,62.1,7,3,2,42345.217,45074.795,3452.2849375000005,6181.862937500002
2019-07-24 04:00:00,60.1,7,4,2,42417.916,44812.313,3930.560999999994,6324.957999999999
2019-07-24 05:00:00,57.9,7,5,2,43875.265,46181.668,4713.225312499999,7019.628312499997
2019-07-24 06:00:00,59.0,7,6,2,46360.258,48529.214,6048.661124999999,8217.617124999997
2019-07-24 07:00:00,59.0,7,7,2,48889.002,51477.432,6445.588124999995,9034.018124999997
2019-07-24 08:00:00,61.0,7,8,2,51040.905,54596.538,5697.802437500002,9253.435437500004
2019-07-24 09:00:00,64.9,7,9,2,52872.509,57656.792,4494.137125000001,9278.420125000004
2019-07-24 10:00:00,69.1,7,10,2,54522.583,60447.442,3061.6703124999985,8986.529312500003
2019-07-24 11:00:00,73.0,7,11,2,55588.788,63248.028,1331.7541249999997,8990.994124999997
2019-07-24 12:00:00,72.0,7,12,2,56632.032,65401.187,35.34818749999977,8804.503187499999
2019-07-24 13:00:00,75.9,7,13,2,57202.418,67175.125,0.0,8759.977312500007
2019-07-24 14:00:00,78.1,7,14,2,57430.768,67829.234,0.0,8051.059937499995
2019-07-24 15:00:00,77.0,7,15,2,57256.91,68165.87,0.0,7434.992249999996
2019-07-24 16:00:00,77.0,7,16,2,56784.738,68495.197,0.0,6988.146312500001
2019-07-24 17:00:00,75.9,7,17,2,56259.412,68892.516,0.0,7244.762625000003
2019-07-24 18:00:00,75.0,7,18,2,55150.363,69004.984,0.0,8185.0664999999935
2019-07-24 19:00:00,75.0,7,19,2,53791.503,67190.012,0.0,8314.498562499997
2019-07-24 20:00:00,73.9,7,20,2,52088.794,64827.944,0.0,8618.26425
2019-07-24 21:00:00,71.1,7,21,2,51017.735,63301.007,0.0,8954.272249999995
2019-07-24 22:00:00,69.1,7,22,2,48348.477,59942.032,0.0,8575.226062499998
2019-07-24 23:00:00,66.9,7,23,2,44939.501,55665.171,0.0,8094.118249999999
2019-07-25 00:00:00,64.9,7,0,3,41900.371,51543.632,0.0,7218.618187499997
2019-07-25 01:00:00,62.1,7,1,3,39833.267,48413.136,0.0,6649.991249999999
2019-07-25 02:00:00,61.0,7,2,3,38384.024,46351.814,0.0,6352.655624999999
2019-07-25 03:00:00,60.1,7,3,3,37651.085,45131.568,0.0,6238.635937500003
2019-07-25 04:00:00,59.0,7,4,3,37693.41,44922.043,0.0,6434.687999999995
2019-07-25 05:00:00,59.0,7,5,3,38992.658,46174.467,0.0,7012.427312499996
2019-07-25 06:00:00,57.0,7,6,3,40993.424,48251.684,681.8271249999962,7940.087124999998
2019-07-25 07:00:00,57.9,7,7,3,43437.02,51565.656,993.6061249999912,9122.242124999995
2019-07-25 08:00:00,62.1,7,8,3,45812.786,54892.05,469.6834375000035,9548.947437500006
2019-07-25 09:00:00,66.9,7,9,3,48046.14,57693.539,0.0,9315.167125
2019-07-25 10:00:00,73.0,7,10,3,50042.329,60636.554,0.0,9175.641312499996
2019-07-25 11:00:00,75.9,7,11,3,51809.826,63170.128,0.0,8913.094124999996
2019-07-25 12:00:00,77.0,7,12,3,53380.01,65250.407,0.0,8653.7231875
2019-07-25 13:00:00,79.0,7,13,3,54810.115,66965.736,0.0,8550.588312500011
2019-07-25 14:00:00,79.0,7,14,3,55803.586,68487.551,0.0,8709.376937500005
2019-07-25 15:00:00,80.1,7,15,3,56447.648,68895.718,0.0,8164.840249999994
2019-07-25 16:00:00,81.0,7,16,3,57244.634,69868.195,0.0,8361.144312500008
2019-07-25 17:00:00,81.0,7,17,3,57592.698,70619.15,0.0,8971.396624999994
2019-07-25 18:00:00,80.1,7,18,3,56949.648,70509.706,0.0,9689.788500000002
2019-07-25 19:00:00,80.1,7,19,3,55051.978,69595.336,0.0,10719.82256249999
2019-07-25 20:00:00,78.1,7,20,3,52668.968,67796.384,0.0,11586.704250000004
2019-07-25 21:00:00,75.9,7,21,3,51294.105,66337.255,0.0,11990.52025
2019-07-25 22:00:00,73.9,7,22,3,48376.68,63004.233,0.0,11637.4270625
2019-07-25 23:00:00,71.1,7,23,3,44491.647,58569.475,0.0,10998.422249999996
2019-07-26 00:00:00,68.0,7,0,4,41469.034,54558.31,0.0,10233.296187499996
2019-07-26 01:00:00,66.9,7,1,4,39302.955,51525.677,0.0,9762.532250000004
2019-07-26 02:00:00,64.0,7,2,4,37925.386,49390.832,0.0,9391.673625000005
2019-07-26 03:00:00,62.1,7,3,4,37210.338,48063.709,0.0,9170.776937500006
2019-07-26 04:00:00,63.0,7,4,4,37156.657,47900.983,0.0,9413.627999999995
2019-07-26 05:00:00,61.0,7,5,4,38407.454,49219.493,0.0,10057.453312500002
2019-07-26 06:00:00,61.0,7,6,4,40466.782,51287.359,155.18512499999633,10975.762124999994
2019-07-26 07:00:00,61.0,7,7,4,42862.603,54544.722,419.1891249999972,12101.308124999996
2019-07-26 08:00:00,66.0,7,8,4,45251.159,58249.467,0.0,12906.3644375
2019-07-26 09:00:00,70.0,7,9,4,47651.442,61880.977,0.0,13502.605125000002
2019-07-26 10:00:00,73.9,7,10,4,49905.959,65817.739,0.0,14356.8263125
2019-07-26 11:00:00,78.1,7,11,4,51739.011,69232.515,0.0,14975.481124999998
2019-07-26 12:00:00,80.1,7,12,4,53452.741,72165.086,0.0,15568.402187499996
2019-07-26 13:00:00,81.0,7,13,4,55136.475,74379.031,0.0,15963.88331250001
2019-07-26 14:00:00,82.0,7,14,4,56621.502,75786.06,0.0,16007.885937499996
2019-07-26 15:00:00,81.0,7,15,4,57579.447,76377.192,0.0,15646.314249999996
2019-07-26 16:00:00,82.9,7,16,4,58396.223,76610.066,0.0,15103.015312500009
2019-07-26 17:00:00,84.0,7,17,4,58685.006,76613.862,0.0,14966.108624999992
2019-07-26 18:00:00,82.9,7,18,4,58174.255,76327.768,0.0,15507.850499999991
2019-07-26 19:00:00,82.9,7,19,4,56453.109,75310.728,0.0,16435.214562499998
2019-07-26 20:00:00,81.0,7,20,4,53999.683,73030.149,0.0,16820.469250000002
2019-07-26 21:00:00,79.0,7,21,4,52395.864,71201.757,0.0,16855.022249999995
2019-07-26 22:00:00,77.0,7,22,4,49232.059,67679.328,0.0,16312.522062499993
2019-07-26 23:00:00,73.0,7,23,4,45194.264,63052.294,0.0,15481.24125
2019-07-27 00:00:00,72.0,7,0,5,41938.297,58827.34,0.0,14502.326187499995
2019-07-27 01:00:00,70.0,7,1,5,39738.748,55424.773,0.0,13661.628250000002
2019-07-27 02:00:00,66.0,7,2,5,38171.219,52548.223,0.0,12549.064625
2019-07-27 03:00:00,64.9,7,3,5,37417.981,50584.343,0.0,11691.410937500004
2019-07-27 04:00:00,66.0,7,4,5,37126.677,48912.538,0.0,10425.182999999995
2019-07-27 05:00:00,64.9,7,5,5,38538.941,48231.648,0.0,9069.6083125
2019-07-27 06:00:00,64.0,7,6,5,40516.112,48063.341,204.51512499999808,7751.744124999997
2019-07-27 07:00:00,64.9,7,7,5,42773.758,49149.626,330.344124999996,6706.212124999991
2019-07-27 08:00:00,69.1,7,8,5,45399.303,52622.314,56.20043750000332,7279.211437500002
2019-07-27 09:00:00,73.0,7,9,5,47991.042,57024.674,0.0,8646.302125000002
2019-07-27 10:00:00,75.9,7,10,5,50666.018,61615.478,0.0,10154.565312500004
2019-07-27 11:00:00,80.1,7,11,5,52875.519,65602.0,0.0,11344.966125
2019-07-27 12:00:00,81.0,7,12,5,55262.034,69108.639,0.0,12511.955187499996
2019-07-27 13:00:00,84.0,7,13,5,57672.791,71429.161,0.0,13014.0133125
2019-07-27 14:00:00,84.9,7,14,5,59636.038,73325.643,0.0,13547.468937499994
2019-07-27 15:00:00,86.0,7,15,5,61097.02,74659.356,366.1422499999972,13928.47825
2019-07-27 16:00:00,86.0,7,16,5,62240.859,74968.109,733.8083124999976,13461.058312499998
2019-07-27 17:00:00,84.9,7,17,5,62686.507,73690.963,1038.7536249999976,12043.209625000003
2019-07-27 18:00:00,87.1,7,18,5,62060.64,71434.738,1240.7224999999962,10614.820499999994
2019-07-27 19:00:00,84.9,7,19,5,60078.112,69392.767,1202.5985624999958,10517.253562500002
2019-07-27 20:00:00,84.0,7,20,5,57345.045,66499.4,1135.3652499999953,10289.720249999991
2019-07-27 21:00:00,82.9,7,21,5,55726.275,64573.337,1379.5402499999982,10226.602249999996
2019-07-27 22:00:00,80.1,7,22,5,52351.532,61142.459,984.726062499998,9775.6530625
2019-07-27 23:00:00,79.0,7,23,5,48054.683,57396.217,483.6302499999947,9825.164249999994
2019-07-28 00:00:00,77.0,7,0,6,44258.552,53626.033,0.0,9301.019187500002
2019-07-28 01:00:00,73.9,7,1,6,41567.49,50452.724,0.0,8689.579250000003
2019-07-28 02:00:00,73.0,7,2,6,39808.583,48057.218,0.0,8058.059625000002
2019-07-28 03:00:00,69.1,7,3,6,38654.813,46318.781,0.0,7425.848937500006
2019-07-28 04:00:00,72.0,7,4,6,38403.663,44983.721,0.0,6496.3659999999945
2019-07-28 05:00:00,70.0,7,5,6,39412.667,44376.616,250.6273125000007,5214.576312500001
2019-07-28 06:00:00,69.1,7,6,6,41413.65,44083.24,1102.0531249999983,3771.643124999995
2019-07-28 07:00:00,69.1,7,7,6,44052.162,45325.351,1608.748124999991,2881.9371249999967
2019-07-28 08:00:00,71.1,7,8,6,46780.003,48699.69,1436.9004375000004,3356.5874375000058
2019-07-28 09:00:00,73.9,7,9,6,49471.473,52820.086,1093.101125000001,4441.714125000006
2019-07-28 10:00:00,79.0,7,10,6,52350.208,56561.471,889.2953124999985,5100.558312499998
2019-07-28 11:00:00,82.9,7,11,6,55256.963,59801.358,999.9291250000024,5544.324124999999
2019-07-28 12:00:00,84.9,7,12,6,58081.616,62230.409,1484.9321875000023,5633.7251875
2019-07-28 13:00:00,84.9,7,13,6,60443.711,63694.544,2028.5633125000093,5279.396312500008
2019-07-28 14:00:00,86.0,7,14,6,62285.256,64259.048,2507.081937499999,4480.8739375000005
2019-07-28 15:00:00,88.0,7,15,6,63412.509,64304.135,2681.6312499999985,3573.2572500000024
2019-07-28 16:00:00,89.1,7,16,6,64592.589,64390.112,3085.5383125000008,2883.061312500002
2019-07-28 17:00:00,88.0,7,17,6,64481.376,64255.665,2833.6226249999963,2607.9116250000006
2019-07-28 18:00:00,87.1,7,18,6,63655.707,62657.44,2835.789499999999,1837.5224999999991
2019-07-28 19:00:00,86.0,7,19,6,61327.631,60090.292,2452.117562499996,1214.778562499996
2019-07-28 20:00:00,84.9,7,20,6,58346.459,58084.605,2136.77925,1874.92525
2019-07-28 21:00:00,82.9,7,21,6,56450.535,56865.084,2103.80025,2518.34925
2019-07-28 22:00:00,81.0,7,22,6,53286.666,53771.88,1919.8600624999965,2405.074062499996
2019-07-28 23:00:00,79.0,7,23,6,48969.113,50314.293,1398.060249999995,2743.240249999996
2019-07-29 00:00:00,75.9,7,0,0,45222.693,47050.2,897.6791874999981,2725.186187499996
2019-07-29 01:00:00,75.9,7,1,0,42507.237,44776.315,744.0922500000015,3013.170250000003
2019-07-29 02:00:00,73.0,7,2,0,40398.39,43159.47,399.2316250000004,3160.311625000002
2019-07-29 03:00:00,73.0,7,3,0,39012.215,42345.217,119.28293750000012,3452.2849375000005
2019-07-29 04:00:00,71.1,7,4,0,38272.384,42417.916,0.0,3930.560999999994
2019-07-29 05:00:00,71.1,7,5,0,38354.409,43875.265,0.0,4713.225312499999
2019-07-29 06:00:00,69.1,7,6,0,38562.436,46360.258,0.0,6048.661124999999
2019-07-29 07:00:00,69.1,7,7,0,40062.399,48889.002,0.0,6445.588124999995
2019-07-29 08:00:00,71.1,7,8,0,43266.867,51040.905,0.0,5697.802437500002
2019-07-29 09:00:00,75.9,7,9,0,47232.748,52872.509,0.0,4494.137125000001
2019-07-29 10:00:00,80.1,7,10,0,51194.753,54522.583,0.0,3061.6703124999985
2019-07-29 11:00:00,84.0,7,11,0,54874.845,55588.788,617.8111250000002,1331.7541249999997
2019-07-29 12:00:00,84.9,7,12,0,57504.592,56632.032,907.9081874999974,35.34818749999977
2019-07-29 13:00:00,86.0,7,13,0,59559.634,57202.418,1144.4863125000047,0.0
2019-07-29 14:00:00,87.1,7,14,0,61324.35,57430.768,1546.1759374999965,0.0
2019-07-29 15:00:00,89.1,7,15,0,62957.43,57256.91,2226.5522500000006,0.0
2019-07-29 16:00:00,88.0,7,16,0,64183.221,56784.738,2676.1703124999985,0.0
2019-07-29 17:00:00,88.0,7,17,0,64617.966,56259.412,2970.212625,0.0
2019-07-29 18:00:00,88.0,7,18,0,63846.366,55150.363,3026.4484999999986,0.0
2019-07-29 19:00:00,87.1,7,19,0,61853.642,53791.503,2978.1285624999946,0.0
2019-07-29 20:00:00,84.9,7,20,0,58974.477,52088.794,2764.797249999996,0.0
2019-07-29 21:00:00,82.9,7,21,0,56948.202,51017.735,2601.4672499999942,0.0
2019-07-29 22:00:00,81.0,7,22,0,53816.182,48348.477,2449.3760624999995,0.0
2019-07-29 23:00:00,77.0,7,23,0,50120.999,44939.501,2549.946250000001,0.0
2019-07-30 00:00:00,75.0,7,0,1,46556.013,41900.371,2230.999187499998,0.0
2019-07-30 01:00:00,73.9,7,1,1,43791.437,39833.267,2028.2922499999984,0.0
2019-07-30 02:00:00,73.9,7,2,1,41658.131,38384.024,1658.9726250000022,0.0
2019-07-30 03:00:00,73.0,7,3,1,40206.227,37651.085,1313.2949375000026,0.0
2019-07-30 04:00:00,72.0,7,4,1,39312.399,37693.41,825.0439999999944,0.0
2019-07-30 05:00:00,71.1,7,5,1,38962.219,38992.658,0.0,0.0
2019-07-30 06:00:00,70.0,7,6,1,38957.689,40993.424,0.0,681.8271249999962
2019-07-30 07:00:00,71.1,7,7,1,39921.602,43437.02,0.0,993.6061249999912
2019-07-30 08:00:00,71.1,7,8,1,43215.495,45812.786,0.0,469.6834375000035
2019-07-30 09:00:00,72.0,7,9,1,47279.572,48046.14,0.0,0.0
2019-07-30 10:00:00,73.0,7,10,1,51704.192,50042.329,243.27931250000256,0.0
2019-07-30 11:00:00,73.0,7,11,1,55834.495,51809.826,1577.4611250000016,0.0
2019-07-30 12:00:00,75.9,7,12,1,59240.752,53380.01,2644.068187500001,0.0
2019-07-30 13:00:00,81.0,7,13,1,61655.21,54810.115,3240.0623125000056,0.0
2019-07-30 14:00:00,84.9,7,14,1,63489.499,55803.586,3711.3249375000014,0.0
2019-07-30 15:00:00,84.9,7,15,1,65012.44,56447.648,4281.562250000003,0.0
2019-07-30 16:00:00,82.9,7,16,1,66407.441,57244.634,4900.390312500007,0.0
2019-07-30 17:00:00,80.1,7,17,1,67087.958,57592.698,5440.204624999999,0.0
2019-07-30 18:00:00,80.1,7,18,1,66500.662,56949.648,5680.744499999993,0.0
2019-07-30 19:00:00,79.0,7,19,1,64486.794,55051.978,5611.280562499996,0.0
2019-07-30 20:00:00,78.1,7,20,1,61976.996,52668.968,5767.316249999996,0.0
2019-07-30 21:00:00,77.0,7,21,1,60419.727,51294.105,6072.992249999996,0.0
2019-07-30 22:00:00,75.0,7,22,1,56946.468,48376.68,5579.6620625,0.0
2019-07-30 23:00:00,73.9,7,23,1,52973.437,44491.647,5402.384249999996,0.0
2019-07-31 00:00:00,72.0,7,0,2,49439.577,41469.034,5114.563187499996,0.0
2019-07-31 01:00:00,71.1,7,1,2,46479.189,39302.955,4716.044249999999,0.0
2019-07-31 02:00:00,71.1,7,2,2,44589.371,37925.386,4590.212625,0.0
2019-07-31 03:00:00,69.1,7,3,2,43403.507,37210.338,4510.574937500001,0.0
2019-07-31 04:00:00,69.1,7,4,2,43210.796,37156.657,4723.440999999999,0.0
2019-07-31 05:00:00,68.0,7,5,2,44356.112,38407.454,5194.0723125,0.0
2019-07-31 06:00:00,68.0,7,6,2,46624.449,40466.782,6312.852124999998,155.18512499999633
2019-07-31 07:00:00,69.1,7,7,2,49687.015,42862.603,7243.601124999994,419.1891249999972
2019-07-31 08:00:00,70.0,7,8,2,52972.026,45251.159,7628.9234375000015,0.0
2019-07-31 09:00:00,73.0,7,9,2,56578.77,47651.442,8200.398125,0.0
2019-07-31 10:00:00,75.9,7,10,2,60228.604,49905.959,8767.6913125,0.0
2019-07-31 11:00:00,79.0,7,11,2,63180.499,51739.011,8923.465125000002,0.0
2019-07-31 12:00:00,84.0,7,12,2,65594.649,53452.741,8997.965187500005,0.0
2019-07-31 13:00:00,87.1,7,13,2,67068.283,55136.475,8653.135312500002,0.0
2019-07-31 14:00:00,84.0,7,14,2,68016.817,56621.502,8238.642937499993,0.0
2019-07-31 15:00:00,84.9,7,15,2,68385.838,57579.447,7654.960250000004,0.0
2019-07-31 16:00:00,82.9,7,16,2,68610.733,58396.223,7103.682312499994,0.0
2019-07-31 17:00:00,87.1,7,17,2,68214.879,58685.006,6567.125625000001,0.0
2019-07-31 18:00:00,82.9,7,18,2,67998.422,58174.255,7178.504500000003,0.0
2019-07-31 19:00:00,82.9,7,19,2,66150.97,56453.109,7275.456562499996,0.0
2019-07-31 20:00:00,82.0,7,20,2,63570.111,53999.683,7360.431249999994,0.0
2019-07-31 21:00:00,79.0,7,21,2,61507.146,52395.864,7160.411249999997,0.0
2019-07-31 22:00:00,75.9,7,22,2,57310.0,49232.059,5943.194062499999,0.0
2019-07-31 23:00:00,73.9,7,23,2,52689.229,45194.264,5118.176249999997,0.0
2019-08-01 00:00:00,72.0,8,0,3,48818.034,41938.297,4493.020187499998,0.0
2019-08-01 01:00:00,71.1,8,1,3,45877.408,39738.748,4114.263250000004,0.0
2019-08-01 02:00:00,70.0,8,2,3,43779.599,38171.219,3780.440625000003,0.0
2019-08-01 03:00:00,70.0,8,3,3,42657.492,37417.981,3764.559937500002,0.0
2019-08-01 04:00:00,70.0,8,4,3,42479.829,37126.677,3992.473999999994,0.0
2019-08-01 05:00:00,69.1,8,5,3,43574.687,38538.941,4412.6473124999975,0.0
2019-08-01 06:00:00,69.1,8,6,3,46034.858,40516.112,5723.261124999997,204.51512499999808
2019-08-01 07:00:00,69.1,8,7,3,48401.874,42773.758,5958.460124999998,330.344124999996
2019-08-01 08:00:00,70.0,8,8,3,51277.227,45399.303,5934.124437500002,56.20043750000332
2019-08-01 09:00:00,72.0,8,9,3,53942.309,47991.042,5563.937125000004,0.0
2019-08-01 10:00:00,75.0,8,10,3,56556.439,50666.018,5095.526312499998,0.0
2019-08-01 11:00:00,75.0,8,11,3,59191.792,52875.519,4934.758125,0.0
2019-08-01 12:00:00,79.0,8,12,3,61482.189,55262.034,4885.505187499999,0.0
2019-08-01 13:00:00,82.0,8,13,3,63475.898,57672.791,5060.750312500008,0.0
2019-08-01 14:00:00,82.9,8,14,3,65052.742,59636.038,5274.567937499996,0.0
2019-08-01 15:00:00,84.0,8,15,3,65274.253,61097.02,4543.375249999997,366.1422499999972
2019-08-01 16:00:00,84.0,8,16,3,64991.596,62240.859,3484.5453124999985,733.8083124999976
2019-08-01 17:00:00,84.0,8,17,3,64283.168,62686.507,2635.4146249999976,1038.7536249999976
2019-08-01 18:00:00,84.0,8,18,3,63214.633,62060.64,2394.7154999999984,1240.7224999999962
2019-08-01 19:00:00,82.0,8,19,3,60749.471,60078.112,1873.9575624999925,1202.5985624999958
2019-08-01 20:00:00,80.1,8,20,3,58347.649,57345.045,2137.969249999994,1135.3652499999953
2019-08-01 21:00:00,77.0,8,21,3,56473.706,55726.275,2126.971249999995,1379.5402499999982
2019-08-01 22:00:00,75.9,8,22,3,53098.852,52351.532,1732.0460624999978,984.726062499998
2019-08-01 23:00:00,73.0,8,23,3,49078.709,48054.683,1507.65625,483.6302499999947
2019-08-02 00:00:00,72.0,8,0,4,45307.533,44258.552,982.519187500002,0.0
2019-08-02 01:00:00,70.0,8,1,4,42697.239,41567.49,934.094250000002,0.0
2019-08-02 02:00:00,70.0,8,2,4,41076.022,39808.583,1076.863624999998,0.0
2019-08-02 03:00:00,69.1,8,3,4,40134.521,38654.813,1241.5889375000042,0.0
2019-08-02 04:00:00,69.1,8,4,4,40059.63,38403.663,1572.2749999999942,0.0
2019-08-02 05:00:00,66.9,8,5,4,41215.221,39412.667,2053.181312499997,250.6273125000007
2019-08-02 06:00:00,68.0,8,6,4,43198.747,41413.65,2887.150125,1102.0531249999983
2019-08-02 07:00:00,69.1,8,7,4,45569.775,44052.162,3126.361124999996,1608.748124999991
2019-08-02 08:00:00,70.0,8,8,4,48432.229,46780.003,3089.126437500003,1436.9004375000004
2019-08-02 09:00:00,72.0,8,9,4,51073.321,49471.473,2694.9491250000065,1093.101125000001
2019-08-02 10:00:00,77.0,8,10,4,53888.897,52350.208,2427.984312499997,889.2953124999985
2019-08-02 11:00:00,82.0,8,11,4,56753.995,55256.963,2496.9611250000016,999.9291250000024
2019-08-02 12:00:00,84.0,8,12,4,59211.822,58081.616,2615.1381875000006,1484.9321875000023
2019-08-02 13:00:00,84.9,8,13,4,61320.026,60443.711,2904.8783125000045,2028.5633125000093
2019-08-02 14:00:00,84.0,8,14,4,62849.447,62285.256,3071.272937499998,2507.081937499999
2019-08-02 15:00:00,84.9,8,15,4,63735.329,63412.509,3004.4512499999983,2681.6312499999985
2019-08-02 16:00:00,87.1,8,16,4,64343.809,64592.589,2836.758312500002,3085.5383125000008
2019-08-02 17:00:00,87.1,8,17,4,64015.324,64481.376,2367.5706250000003,2833.6226249999963
2019-08-02 18:00:00,84.9,8,18,4,62847.286,63655.707,2027.3684999999969,2835.789499999999
2019-08-02 19:00:00,82.9,8,19,4,60515.286,61327.631,1639.7725624999948,2452.117562499996
2019-08-02 20:00:00,82.0,8,20,4,57808.804,58346.459,1599.1242499999937,2136.77925
2019-08-02 21:00:00,77.0,8,21,4,56014.146,56450.535,1667.4112499999974,2103.80025
2019-08-02 22:00:00,75.9,8,22,4,52497.1,53286.666,1130.2940624999974,1919.8600624999965
2019-08-02 23:00:00,73.0,8,23,4,48218.81,48969.113,647.7572499999951,1398.060249999995
2019-08-03 00:00:00,71.1,8,0,5,44583.238,45222.693,6006.100749999998,897.6791874999981
2019-08-03 01:00:00,70.0,8,1,5,41854.417,42507.237,5287.410250000001,744.0922500000015
2019-08-03 02:00:00,68.0,8,2,5,40097.332,40398.39,4852.718000000001,399.2316250000004
2019-08-03 03:00:00,66.9,8,3,5,39106.831,39012.215,4785.067499999997,119.28293750000012
2019-08-03 04:00:00,66.0,8,4,5,38929.462,38272.384,5064.220499999996,0.0
2019-08-03 05:00:00,64.9,8,5,5,40273.831,38354.409,6306.239999999998,0.0
2019-08-03 06:00:00,64.0,8,6,5,42501.619,38562.436,8043.439249999996,0.0
2019-08-03 07:00:00,63.0,8,7,5,44727.377,40062.399,9713.548000000004,0.0
2019-08-03 08:00:00,66.0,8,8,5,47700.565,43266.867,10840.68875,0.0
2019-08-03 09:00:00,71.1,8,9,5,50560.159,47232.748,11420.515249999997,0.0
2019-08-03 10:00:00,75.0,8,10,5,53798.738,51194.753,12663.059999999998,0.0
2019-08-03 11:00:00,78.1,8,11,5,56587.465,54874.845,13743.541750000004,617.8111250000002
2019-08-03 12:00:00,80.1,8,12,5,59138.031,57504.592,14718.546000000002,907.9081874999974
2019-08-03 13:00:00,81.0,8,13,5,61657.725,59559.634,15863.700749999996,1144.4863125000047
2019-08-03 14:00:00,84.0,8,14,5,63359.244,61324.35,16450.814249999996,1546.1759374999965
2019-08-03 15:00:00,84.9,8,15,5,64475.385,62957.43,16530.745000000003,2226.5522500000006
2019-08-03 16:00:00,87.1,8,16,5,65073.704,64183.221,16362.129249999998,2676.1703124999985
2019-08-03 17:00:00,87.1,8,17,5,65081.811,64617.966,16156.1045,2970.212625
2019-08-03 18:00:00,86.0,8,18,5,63948.077,63846.366,15685.519499999997,3026.4484999999986
2019-08-03 19:00:00,84.0,8,19,5,61715.227,61853.642,14901.99725,2978.1285624999946
2019-08-03 20:00:00,81.0,8,20,5,58862.017,58974.477,12520.196499999998,2764.797249999996
2019-08-03 21:00:00,77.0,8,21,5,56838.271,56948.202,11743.741999999991,2601.4672499999942
2019-08-03 22:00:00,73.9,8,22,5,53181.262,53816.182,10560.916750000004,2449.3760624999995
2019-08-03 23:00:00,73.0,8,23,5,48775.333,50120.999,8801.003499999992,2549.946250000001
2019-08-04 00:00:00,71.1,8,0,6,45014.614,46556.013,6437.476750000002,2230.999187499998
2019-08-04 01:00:00,66.9,8,1,6,42314.099,43791.437,5747.0922500000015,2028.2922499999984
2019-08-04 02:00:00,66.0,8,2,6,40461.634,41658.131,5217.019999999997,1658.9726250000022
2019-08-04 03:00:00,64.0,8,3,6,39469.422,40206.227,5147.658499999998,1313.2949375000026
2019-08-04 04:00:00,63.0,8,4,6,39323.536,39312.399,5458.294499999996,825.0439999999944
2019-08-04 05:00:00,63.0,8,5,6,40384.351,38962.219,6416.760000000002,0.0
2019-08-04 06:00:00,61.0,8,6,6,42169.623,38957.689,7711.443249999997,0.0
2019-08-04 07:00:00,61.0,8,7,6,44485.694,39921.602,9471.865000000003,0.0
2019-08-04 08:00:00,64.9,8,8,6,47458.999,43215.495,10599.122750000002,0.0
2019-08-04 09:00:00,71.1,8,9,6,50591.586,47279.572,11451.94225,0.0
2019-08-04 10:00:00,77.0,8,10,6,53895.088,51704.192,12759.410000000003,243.27931250000256
2019-08-04 11:00:00,81.0,8,11,6,56805.391,55834.495,13961.46775000001,1577.4611250000016
2019-08-04 12:00:00,84.0,8,12,6,59607.903,59240.752,15188.417999999998,2644.068187500001
2019-08-04 13:00:00,86.0,8,13,6,61694.744,61655.21,15900.719749999997,3240.0623125000056
2019-08-04 14:00:00,89.1,8,14,6,63424.044,63489.499,16515.61425,3711.3249375000014
2019-08-04 15:00:00,89.1,8,15,6,64387.137,65012.44,16442.497000000003,4281.562250000003
2019-08-04 16:00:00,87.1,8,16,6,64891.606,66407.441,16180.03125,4900.390312500007
2019-08-04 17:00:00,88.0,8,17,6,64537.672,67087.958,15611.965499999998,5440.204624999999
2019-08-04 18:00:00,84.9,8,18,6,63181.116,66500.662,14918.5585,5680.744499999993
2019-08-04 19:00:00,84.9,8,19,6,60427.538,64486.794,13614.308250000002,5611.280562499996
2019-08-04 20:00:00,82.0,8,20,6,57347.814,61976.996,11005.993499999997,5767.316249999996
2019-08-04 21:00:00,79.0,8,21,6,55346.097,60419.727,10251.567999999992,6072.992249999996
2019-08-04 22:00:00,72.0,8,22,6,51705.475,56946.468,9085.12975,5579.6620625
2019-08-04 23:00:00,71.1,8,23,6,47585.747,52973.437,7611.417499999996,5402.384249999996
2019-08-05 00:00:00,71.1,8,0,0,43869.632,49439.577,5292.494749999998,5114.563187499996
2019-08-05 01:00:00,72.0,8,1,0,41040.046,46479.189,4473.039250000002,4716.044249999999
2019-08-05 02:00:00,70.0,8,2,0,39052.617,44589.371,3808.002999999997,4590.212625
2019-08-05 03:00:00,70.0,8,3,0,37606.949,43403.507,3285.1855,4510.574937500001
2019-08-05 04:00:00,69.1,8,4,0,36896.647,43210.796,3031.405499999993,4723.440999999999
2019-08-05 05:00:00,68.0,8,5,0,36918.873,44356.112,2951.2819999999992,5194.0723125
2019-08-05 06:00:00,68.0,8,6,0,37380.334,46624.449,2922.15425,6312.852124999998
2019-08-05 07:00:00,66.9,8,7,0,38426.477,49687.015,3412.648000000001,7243.601124999994
2019-08-05 08:00:00,70.0,8,8,0,41469.8,52972.026,4609.923750000002,7628.9234375000015
2019-08-05 09:00:00,73.0,8,9,0,44947.574,56578.77,5807.930249999998,8200.398125
2019-08-05 10:00:00,77.0,8,10,0,48605.073,60228.604,7469.394999999997,8767.6913125
2019-08-05 11:00:00,80.1,8,11,0,51761.171,63180.499,8917.24775000001,8923.465125000002
2019-08-05 12:00:00,84.0,8,12,0,54437.346,65594.649,10017.860999999995,8997.965187500005
2019-08-05 13:00:00,84.9,8,13,0,56675.755,67068.283,10881.730749999995,8653.135312500002
2019-08-05 14:00:00,87.1,8,14,0,58368.881,68016.817,11460.451249999998,8238.642937499993
2019-08-05 15:00:00,88.0,8,15,0,60036.673,68385.838,12092.033000000005,7654.960250000004
2019-08-05 16:00:00,89.1,8,16,0,61489.759,68610.733,12778.184249999998,7103.682312499994
2019-08-05 17:00:00,81.0,8,17,0,62040.957,68214.879,13115.250500000002,6567.125625000001
2019-08-05 18:00:00,80.1,8,18,0,61249.185,67998.422,12986.627499999997,7178.504500000003
2019-08-05 19:00:00,82.9,8,19,0,58991.57,66150.97,12178.34025,7275.456562499996
2019-08-05 20:00:00,81.0,8,20,0,55893.623,63570.111,9551.802499999998,7360.431249999994
2019-08-05 21:00:00,79.0,8,21,0,53965.909,61507.146,8871.37999999999,7160.411249999997
2019-08-05 22:00:00,78.1,8,22,0,50620.199,57310.0,7999.853750000002,5943.194062499999
2019-08-05 23:00:00,78.1,8,23,0,46753.363,52689.229,6779.03349999999,5118.176249999997
2019-08-06 00:00:00,75.0,8,0,1,43252.014,48818.034,4674.876750000003,4493.020187499998
2019-08-06 01:00:00,73.9,8,1,1,40588.31,45877.408,4021.303249999997,4114.263250000004
2019-08-06 02:00:00,73.0,8,2,1,38715.684,43779.599,3471.07,3780.440625000003
2019-08-06 03:00:00,70.0,8,3,1,37455.709,42657.492,3133.9455000000016,3764.559937500002
2019-08-06 04:00:00,70.0,8,4,1,36524.962,42479.829,2659.720499999996,3992.473999999994
2019-08-06 05:00:00,69.1,8,5,1,36252.596,43574.687,2285.0049999999974,4412.6473124999975
2019-08-06 06:00:00,69.1,8,6,1,36209.88,46034.858,1751.7002499999944,5723.261124999997
2019-08-06 07:00:00,68.0,8,7,1,36937.149,48401.874,1923.32,5958.460124999998
2019-08-06 08:00:00,71.1,8,8,1,39634.219,51277.227,2774.342749999996,5934.124437500002
2019-08-06 09:00:00,73.9,8,9,1,43251.188,53942.309,4111.544249999999,5563.937125000004
2019-08-06 10:00:00,77.0,8,10,1,47234.816,56556.439,6099.137999999999,5095.526312499998
2019-08-06 11:00:00,81.0,8,11,1,51053.026,59191.792,8209.102750000005,4934.758125
2019-08-06 12:00:00,82.9,8,12,1,54485.832,61482.189,10066.347000000002,4885.505187499999
2019-08-06 13:00:00,86.0,8,13,1,57113.585,63475.898,11319.560749999995,5060.750312500008
2019-08-06 14:00:00,84.9,8,14,1,59373.68,65052.742,12465.250249999996,5274.567937499996
2019-08-06 15:00:00,84.9,8,15,1,61217.281,65274.253,13272.641000000003,4543.375249999997
2019-08-06 16:00:00,86.0,8,16,1,62668.423,64991.596,13956.848250000005,3484.5453124999985
2019-08-06 17:00:00,73.0,8,17,1,63530.838,64283.168,14605.131500000003,2635.4146249999976
2019-08-06 18:00:00,75.0,8,18,1,62874.314,63214.633,14611.756499999996,2394.7154999999984
2019-08-06 19:00:00,80.1,8,19,1,60850.225,60749.471,14036.99525,1873.9575624999925
2019-08-06 20:00:00,73.9,8,20,1,58441.69,58347.649,12099.8695,2137.969249999994
2019-08-06 21:00:00,73.0,8,21,1,56809.795,56473.706,11715.265999999989,2126.971249999995
2019-08-06 22:00:00,72.0,8,22,1,53365.708,53098.852,10745.36275,1732.0460624999978
2019-08-06 23:00:00,71.1,8,23,1,49365.667,49078.709,9391.337499999994,1507.65625
2019-08-07 00:00:00,70.0,8,0,2,45789.808,45307.533,7212.670749999997,982.519187500002
2019-08-07 01:00:00,69.1,8,1,2,43258.145,42697.239,6691.138249999996,934.094250000002
2019-08-07 02:00:00,69.1,8,2,2,41385.498,41076.022,6140.883999999998,1076.863624999998
2019-08-07 03:00:00,69.1,8,3,2,40217.733,40134.521,5895.969499999999,1241.5889375000042
2019-08-07 04:00:00,68.0,8,4,2,40301.981,40059.63,6436.739499999996,1572.2749999999942
2019-08-07 05:00:00,68.0,8,5,2,41674.439,41215.221,7706.847999999998,2053.181312499997
2019-08-07 06:00:00,68.0,8,6,2,44057.769,43198.747,9599.589249999995,2887.150125
2019-08-07 07:00:00,68.0,8,7,2,46748.886,45569.775,11735.057,3126.361124999996
2019-08-07 08:00:00,69.1,8,8,2,50218.019,48432.229,13358.14275,3089.126437500003
2019-08-07 09:00:00,71.1,8,9,2,54060.268,51073.321,14920.624249999992,2694.9491250000065
2019-08-07 10:00:00,73.9,8,10,2,58200.835,53888.897,17065.157,2427.984312499997
2019-08-07 11:00:00,75.9,8,11,2,62079.972,56753.995,19236.04875000001,2496.9611250000016
2019-08-07 12:00:00,78.1,8,12,2,65330.452,59211.822,20910.967,2615.1381875000006
2019-08-07 13:00:00,79.0,8,13,2,67957.417,61320.026,22163.39275,2904.8783125000045
2019-08-07 14:00:00,81.0,8,14,2,69704.239,62849.447,22795.80925,3071.272937499998
2019-08-07 15:00:00,81.0,8,15,2,70630.876,63735.329,22686.236000000004,3004.4512499999983
2019-08-07 16:00:00,82.0,8,16,2,71038.881,64343.809,22327.30625,2836.758312500002
2019-08-07 17:00:00,81.0,8,17,2,70984.618,64015.324,22058.9115,2367.5706250000003
2019-08-07 18:00:00,84.0,8,18,2,69948.713,62847.286,21686.1555,2027.3684999999969
2019-08-07 19:00:00,84.0,8,19,2,67831.593,60515.286,21018.363249999995,1639.7725624999948
2019-08-07 20:00:00,82.0,8,20,2,65098.94,57808.804,18757.1195,1599.1242499999937
2019-08-07 21:00:00,80.1,8,21,2,62885.968,56014.146,17791.43899999999,1667.4112499999974
2019-08-07 22:00:00,75.9,8,22,2,58531.073,52497.1,15910.727749999998,1130.2940624999974
2019-08-07 23:00:00,73.0,8,23,2,53776.875,48218.81,13802.545499999993,647.7572499999951
2019-08-08 00:00:00,73.0,8,0,3,49689.038,44583.238,11111.90075,6006.100749999998
2019-08-08 01:00:00,68.0,8,1,3,46376.102,41854.417,9809.095249999998,5287.410250000001
2019-08-08 02:00:00,69.1,8,2,3,44153.287,40097.332,8908.672999999995,4852.718000000001
2019-08-08 03:00:00,66.0,8,3,3,42779.564,39106.831,8457.800499999998,4785.067499999997
2019-08-08 04:00:00,66.9,8,4,3,42512.166,38929.462,8646.924499999994,5064.220499999996
2019-08-08 05:00:00,66.0,8,5,3,43618.421,40273.831,9650.830000000002,6306.239999999998
2019-08-08 06:00:00,64.9,8,6,3,45973.757,42501.619,11515.577249999997,8043.439249999996
2019-08-08 07:00:00,64.9,8,7,3,48343.328,44727.377,13329.499000000003,9713.548000000004
2019-08-08 08:00:00,66.9,8,8,3,51360.553,47700.565,14500.67675,10840.68875
2019-08-08 09:00:00,71.1,8,9,3,54760.301,50560.159,15620.657249999997,11420.515249999997
2019-08-08 10:00:00,78.1,8,10,3,58310.606,53798.738,17174.928,12663.059999999998
2019-08-08 11:00:00,82.0,8,11,3,61296.565,56587.465,18452.64175000001,13743.541750000004
2019-08-08 12:00:00,84.9,8,12,3,63364.007,59138.031,18944.522,14718.546000000002
2019-08-08 13:00:00,84.0,8,13,3,64888.871,61657.725,19094.84675,15863.700749999996
2019-08-08 14:00:00,86.0,8,14,3,65827.378,63359.244,18918.94825,16450.814249999996
2019-08-08 15:00:00,79.0,8,15,3,66529.307,64475.385,18584.667,16530.745000000003
2019-08-08 16:00:00,87.1,8,16,3,66315.503,65073.704,17603.928249999997,16362.129249999998
2019-08-08 17:00:00,87.1,8,17,3,65948.159,65081.811,17022.4525,16156.1045
2019-08-08 18:00:00,88.0,8,18,3,64830.358,63948.077,16567.800499999998,15685.519499999997
2019-08-08 19:00:00,84.0,8,19,3,62745.208,61715.227,15931.97825,14901.99725
2019-08-08 20:00:00,80.1,8,20,3,60257.639,58862.017,13915.8185,12520.196499999998
2019-08-08 21:00:00,75.9,8,21,3,58428.921,56838.271,13334.391999999993,11743.741999999991
2019-08-08 22:00:00,75.9,8,22,3,54711.46,53181.262,12091.11475,10560.916750000004
2019-08-08 23:00:00,73.0,8,23,3,50525.156,48775.333,10550.826499999996,8801.003499999992
2019-08-09 00:00:00,73.0,8,0,4,46921.671,45014.614,8344.533750000002,6437.476750000002
2019-08-09 01:00:00,71.1,8,1,4,44165.874,42314.099,7598.867250000003,5747.0922500000015
2019-08-09 02:00:00,69.1,8,2,4,42301.438,40461.634,7056.8240000000005,5217.019999999997
2019-08-09 03:00:00,68.0,8,3,4,41033.309,39469.422,6711.5455,5147.658499999998
2019-08-09 04:00:00,66.9,8,4,4,40861.35,39323.536,6996.108499999995,5458.294499999996
2019-08-09 05:00:00,66.0,8,5,4,42113.422,40384.351,8145.830999999998,6416.760000000002
2019-08-09 06:00:00,66.0,8,6,4,44478.908,42169.623,10020.72825,7711.443249999997
2019-08-09 07:00:00,64.9,8,7,4,46652.002,44485.694,11638.173000000004,9471.865000000003
2019-08-09 08:00:00,66.9,8,8,4,49333.215,47458.999,12473.338749999995,10599.122750000002
2019-08-09 09:00:00,70.0,8,9,4,52124.649,50591.586,12985.005249999997,11451.94225
2019-08-09 10:00:00,73.0,8,10,4,55056.918,53895.088,13921.239999999998,12759.410000000003
2019-08-09 11:00:00,75.0,8,11,4,57785.92,56805.391,14941.996750000006,13961.46775000001
2019-08-09 12:00:00,78.1,8,12,4,60427.484,59607.903,16007.998999999996,15188.417999999998
2019-08-09 13:00:00,79.0,8,13,4,62650.593,61694.744,16856.56875,15900.719749999997
2019-08-09 14:00:00,80.1,8,14,4,64067.348,63424.044,17158.918249999995,16515.61425
2019-08-09 15:00:00,82.0,8,15,4,64942.733,64387.137,16998.093,16442.497000000003
2019-08-09 16:00:00,82.9,8,16,4,66110.192,64891.606,17398.617249999996,16180.03125
2019-08-09 17:00:00,82.0,8,17,4,66722.706,64537.672,17796.999500000005,15611.965499999998
2019-08-09 18:00:00,82.9,8,18,4,65978.782,63181.116,17716.224500000004,14918.5585
2019-08-09 19:00:00,81.0,8,19,4,63873.965,60427.538,17060.735249999998,13614.308250000002
2019-08-09 20:00:00,79.0,8,20,4,61211.961,57347.814,14870.1405,11005.993499999997
2019-08-09 21:00:00,73.0,8,21,4,59306.885,55346.097,14212.355999999992,10251.567999999992
2019-08-09 22:00:00,71.1,8,22,4,55239.488,51705.475,12619.14275,9085.12975
2019-08-09 23:00:00,70.0,8,23,4,50944.972,47585.747,10970.642499999994,7611.417499999996
2019-08-10 00:00:00,68.0,8,0,5,46763.308,43869.632,8186.170749999997,5292.494749999998
2019-08-10 01:00:00,66.9,8,1,5,44639.369,41040.046,8072.362249999998,4473.039250000002
2019-08-10 02:00:00,64.9,8,2,5,42312.859,39052.617,7068.244999999995,3808.002999999997
2019-08-10 03:00:00,63.0,8,3,5,41183.741,37606.949,6861.977500000001,3285.1855
2019-08-10 04:00:00,63.0,8,4,5,40935.576,36896.647,7070.334499999997,3031.405499999993
2019-08-10 05:00:00,61.0,8,5,5,42123.182,36918.873,8155.591,2951.2819999999992
2019-08-10 06:00:00,60.1,8,6,5,44469.871,37380.334,10011.691249999996,2922.15425
2019-08-10 07:00:00,60.1,8,7,5,46819.426,38426.477,11805.597000000002,3412.648000000001
2019-08-10 08:00:00,61.0,8,8,5,50205.665,41469.8,13345.78875,4609.923750000002
2019-08-10 09:00:00,64.0,8,9,5,53650.585,44947.574,14510.941249999996,5807.930249999998
2019-08-10 10:00:00,69.1,8,10,5,57193.986,48605.073,16058.307999999995,7469.394999999997
2019-08-10 11:00:00,73.0,8,11,5,60336.714,51761.171,17492.790750000007,8917.24775000001
2019-08-10 12:00:00,78.1,8,12,5,62834.747,54437.346,18415.262,10017.860999999995
2019-08-10 13:00:00,80.1,8,13,5,65084.632,56675.755,19290.60775,10881.730749999995
2019-08-10 14:00:00,81.0,8,14,5,66396.274,58368.881,19487.84425,11460.451249999998
2019-08-10 15:00:00,82.0,8,15,5,67467.678,60036.673,19523.038,12092.033000000005
2019-08-10 16:00:00,82.9,8,16,5,68161.039,61489.759,19449.464250000005,12778.184249999998
2019-08-10 17:00:00,82.0,8,17,5,67862.732,62040.957,18937.025500000003,13115.250500000002
2019-08-10 18:00:00,81.0,8,18,5,66229.54,61249.185,17966.98249999999,12986.627499999997
2019-08-10 19:00:00,79.0,8,19,5,63443.295,58991.57,16630.06525,12178.34025
2019-08-10 20:00:00,77.0,8,20,5,60537.564,55893.623,14195.743499999997,9551.802499999998
2019-08-10 21:00:00,73.0,8,21,5,58347.493,53965.909,13252.963999999993,8871.37999999999
2019-08-10 22:00:00,70.0,8,22,5,54212.979,50620.199,11592.63375,7999.853750000002
2019-08-10 23:00:00,68.0,8,23,5,49698.535,46753.363,9724.205499999996,6779.03349999999
2019-08-11 00:00:00,66.9,8,0,6,46153.211,43252.014,7576.073750000003,4674.876750000003
2019-08-11 01:00:00,66.0,8,1,6,43138.836,40588.31,6571.8292500000025,4021.303249999997
2019-08-11 02:00:00,64.9,8,2,6,41197.975,38715.684,5953.360999999997,3471.07
2019-08-11 03:00:00,62.1,8,3,6,40030.994,37455.709,5709.230499999998,3133.9455000000016
2019-08-11 04:00:00,61.0,8,4,6,39794.608,36524.962,5929.366499999996,2659.720499999996
2019-08-11 05:00:00,61.0,8,5,6,40744.565,36252.596,6776.974000000002,2285.0049999999974
2019-08-11 06:00:00,59.0,8,6,6,43006.149,36209.88,8547.969249999995,1751.7002499999944
2019-08-11 07:00:00,57.9,8,7,6,45160.555,36937.149,10146.726000000002,1923.32
2019-08-11 08:00:00,63.0,8,8,6,47935.55,39634.219,11075.673750000002,2774.342749999996
2019-08-11 09:00:00,68.0,8,9,6,50804.637,43251.188,11664.99325,4111.544249999999
2019-08-11 10:00:00,72.0,8,10,6,53630.687,47234.816,12495.008999999998,6099.137999999999
2019-08-11 11:00:00,75.0,8,11,6,55758.659,51053.026,12914.735750000007,8209.102750000005
2019-08-11 12:00:00,78.1,8,12,6,57821.054,54485.832,13401.568999999996,10066.347000000002
2019-08-11 13:00:00,80.1,8,13,6,59635.823,57113.585,13841.798749999994,11319.560749999995
2019-08-11 14:00:00,82.0,8,14,6,60859.913,59373.68,13951.483249999996,12465.250249999996
2019-08-11 15:00:00,82.0,8,15,6,61929.993,61217.281,13985.353000000005,13272.641000000003
2019-08-11 16:00:00,82.9,8,16,6,62627.648,62668.423,13916.07325,13956.848250000005
2019-08-11 17:00:00,84.0,8,17,6,62465.715,63530.838,13540.008499999996,14605.131500000003
2019-08-11 18:00:00,82.9,8,18,6,61218.836,62874.314,12956.2785,14611.756499999996
2019-08-11 19:00:00,82.0,8,19,6,58605.23,60850.225,11792.000250000005,14036.99525
2019-08-11 20:00:00,80.1,8,20,6,55584.696,58441.69,9242.875500000002,12099.8695
2019-08-11 21:00:00,78.1,8,21,6,53505.088,56809.795,8410.558999999994,11715.265999999989
2019-08-11 22:00:00,75.0,8,22,6,49821.876,53365.708,7201.530749999998,10745.36275
2019-08-11 23:00:00,73.9,8,23,6,45790.085,49365.667,5815.755499999992,9391.337499999994
2019-08-12 00:00:00,72.0,8,0,0,42300.06,45789.808,3722.922749999998,7212.670749999997
2019-08-12 01:00:00,71.1,8,1,0,39550.496,43258.145,2983.4892499999987,6691.138249999996
2019-08-12 02:00:00,69.1,8,2,0,37813.566,41385.498,2568.951999999997,6140.883999999998
2019-08-12 03:00:00,66.9,8,3,0,36741.067,40217.733,2419.303500000002,5895.969499999999
2019-08-12 04:00:00,68.0,8,4,0,36169.147,40301.981,2303.905499999993,6436.739499999996
2019-08-12 05:00:00,64.9,8,5,0,36181.036,41674.439,2213.445,7706.847999999998
2019-08-12 06:00:00,66.0,8,6,0,36727.859,44057.769,2269.6792499999938,9599.589249999995
2019-08-12 07:00:00,66.9,8,7,0,37697.633,46748.886,2683.804000000004,11735.057
2019-08-12 08:00:00,68.0,8,8,0,39927.216,50218.019,3067.339749999999,13358.14275
2019-08-12 09:00:00,72.0,8,9,0,42757.773,54060.268,3618.129249999998,14920.624249999992
2019-08-12 10:00:00,75.9,8,10,0,45490.394,58200.835,4354.716,17065.157
2019-08-12 11:00:00,79.0,8,11,0,47913.906,62079.972,5069.98275000001,19236.04875000001
2019-08-12 12:00:00,82.0,8,12,0,50213.428,65330.452,5793.942999999999,20910.967
2019-08-12 13:00:00,84.0,8,13,0,52201.969,67957.417,6407.944749999995,22163.39275
2019-08-12 14:00:00,84.9,8,14,0,53736.295,69704.239,6827.865249999995,22795.80925
2019-08-12 15:00:00,84.9,8,15,0,55402.01,70630.876,7457.370000000003,22686.236000000004
2019-08-12 16:00:00,84.0,8,16,0,56826.011,71038.881,8114.436249999999,22327.30625
2019-08-12 17:00:00,84.0,8,17,0,57342.18,70984.618,8416.4735,22058.9115
2019-08-12 18:00:00,82.9,8,18,0,56444.544,69948.713,8181.986499999999,21686.1555
2019-08-12 19:00:00,82.0,8,19,0,54168.129,67831.593,7354.899250000002,21018.363249999995
2019-08-12 20:00:00,82.0,8,20,0,51618.814,65098.94,5276.993499999997,18757.1195
2019-08-12 21:00:00,81.0,8,21,0,50089.837,62885.968,4995.30799999999,17791.43899999999
2019-08-12 22:00:00,80.1,8,22,0,47146.988,58531.073,4526.642749999999,15910.727749999998
2019-08-12 23:00:00,79.0,8,23,0,43768.437,53776.875,3794.107499999991,13802.545499999993
2019-08-13 00:00:00,78.1,8,0,1,40501.627,49689.038,1924.4897500000009,11111.90075
2019-08-13 01:00:00,77.0,8,1,1,38271.27,46376.102,1704.2632499999963,9809.095249999998
2019-08-13 02:00:00,77.0,8,2,1,36543.91,44153.287,1299.296000000002,8908.672999999995
2019-08-13 03:00:00,75.9,8,3,1,35333.52,42779.564,1011.756499999996,8457.800499999998
2019-08-13 04:00:00,75.0,8,4,1,34817.4,42512.166,952.1584999999976,8646.924499999994
2019-08-13 05:00:00,73.0,8,5,1,34682.806,43618.421,715.2149999999965,9650.830000000002
2019-08-13 06:00:00,72.0,8,6,1,34736.489,45973.757,278.3092499999984,11515.577249999997
2019-08-13 07:00:00,71.1,8,7,1,35208.405,48343.328,194.57600000000093,13329.499000000003
2019-08-13 08:00:00,71.1,8,8,1,37517.883,51360.553,658.0067500000005,14500.67675
2019-08-13 09:00:00,72.0,8,9,1,40099.22,54760.301,959.5762499999984,15620.657249999997
2019-08-13 10:00:00,73.0,8,10,1,43169.799,58310.606,2034.1209999999992,17174.928
2019-08-13 11:00:00,75.0,8,11,1,46205.57,61296.565,3361.646750000007,18452.64175000001
2019-08-13 12:00:00,77.0,8,12,1,49116.984,63364.007,4697.498999999996,18944.522
2019-08-13 13:00:00,78.1,8,13,1,51715.396,64888.871,5921.371749999998,19094.84675
2019-08-13 14:00:00,78.1,8,14,1,53945.324,65827.378,7036.894249999998,18918.94825
2019-08-13 15:00:00,78.1,8,15,1,55663.631,66529.307,7718.991000000002,18584.667
2019-08-13 16:00:00,81.0,8,16,1,56888.88,66315.503,8177.305249999998,17603.928249999997
2019-08-13 17:00:00,82.9,8,17,1,57497.588,65948.159,8571.881500000003,17022.4525
2019-08-13 18:00:00,80.1,8,18,1,56918.547,64830.358,8655.989499999996,16567.800499999998
2019-08-13 19:00:00,82.9,8,19,1,55488.036,62745.208,8674.806250000001,15931.97825
2019-08-13 20:00:00,79.0,8,20,1,54131.917,60257.639,7790.0965,13915.8185
2019-08-13 21:00:00,75.9,8,21,1,53116.11,58428.921,8021.580999999991,13334.391999999993
2019-08-13 22:00:00,75.9,8,22,1,50023.145,54711.46,7402.799749999998,12091.11475
2019-08-13 23:00:00,75.0,8,23,1,46738.94,50525.156,6764.610499999995,10550.826499999996
2019-08-14 00:00:00,73.9,8,0,2,43617.423,46921.671,5040.285750000003,8344.533750000002
2019-08-14 01:00:00,72.0,8,1,2,41328.487,44165.874,4761.4802500000005,7598.867250000003
2019-08-14 02:00:00,72.0,8,2,2,39940.554,42301.438,4695.939999999995,7056.8240000000005
2019-08-14 03:00:00,71.1,8,3,2,39142.6,41033.309,4820.836499999998,6711.5455
2019-08-14 04:00:00,70.0,8,4,2,39283.525,40861.35,5418.283499999998,6996.108499999995
2019-08-14 05:00:00,69.1,8,5,2,40818.344,42113.422,6850.752999999997,8145.830999999998
2019-08-14 06:00:00,68.0,8,6,2,43578.811,44478.908,9120.63125,10020.72825
2019-08-14 07:00:00,68.0,8,7,2,46146.384,46652.002,11132.555,11638.173000000004
2019-08-14 08:00:00,70.0,8,8,2,49182.502,49333.215,12322.62575,12473.338749999995
2019-08-14 09:00:00,71.1,8,9,2,52020.156,52124.649,12880.51225,12985.005249999997
2019-08-14 10:00:00,75.9,8,10,2,55246.115,55056.918,14110.436999999998,13921.239999999998
2019-08-14 11:00:00,80.1,8,11,2,58074.914,57785.92,15230.990750000004,14941.996750000006
2019-08-14 12:00:00,81.0,8,12,2,60853.252,60427.484,16433.767,16007.998999999996
2019-08-14 13:00:00,84.0,8,13,2,62907.731,62650.593,17113.706749999998,16856.56875
2019-08-14 14:00:00,84.9,8,14,2,64001.651,64067.348,17093.221249999995,17158.918249999995
2019-08-14 15:00:00,84.0,8,15,2,64313.306,64942.733,16368.665999999996,16998.093
2019-08-14 16:00:00,84.0,8,16,2,64240.933,66110.192,15529.358249999996,17398.617249999996
2019-08-14 17:00:00,81.0,8,17,2,63744.185,66722.706,14818.478499999996,17796.999500000005
2019-08-14 18:00:00,75.9,8,18,2,62732.663,65978.782,14470.105499999998,17716.224500000004
2019-08-14 19:00:00,77.0,8,19,2,61220.424,63873.965,14407.19425,17060.735249999998
2019-08-14 20:00:00,75.0,8,20,2,60180.298,61211.961,13838.4775,14870.1405
2019-08-14 21:00:00,73.9,8,21,2,58348.417,59306.885,13253.887999999992,14212.355999999992
2019-08-14 22:00:00,73.0,8,22,2,54937.422,55239.488,12317.07675,12619.14275
2019-08-14 23:00:00,72.0,8,23,2,50848.519,50944.972,10874.189499999991,10970.642499999994
2019-08-15 00:00:00,71.1,8,0,3,47581.704,46763.308,9004.566749999998,8186.170749999997
2019-08-15 01:00:00,69.1,8,1,3,45105.171,44639.369,8538.164250000002,8072.362249999998
2019-08-15 02:00:00,69.1,8,2,3,43506.91,42312.859,8262.296000000002,7068.244999999995
2019-08-15 03:00:00,69.1,8,3,3,42466.099,41183.741,8144.335500000001,6861.977500000001
2019-08-15 04:00:00,66.9,8,4,3,42628.283,40935.576,8763.0415,7070.334499999997
2019-08-15 05:00:00,66.9,8,5,3,44069.411,42123.182,10101.82,8155.591
2019-08-15 06:00:00,66.9,8,6,3,47009.161,44469.871,12550.981249999995,10011.691249999996
2019-08-15 07:00:00,66.9,8,7,3,49452.695,46819.426,14438.866000000002,11805.597000000002
2019-08-15 08:00:00,69.1,8,8,3,51550.714,50205.665,14690.83775,13345.78875
2019-08-15 09:00:00,73.0,8,9,3,53472.014,53650.585,14332.37025,14510.941249999996
2019-08-15 10:00:00,75.9,8,10,3,55547.514,57193.986,14411.836000000005,16058.307999999995
2019-08-15 11:00:00,79.0,8,11,3,57365.246,60336.714,14521.322750000008,17492.790750000007
2019-08-15 12:00:00,82.0,8,12,3,59132.351,62834.747,14712.866000000002,18415.262
2019-08-15 13:00:00,82.9,8,13,3,60826.007,65084.632,15031.982749999996,19290.60775
2019-08-15 14:00:00,84.0,8,14,3,62166.422,66396.274,15257.992249999996,19487.84425
2019-08-15 15:00:00,84.9,8,15,3,62593.907,67467.678,14649.267,19523.038
2019-08-15 16:00:00,84.9,8,16,3,63344.863,68161.039,14633.288249999998,19449.464250000005
2019-08-15 17:00:00,84.9,8,17,3,64089.297,67862.732,15163.590499999998,18937.025500000003
2019-08-15 18:00:00,84.9,8,18,3,63602.573,66229.54,15340.015499999994,17966.98249999999
2019-08-15 19:00:00,84.0,8,19,3,61715.512,63443.295,14902.282250000004,16630.06525
2019-08-15 20:00:00,81.0,8,20,3,59863.288,60537.564,13521.4675,14195.743499999997
2019-08-15 21:00:00,77.0,8,21,3,58296.198,58347.493,13201.668999999987,13252.963999999993
2019-08-15 22:00:00,75.0,8,22,3,54510.247,54212.979,11889.901750000005,11592.63375
2019-08-15 23:00:00,73.9,8,23,3,50343.187,49698.535,10368.857499999993,9724.205499999996
2019-08-16 00:00:00,73.0,8,0,4,46788.355,46153.211,8211.217750000003,7576.073750000003
2019-08-16 01:00:00,71.1,8,1,4,44114.133,43138.836,7547.126250000001,6571.8292500000025
2019-08-16 02:00:00,70.0,8,2,4,42240.644,41197.975,6996.029999999999,5953.360999999997
2019-08-16 03:00:00,66.9,8,3,4,41206.222,40030.994,6884.458500000001,5709.230499999998
2019-08-16 04:00:00,69.1,8,4,4,41064.09,39794.608,7198.848499999993,5929.366499999996
2019-08-16 05:00:00,66.9,8,5,4,42503.795,40744.565,8536.203999999998,6776.974000000002
2019-08-16 06:00:00,66.0,8,6,4,45306.06,43006.149,10847.880249999997,8547.969249999995
2019-08-16 07:00:00,64.0,8,7,4,47601.767,45160.555,12587.938000000002,10146.726000000002
2019-08-16 08:00:00,68.0,8,8,4,50251.737,47935.55,13391.86075,11075.673750000002
2019-08-16 09:00:00,71.1,8,9,4,52987.122,50804.637,13847.47825,11664.99325
2019-08-16 10:00:00,75.0,8,10,4,55760.991,53630.687,14625.313000000002,12495.008999999998
2019-08-16 11:00:00,77.0,8,11,4,58722.924,55758.659,15879.000750000008,12914.735750000007
2019-08-16 12:00:00,79.0,8,12,4,61436.803,57821.054,17017.318,13401.568999999996
2019-08-16 13:00:00,82.0,8,13,4,63855.051,59635.823,18061.02675,13841.798749999994
2019-08-16 14:00:00,82.0,8,14,4,65212.831,60859.913,18304.401249999995,13951.483249999996
2019-08-16 15:00:00,82.9,8,15,4,66046.522,61929.993,18101.882,13985.353000000005
2019-08-16 16:00:00,82.9,8,16,4,66442.068,62627.648,17730.49325,13916.07325
2019-08-16 17:00:00,84.0,8,17,4,66130.634,62465.715,17204.927500000005,13540.008499999996
2019-08-16 18:00:00,84.0,8,18,4,64687.741,61218.836,16425.1835,12956.2785
2019-08-16 19:00:00,82.9,8,19,4,61948.057,58605.23,15134.827250000002,11792.000250000005
2019-08-16 20:00:00,81.0,8,20,4,59799.445,55584.696,13457.624499999998,9242.875500000002
2019-08-16 21:00:00,79.0,8,21,4,57897.381,53505.088,12802.851999999992,8410.558999999994
2019-08-16 22:00:00,77.0,8,22,4,53718.347,49821.876,11098.001750000005,7201.530749999998
2019-08-16 23:00:00,75.9,8,23,4,49277.618,45790.085,9303.288499999995,5815.755499999992
2019-08-17 00:00:00,73.9,8,0,5,45692.545,42300.06,7115.407749999999,3722.922749999998
2019-08-17 01:00:00,72.0,8,1,5,43014.365,39550.496,6447.3582499999975,2983.4892499999987
2019-08-17 02:00:00,72.0,8,2,5,41230.43,37813.566,5985.815999999999,2568.951999999997
2019-08-17 03:00:00,70.0,8,3,5,40270.826,36741.067,5949.0625,2419.303500000002
2019-08-17 04:00:00,68.0,8,4,5,40076.952,36169.147,6211.710499999994,2303.905499999993
2019-08-17 05:00:00,66.9,8,5,5,41387.227,36181.036,7419.635999999999,2213.445
2019-08-17 06:00:00,69.1,8,6,5,44135.768,36727.859,9677.588249999992,2269.6792499999938
2019-08-17 07:00:00,68.0,8,7,5,46263.94,37697.633,11250.111000000004,2683.804000000004
2019-08-17 08:00:00,70.0,8,8,5,48870.826,39927.216,12010.94975,3067.339749999999
2019-08-17 09:00:00,73.0,8,9,5,51942.628,42757.773,12802.984249999994,3618.129249999998
2019-08-17 10:00:00,78.1,8,10,5,55188.594,45490.394,14052.915999999996,4354.716
2019-08-17 11:00:00,81.0,8,11,5,58077.552,47913.906,15233.62875000001,5069.98275000001
2019-08-17 12:00:00,82.9,8,12,5,60625.76,50213.428,16206.275,5793.942999999999
2019-08-17 13:00:00,84.0,8,13,5,62693.443,52201.969,16899.418749999997,6407.944749999995
2019-08-17 14:00:00,84.9,8,14,5,63649.074,53736.295,16740.644249999998,6827.865249999995
2019-08-17 15:00:00,90.0,8,15,5,64178.954,55402.01,16234.313999999998,7457.370000000003
2019-08-17 16:00:00,87.1,8,16,5,64512.676,56826.011,15801.10125,8114.436249999999
2019-08-17 17:00:00,84.9,8,17,5,64203.695,57342.18,15277.9885,8416.4735
2019-08-17 18:00:00,84.9,8,18,5,63048.492,56444.544,14785.934499999996,8181.986499999999
2019-08-17 19:00:00,84.0,8,19,5,60553.898,54168.129,13740.668250000002,7354.899250000002
2019-08-17 20:00:00,82.9,8,20,5,58299.954,51618.814,11958.133499999996,5276.993499999997
2019-08-17 21:00:00,81.0,8,21,5,56572.845,50089.837,11478.315999999992,4995.30799999999
2019-08-17 22:00:00,78.1,8,22,5,52795.025,47146.988,10174.679750000005,4526.642749999999
2019-08-17 23:00:00,78.1,8,23,5,48407.584,43768.437,8433.254499999995,3794.107499999991
2019-08-18 00:00:00,75.9,8,0,6,44900.422,40501.627,6323.284749999999,1924.4897500000009
2019-08-18 01:00:00,75.9,8,1,6,42225.965,38271.27,5658.958249999996,1704.2632499999963
2019-08-18 02:00:00,75.0,8,2,6,40627.718,36543.91,5383.103999999999,1299.296000000002
2019-08-18 03:00:00,73.9,8,3,6,39604.104,35333.52,5282.340499999998,1011.756499999996
2019-08-18 04:00:00,73.9,8,4,6,39496.747,34817.4,5631.505499999999,952.1584999999976
2019-08-18 05:00:00,73.9,8,5,6,40782.244,34682.806,6814.652999999998,715.2149999999965
2019-08-18 06:00:00,73.0,8,6,6,43533.408,34736.489,9075.22825,278.3092499999984
2019-08-18 07:00:00,72.0,8,7,6,45616.625,35208.405,10602.796000000002,194.57600000000093
2019-08-18 08:00:00,73.9,8,8,6,48192.47,37517.883,11332.59375,658.0067500000005
2019-08-18 09:00:00,75.0,8,9,6,50711.105,40099.22,11571.46125,959.5762499999984
2019-08-18 10:00:00,80.1,8,10,6,53202.63,43169.799,12066.951999999996,2034.1209999999992
2019-08-18 11:00:00,82.9,8,11,6,55891.303,46205.57,13047.379750000007,3361.646750000007
2019-08-18 12:00:00,86.0,8,12,6,58237.649,49116.984,13818.163999999995,4697.498999999996
2019-08-18 13:00:00,89.1,8,13,6,60652.001,51715.396,14857.976749999994,5921.371749999998
2019-08-18 14:00:00,91.0,8,14,6,62669.807,53945.324,15761.377249999998,7036.894249999998
2019-08-18 15:00:00,91.0,8,15,6,63692.803,55663.631,15748.163,7718.991000000002
2019-08-18 16:00:00,93.0,8,16,6,64480.241,56888.88,15768.666250000002,8177.305249999998
2019-08-18 17:00:00,91.9,8,17,6,64737.792,57497.588,15812.0855,8571.881500000003
2019-08-18 18:00:00,91.0,8,18,6,63554.285,56918.547,15291.7275,8655.989499999996
2019-08-18 19:00:00,89.1,8,19,6,60932.637,55488.036,14119.407250000004,8674.806250000001
2019-08-18 20:00:00,87.1,8,20,6,58803.162,54131.917,12461.341499999997,7790.0965
2019-08-18 21:00:00,84.9,8,21,6,56849.968,53116.11,11755.438999999991,8021.580999999991
2019-08-18 22:00:00,82.9,8,22,6,53104.131,50023.145,10483.785750000005,7402.799749999998
2019-08-18 23:00:00,82.9,8,23,6,48857.183,46738.94,8882.85349999999,6764.610499999995
2019-08-19 00:00:00,77.0,8,0,0,45084.692,43617.423,6507.554750000003,5040.285750000003
2019-08-19 01:00:00,69.1,8,1,0,42364.912,41328.487,5797.905249999996,4761.4802500000005
2019-08-19 02:00:00,68.0,8,2,0,40442.791,39940.554,5198.176999999996,4695.939999999995
2019-08-19 03:00:00,68.0,8,3,0,39084.392,39142.6,4762.628499999999,4820.836499999998
2019-08-19 04:00:00,68.0,8,4,0,38518.363,39283.525,4653.121499999994,5418.283499999998
2019-08-19 05:00:00,66.9,8,5,0,38620.726,40818.344,4653.135000000002,6850.752999999997
2019-08-19 06:00:00,66.0,8,6,0,39174.684,43578.811,4716.504249999998,9120.63125
2019-08-19 07:00:00,66.9,8,7,0,40453.722,46146.384,5439.893000000004,11132.555
2019-08-19 08:00:00,68.0,8,8,0,43452.07,49182.502,6592.193749999999,12322.62575
2019-08-19 09:00:00,72.0,8,9,0,46987.81,52020.156,7848.166249999995,12880.51225
2019-08-19 10:00:00,75.0,8,10,0,50528.888,55246.115,9393.21,14110.436999999998
2019-08-19 11:00:00,78.1,8,11,0,53644.362,58074.914,10800.438750000008,15230.990750000004
2019-08-19 12:00:00,80.1,8,12,0,56104.187,60853.252,11684.701999999996,16433.767
2019-08-19 13:00:00,82.0,8,13,0,57836.244,62907.731,12042.219749999997,17113.706749999998
2019-08-19 14:00:00,86.0,8,14,0,59008.095,64001.651,12099.665249999998,17093.221249999995
2019-08-19 15:00:00,87.1,8,15,0,58966.518,64313.306,11021.877999999995,16368.665999999996
2019-08-19 16:00:00,87.1,8,16,0,59432.802,64240.933,10721.227250000004,15529.358249999996
2019-08-19 17:00:00,87.1,8,17,0,59483.169,63744.185,10557.4625,14818.478499999996
2019-08-19 18:00:00,89.1,8,18,0,58517.177,62732.663,10254.6195,14470.105499999998
2019-08-19 19:00:00,86.0,8,19,0,56807.926,61220.424,9994.69625,14407.19425
2019-08-19 20:00:00,82.9,8,20,0,55532.87,60180.298,9191.0495,13838.4775
2019-08-19 21:00:00,80.1,8,21,0,54432.826,58348.417,9338.296999999991,13253.887999999992
2019-08-19 22:00:00,79.0,8,22,0,51288.871,54937.422,8668.52575,12317.07675
2019-08-19 23:00:00,79.0,8,23,0,47859.957,50848.519,7885.627499999995,10874.189499999991
2019-08-20 00:00:00,77.0,8,0,1,44622.333,47581.704,6045.195749999999,9004.566749999998
2019-08-20 01:00:00,75.9,8,1,1,42215.425,45105.171,5648.418250000002,8538.164250000002
2019-08-20 02:00:00,77.0,8,2,1,40480.942,43506.91,5236.328000000001,8262.296000000002
2019-08-20 03:00:00,75.0,8,3,1,39245.821,42466.099,4924.057500000003,8144.335500000001
2019-08-20 04:00:00,73.0,8,4,1,38471.372,42628.283,4606.130499999999,8763.0415
2019-08-20 05:00:00,71.1,8,5,1,38443.104,44069.411,4475.512999999999,10101.82
2019-08-20 06:00:00,71.1,8,6,1,38649.031,47009.161,4190.85125,12550.981249999995
2019-08-20 07:00:00,71.1,8,7,1,39278.212,49452.695,4264.383000000002,14438.866000000002
2019-08-20 08:00:00,72.0,8,8,1,42255.827,51550.714,5395.950749999996,14690.83775
2019-08-20 09:00:00,77.0,8,9,1,45769.7,53472.014,6630.056249999994,14332.37025
2019-08-20 10:00:00,80.1,8,10,1,49341.44,55547.514,8205.762000000002,14411.836000000005
2019-08-20 11:00:00,84.0,8,11,1,52979.881,57365.246,10135.957750000009,14521.322750000008
2019-08-20 12:00:00,86.0,8,12,1,56183.243,59132.351,11763.758000000002,14712.866000000002
2019-08-20 13:00:00,87.1,8,13,1,59215.482,60826.007,13421.45775,15031.982749999996
2019-08-20 14:00:00,89.1,8,14,1,61546.235,62166.422,14637.805249999998,15257.992249999996
2019-08-20 15:00:00,91.0,8,15,1,63088.904,62593.907,15144.264000000005,14649.267
2019-08-20 16:00:00,89.1,8,16,1,63905.298,63344.863,15193.723250000005,14633.288249999998
2019-08-20 17:00:00,79.0,8,17,1,64349.242,64089.297,15423.535499999998,15163.590499999998
2019-08-20 18:00:00,84.0,8,18,1,63646.25,63602.573,15383.692499999996,15340.015499999994
2019-08-20 19:00:00,82.9,8,19,1,61686.936,61715.512,14873.706250000005,14902.282250000004
2019-08-20 20:00:00,82.0,8,20,1,59860.626,59863.288,13518.805499999997,13521.4675
2019-08-20 21:00:00,79.0,8,21,1,57963.283,58296.198,12868.753999999994,13201.668999999987
2019-08-20 22:00:00,78.1,8,22,1,54266.112,54510.247,11645.766750000004,11889.901750000005
2019-08-20 23:00:00,75.0,8,23,1,50297.102,50343.187,10322.772499999992,10368.857499999993
2019-08-21 00:00:00,73.0,8,0,2,46510.264,46788.355,7933.126750000003,8211.217750000003
2019-08-21 01:00:00,72.0,8,1,2,43781.656,44114.133,7214.649250000002,7547.126250000001
2019-08-21 02:00:00,72.0,8,2,2,41984.436,42240.644,6739.822,6996.029999999999
2019-08-21 03:00:00,71.1,8,3,2,40861.824,41206.222,6540.0605,6884.458500000001
2019-08-21 04:00:00,70.0,8,4,2,40801.603,41064.09,6936.361499999999,7198.848499999993
2019-08-21 05:00:00,70.0,8,5,2,42373.508,42503.795,8405.917000000001,8536.203999999998
2019-08-21 06:00:00,69.1,8,6,2,45414.127,45306.06,10955.947249999996,10847.880249999997
2019-08-21 07:00:00,70.0,8,7,2,47932.372,47601.767,12918.543000000003,12587.938000000002
2019-08-21 08:00:00,70.0,8,8,2,51070.162,50251.737,14210.285749999995,13391.86075
2019-08-21 09:00:00,71.1,8,9,2,54469.061,52987.122,15329.41725,13847.47825
2019-08-21 10:00:00,73.0,8,10,2,58114.03,55760.991,16978.352,14625.313000000002
2019-08-21 11:00:00,73.9,8,11,2,61624.898,58722.924,18780.97475000001,15879.000750000008
2019-08-21 12:00:00,75.0,8,12,2,65050.276,61436.803,20630.791,17017.318
2019-08-21 13:00:00,80.1,8,13,2,67391.318,63855.051,21597.29375,18061.02675
2019-08-21 14:00:00,80.1,8,14,2,68934.001,65212.831,22025.57125,18304.401249999995
2019-08-21 15:00:00,81.0,8,15,2,69594.622,66046.522,21649.982000000004,18101.882
2019-08-21 16:00:00,84.0,8,16,2,70006.75,66442.068,21295.17525,17730.49325
2019-08-21 17:00:00,82.9,8,17,2,70127.898,66130.634,21202.1915,17204.927500000005
2019-08-21 18:00:00,84.9,8,18,2,70419.354,64687.741,22156.796500000004,16425.1835
2019-08-21 19:00:00,84.0,8,19,2,68679.219,61948.057,21865.98925,15134.827250000002
2019-08-21 20:00:00,81.0,8,20,2,66681.716,59799.445,20339.8955,13457.624499999998
2019-08-21 21:00:00,78.1,8,21,2,64174.534,57897.381,19080.00499999999,12802.851999999992
2019-08-21 22:00:00,77.0,8,22,2,59508.869,53718.347,16888.52375,11098.001750000005
2019-08-21 23:00:00,75.0,8,23,2,54701.702,49277.618,14727.37249999999,9303.288499999995
2019-08-22 00:00:00,73.9,8,0,3,50602.915,45692.545,12025.77775,7115.407749999999
2019-08-22 01:00:00,73.0,8,1,3,47483.762,43014.365,10916.755250000002,6447.3582499999975
2019-08-22 02:00:00,70.0,8,2,3,45222.288,41230.43,9977.674,5985.815999999999
2019-08-22 03:00:00,69.1,8,3,3,43945.844,40270.826,9624.080499999996,5949.0625
2019-08-22 04:00:00,70.0,8,4,3,43695.837,40076.952,9830.595499999996,6211.710499999994
2019-08-22 05:00:00,70.0,8,5,3,44820.336,41387.227,10852.745000000004,7419.635999999999
2019-08-22 06:00:00,69.1,8,6,3,47782.829,44135.768,13324.649249999997,9677.588249999992
2019-08-22 07:00:00,69.1,8,7,3,50173.483,46263.94,15159.654000000002,11250.111000000004
2019-08-22 08:00:00,70.0,8,8,3,53199.861,48870.826,16339.984749999996,12010.94975
2019-08-22 09:00:00,70.0,8,9,3,56522.37,51942.628,17382.72625,12802.984249999994
2019-08-22 10:00:00,71.1,8,10,3,59968.022,55188.594,18832.344,14052.915999999996
2019-08-22 11:00:00,73.0,8,11,3,63120.218,58077.552,20276.29475000001,15233.62875000001
2019-08-22 12:00:00,73.9,8,12,3,65573.549,60625.76,21154.064,16206.275
2019-08-22 13:00:00,73.9,8,13,3,67058.358,62693.443,21264.33374999999,16899.418749999997
2019-08-22 14:00:00,77.0,8,14,3,67249.801,63649.074,20341.371250000004,16740.644249999998
2019-08-22 15:00:00,78.1,8,15,3,66808.006,64178.954,18863.365999999995,16234.313999999998
2019-08-22 16:00:00,77.0,8,16,3,65955.08,64512.676,17243.505250000002,15801.10125
2019-08-22 17:00:00,77.0,8,17,3,65566.895,64203.695,16641.188500000004,15277.9885
2019-08-22 18:00:00,75.0,8,18,3,64578.88,63048.492,16316.322499999997,14785.934499999996
2019-08-22 19:00:00,73.9,8,19,3,62833.577,60553.898,16020.34725,13740.668250000002
2019-08-22 20:00:00,73.9,8,20,3,61281.927,58299.954,14940.106500000002,11958.133499999996
2019-08-22 21:00:00,73.0,8,21,3,59036.341,56572.845,13941.81199999999,11478.315999999992
2019-08-22 22:00:00,71.1,8,22,3,54845.151,52795.025,12224.80575,10174.679750000005
2019-08-22 23:00:00,69.1,8,23,3,50236.041,48407.584,10261.71149999999,8433.254499999995
2019-08-23 00:00:00,69.1,8,0,4,46708.715,44900.422,8131.577749999997,6323.284749999999
2019-08-23 01:00:00,68.0,8,1,4,44189.507,42225.965,7622.500249999997,5658.958249999996
2019-08-23 02:00:00,68.0,8,2,4,42520.106,40627.718,7275.491999999998,5383.103999999999
2019-08-23 03:00:00,66.9,8,3,4,41535.772,39604.104,7214.008499999996,5282.340499999998
2019-08-23 04:00:00,66.9,8,4,4,41431.079,39496.747,7565.837499999994,5631.505499999999
2019-08-23 05:00:00,66.0,8,5,4,43089.877,40782.244,9122.286,6814.652999999998
2019-08-23 06:00:00,66.0,8,6,4,46520.823,43533.408,12062.643249999994,9075.22825
2019-08-23 07:00:00,64.9,8,7,4,48812.589,45616.625,13798.760000000002,10602.796000000002
2019-08-23 08:00:00,64.0,8,8,4,51286.34,48192.47,14426.463749999995,11332.59375
2019-08-23 09:00:00,66.0,8,9,4,53831.339,50711.105,14691.695249999995,11571.46125
2019-08-23 10:00:00,69.1,8,10,4,56806.862,53202.63,15671.184,12066.951999999996
2019-08-23 11:00:00,69.1,8,11,4,59761.071,55891.303,16917.14775000001,13047.379750000007
2019-08-23 12:00:00,70.0,8,12,4,62801.552,58237.649,18382.067000000003,13818.163999999995
2019-08-23 13:00:00,70.0,8,13,4,65328.733,60652.001,19534.70875,14857.976749999994
2019-08-23 14:00:00,75.9,8,14,4,66999.031,62669.807,20090.60125,15761.377249999998
2019-08-23 15:00:00,75.9,8,15,4,67594.336,63692.803,19649.696,15748.163
2019-08-23 16:00:00,73.9,8,16,4,67884.526,64480.241,19172.95125,15768.666250000002
2019-08-23 17:00:00,75.0,8,17,4,67584.932,64737.792,18659.2255,15812.0855
2019-08-23 18:00:00,73.0,8,18,4,66481.153,63554.285,18218.595500000003,15291.7275
2019-08-23 19:00:00,71.1,8,19,4,64249.513,60932.637,17436.28325,14119.407250000004
2019-08-23 20:00:00,68.0,8,20,4,62863.104,58803.162,16521.283499999998,12461.341499999997
2019-08-23 21:00:00,64.9,8,21,4,60782.351,56849.968,15687.821999999993,11755.438999999991
2019-08-23 22:00:00,63.0,8,22,4,56295.632,53104.131,13675.28675,10483.785750000005
2019-08-23 23:00:00,60.1,8,23,4,51689.335,48857.183,11715.005499999992,8882.85349999999
2019-08-24 00:00:00,59.0,8,0,5,47904.427,45084.692,9327.289750000004,6507.554750000003
2019-08-24 01:00:00,57.9,8,1,5,45240.817,42364.912,8673.810250000002,5797.905249999996
2019-08-24 02:00:00,57.0,8,2,5,43339.17,40442.791,8094.555999999997,5198.176999999996
2019-08-24 03:00:00,55.9,8,3,5,42162.322,39084.392,7840.558499999999,4762.628499999999
2019-08-24 04:00:00,55.9,8,4,5,42005.073,38518.363,8139.831499999993,4653.121499999994
2019-08-24 05:00:00,57.0,8,5,5,43460.443,38620.726,9492.852,4653.135000000002
2019-08-24 06:00:00,55.9,8,6,5,46627.867,39174.684,12169.687249999995,4716.504249999998
2019-08-24 07:00:00,55.0,8,7,5,48654.055,40453.722,13640.226000000002,5439.893000000004
2019-08-24 08:00:00,57.0,8,8,5,50769.421,43452.07,13909.54475,6592.193749999999
2019-08-24 09:00:00,64.9,8,9,5,52928.328,46987.81,13788.684249999998,7848.166249999995
2019-08-24 10:00:00,69.1,8,10,5,55205.945,50528.888,14070.267,9393.21
2019-08-24 11:00:00,72.0,8,11,5,57253.51,53644.362,14409.58675000001,10800.438750000008
2019-08-24 12:00:00,73.9,8,12,5,58693.48,56104.187,14273.995000000004,11684.701999999996
2019-08-24 13:00:00,75.9,8,13,5,60247.486,57836.244,14453.461749999997,12042.219749999997
2019-08-24 14:00:00,75.0,8,14,5,60959.67,59008.095,14051.240249999995,12099.665249999998
2019-08-24 15:00:00,77.0,8,15,5,61071.363,58966.518,13126.722999999998,11021.877999999995
2019-08-24 16:00:00,75.0,8,16,5,61317.928,59432.802,12606.35325,10721.227250000004
2019-08-24 17:00:00,75.9,8,17,5,60967.752,59483.169,12042.0455,10557.4625
2019-08-24 18:00:00,73.9,8,18,5,59194.619,58517.177,10932.061499999996,10254.6195
2019-08-24 19:00:00,73.9,8,19,5,57039.852,56807.926,10226.62225,9994.69625
2019-08-24 20:00:00,71.1,8,20,5,55862.768,55532.87,9520.947499999997,9191.0495
2019-08-24 21:00:00,66.9,8,21,5,54099.279,54432.826,9004.749999999993,9338.296999999991
2019-08-24 22:00:00,64.9,8,22,5,50497.265,51288.871,7876.919750000001,8668.52575
2019-08-24 23:00:00,64.0,8,23,5,46612.484,47859.957,6638.15449999999,7885.627499999995
2019-08-25 00:00:00,62.1,8,0,6,43443.317,44622.333,4866.179750000003,6045.195749999999
2019-08-25 01:00:00,61.0,8,1,6,41581.379,42215.425,5014.37225,5648.418250000002
2019-08-25 02:00:00,60.1,8,2,6,39991.372,40480.942,4746.758000000002,5236.328000000001
2019-08-25 03:00:00,60.1,8,3,6,39101.238,39245.821,4779.474499999997,4924.057500000003
2019-08-25 04:00:00,59.0,8,4,6,39139.332,38471.372,5274.090499999998,4606.130499999999
2019-08-25 05:00:00,57.9,8,5,6,40611.414,38443.104,6643.822999999997,4475.512999999999
2019-08-25 06:00:00,57.9,8,6,6,43326.339,38649.031,8868.159249999997,4190.85125
2019-08-25 07:00:00,57.0,8,7,6,45293.444,39278.212,10279.615000000003,4264.383000000002
2019-08-25 08:00:00,57.9,8,8,6,46727.109,42255.827,9867.232749999996,5395.950749999996
2019-08-25 09:00:00,63.0,8,9,6,48192.899,45769.7,9053.255249999997,6630.056249999994
2019-08-25 10:00:00,66.0,8,10,6,49499.232,49341.44,8363.554000000004,8205.762000000002
2019-08-25 11:00:00,71.1,8,11,6,50575.385,52979.881,7731.4617500000095,10135.957750000009
2019-08-25 12:00:00,73.9,8,12,6,51647.547,56183.243,7228.061999999998,11763.758000000002
2019-08-25 13:00:00,75.9,8,13,6,52609.336,59215.482,6815.311750000001,13421.45775
2019-08-25 14:00:00,75.9,8,14,6,53099.329,61546.235,6190.899249999995,14637.805249999998
2019-08-25 15:00:00,79.0,8,15,6,53153.635,63088.904,5208.995000000003,15144.264000000005
2019-08-25 16:00:00,80.1,8,16,6,53033.677,63905.298,4322.102250000004,15193.723250000005
2019-08-25 17:00:00,79.0,8,17,6,52533.497,64349.242,3607.790500000003,15423.535499999998
2019-08-25 18:00:00,78.1,8,18,6,51268.253,63646.25,3005.6954999999944,15383.692499999996
2019-08-25 19:00:00,77.0,8,19,6,49311.276,61686.936,2498.0462499999994,14873.706250000005
2019-08-25 20:00:00,75.0,8,20,6,48094.307,59860.626,1752.486499999999,13518.805499999997
2019-08-25 21:00:00,71.1,8,21,6,47013.34,57963.283,1918.810999999987,12868.753999999994
2019-08-25 22:00:00,68.0,8,22,6,44403.104,54266.112,1782.7587500000009,11645.766750000004
2019-08-25 23:00:00,66.9,8,23,6,41206.349,50297.102,1232.0194999999949,10322.772499999992
2019-08-26 00:00:00,64.0,8,0,0,38543.446,46510.264,0.0,7933.126750000003
2019-08-26 01:00:00,64.9,8,1,0,36673.546,43781.656,106.53925000000164,7214.649250000002
2019-08-26 02:00:00,64.9,8,2,0,35423.099,41984.436,178.48500000000058,6739.822
2019-08-26 03:00:00,64.9,8,3,0,34585.666,40861.824,263.9024999999965,6540.0605
2019-08-26 04:00:00,64.9,8,4,0,34290.097,40801.603,424.85549999999785,6936.361499999999
2019-08-26 05:00:00,64.0,8,5,0,34645.024,42373.508,677.4329999999973,8405.917000000001
2019-08-26 06:00:00,64.0,8,6,0,35458.217,45414.127,1000.037249999994,10955.947249999996
2019-08-26 07:00:00,63.0,8,7,0,36236.66,47932.372,1222.8310000000056,12918.543000000003
2019-08-26 08:00:00,63.0,8,8,0,38205.835,51070.162,1345.958749999998,14210.285749999995
2019-08-26 09:00:00,63.0,8,9,0,40320.87,54469.061,1181.2262499999997,15329.41725
2019-08-26 10:00:00,63.0,8,10,0,42291.05,58114.03,1155.372000000003,16978.352
2019-08-26 11:00:00,64.0,8,11,0,43465.198,61624.898,621.2747500000041,18780.97475000001
2019-08-26 12:00:00,66.0,8,12,0,44505.103,65050.276,85.61800000000221,20630.791
2019-08-26 13:00:00,68.0,8,13,0,45226.457,67391.318,0.0,21597.29375
2019-08-26 14:00:00,66.0,8,14,0,45927.923,68934.001,0.0,22025.57125
2019-08-26 15:00:00,64.9,8,15,0,46584.352,69594.622,0.0,21649.982000000004
2019-08-26 16:00:00,64.9,8,16,0,47280.592,70006.75,0.0,21295.17525
2019-08-26 17:00:00,66.0,8,17,0,47622.829,70127.898,0.0,21202.1915
2019-08-26 18:00:00,66.9,8,18,0,47056.061,70419.354,0.0,22156.796500000004
2019-08-26 19:00:00,66.9,8,19,0,45602.804,68679.219,0.0,21865.98925
2019-08-26 20:00:00,66.9,8,20,0,44594.101,66681.716,0.0,20339.8955
2019-08-26 21:00:00,66.9,8,21,0,43633.114,64174.534,0.0,19080.00499999999
2019-08-26 22:00:00,66.0,8,22,0,41500.589,59508.869,0.0,16888.52375
2019-08-26 23:00:00,66.9,8,23,0,38895.724,54701.702,0.0,14727.37249999999
2019-08-27 00:00:00,66.9,8,0,1,36544.414,50602.915,0.0,12025.77775
2019-08-27 01:00:00,66.9,8,1,1,34781.441,47483.762,0.0,10916.755250000002
2019-08-27 02:00:00,66.9,8,2,1,33747.698,45222.288,0.0,9977.674
2019-08-27 03:00:00,68.0,8,3,1,33000.272,43945.844,0.0,9624.080499999996
2019-08-27 04:00:00,68.0,8,4,1,32495.269,43695.837,0.0,9830.595499999996
2019-08-27 05:00:00,68.0,8,5,1,32695.95,44820.336,0.0,10852.745000000004
2019-08-27 06:00:00,68.0,8,6,1,33009.615,47782.829,0.0,13324.649249999997
2019-08-27 07:00:00,68.0,8,7,1,33581.566,50173.483,0.0,15159.654000000002
2019-08-27 08:00:00,68.0,8,8,1,35387.499,53199.861,0.0,16339.984749999996
2019-08-27 09:00:00,69.1,8,9,1,37496.184,56522.37,0.0,17382.72625
2019-08-27 10:00:00,69.1,8,10,1,39326.592,59968.022,0.0,18832.344
2019-08-27 11:00:00,71.1,8,11,1,41075.395,63120.218,0.0,20276.29475000001
2019-08-27 12:00:00,72.0,8,12,1,42786.99,65573.549,0.0,21154.064
2019-08-27 13:00:00,73.9,8,13,1,44356.784,67058.358,0.0,21264.33374999999
2019-08-27 14:00:00,72.0,8,14,1,45668.183,67249.801,0.0,20341.371250000004
2019-08-27 15:00:00,73.9,8,15,1,47053.184,66808.006,0.0,18863.365999999995
2019-08-27 16:00:00,75.9,8,16,1,48153.614,65955.08,0.0,17243.505250000002
2019-08-27 17:00:00,75.9,8,17,1,48786.629,65566.895,0.0,16641.188500000004
2019-08-27 18:00:00,70.0,8,18,1,48506.742,64578.88,244.1844999999957,16316.322499999997
2019-08-27 19:00:00,71.1,8,19,1,47468.855,62833.577,655.6252500000046,16020.34725
2019-08-27 20:00:00,71.1,8,20,1,47380.425,61281.927,1038.6045000000013,14940.106500000002
2019-08-27 21:00:00,71.1,8,21,1,46287.502,59036.341,1192.9729999999909,13941.81199999999
2019-08-27 22:00:00,71.1,8,22,1,43577.177,54845.151,956.8317500000048,12224.80575
2019-08-27 23:00:00,71.1,8,23,1,40991.515,50236.041,1017.1854999999924,10261.71149999999
2019-08-28 00:00:00,70.0,8,0,2,38671.935,46708.715,94.7977499999979,8131.577749999997
2019-08-28 01:00:00,69.1,8,1,2,37122.019,44189.507,555.0122499999998,7622.500249999997
2019-08-28 02:00:00,68.0,8,2,2,36380.937,42520.106,1136.322999999997,7275.491999999998
2019-08-28 03:00:00,66.0,8,3,2,35908.309,41535.772,1586.5455000000002,7214.008499999996
2019-08-28 04:00:00,64.9,8,4,2,36191.816,41431.079,2326.574499999995,7565.837499999994
2019-08-28 05:00:00,64.9,8,5,2,38008.55,43089.877,4040.9590000000026,9122.286
2019-08-28 06:00:00,63.0,8,6,2,41526.217,46520.823,7068.037249999994,12062.643249999994
2019-08-28 07:00:00,63.0,8,7,2,43935.14,48812.589,8921.311000000002,13798.760000000002
2019-08-28 08:00:00,64.0,8,8,2,45752.797,51286.34,8892.920749999997,14426.463749999995
2019-08-28 09:00:00,68.0,8,9,2,47015.109,53831.339,7875.465249999994,14691.695249999995
2019-08-28 10:00:00,71.1,8,10,2,48332.76,56806.862,7197.082000000002,15671.184
2019-08-28 11:00:00,73.9,8,11,2,49277.612,59761.071,6433.688750000008,16917.14775000001
2019-08-28 12:00:00,77.0,8,12,2,50339.912,62801.552,5920.426999999996,18382.067000000003
2019-08-28 13:00:00,78.1,8,13,2,51245.5,65328.733,5451.475749999998,19534.70875
2019-08-28 14:00:00,79.0,8,14,2,51579.758,66999.031,4671.328249999999,20090.60125
2019-08-28 15:00:00,78.1,8,15,2,51673.962,67594.336,3729.322,19649.696
2019-08-28 16:00:00,79.0,8,16,2,51750.335,67884.526,3038.76025,19172.95125
2019-08-28 17:00:00,78.1,8,17,2,51767.999,67584.932,2842.292500000003,18659.2255
2019-08-28 18:00:00,75.9,8,18,2,51371.529,66481.153,3108.9715,18218.595500000003
2019-08-28 19:00:00,75.9,8,19,2,50912.725,64249.513,4099.49525,17436.28325
2019-08-28 20:00:00,73.0,8,20,2,51169.595,62863.104,4827.7745,16521.283499999998
2019-08-28 21:00:00,68.0,8,21,2,49937.438,60782.351,4842.908999999992,15687.821999999993
2019-08-28 22:00:00,68.0,8,22,2,46975.743,56295.632,4355.397750000004,13675.28675
2019-08-28 23:00:00,66.9,8,23,2,43753.594,51689.335,3779.26449999999,11715.005499999992
2019-08-29 00:00:00,64.9,8,0,3,41214.854,47904.427,2637.71675,9327.289750000004
2019-08-29 01:00:00,63.0,8,1,3,39314.367,45240.817,2747.360249999998,8673.810250000002
2019-08-29 02:00:00,60.1,8,2,3,38401.517,43339.17,3156.9029999999984,8094.555999999997
2019-08-29 03:00:00,61.0,8,3,3,37773.046,42162.322,3451.282500000001,7840.558499999999
2019-08-29 04:00:00,57.9,8,4,3,38291.926,42005.073,4426.684499999996,8139.831499999993
2019-08-29 05:00:00,57.0,8,5,3,39996.846,43460.443,6029.254999999997,9492.852
2019-08-29 06:00:00,57.0,8,6,3,43523.049,46627.867,9064.869249999996,12169.687249999995
2019-08-29 07:00:00,57.0,8,7,3,46068.146,48654.055,11054.317000000005,13640.226000000002
2019-08-29 08:00:00,57.0,8,8,3,47655.013,50769.421,10795.136749999998,13909.54475
2019-08-29 09:00:00,61.0,8,9,3,49211.691,52928.328,10072.047249999996,13788.684249999998
2019-08-29 10:00:00,66.9,8,10,3,50680.847,55205.945,9545.169000000002,14070.267
2019-08-29 11:00:00,72.0,8,11,3,51950.285,57253.51,9106.361750000013,14409.58675000001
2019-08-29 12:00:00,75.9,8,12,3,53085.14,58693.48,8665.654999999999,14273.995000000004
2019-08-29 13:00:00,77.0,8,13,3,54252.77,60247.486,8458.745749999995,14453.461749999997
2019-08-29 14:00:00,77.0,8,14,3,55055.025,60959.67,8146.5952499999985,14051.240249999995
2019-08-29 15:00:00,79.0,8,15,3,55647.824,61071.363,7703.184000000001,13126.722999999998
2019-08-29 16:00:00,81.0,8,16,3,56188.592,61317.928,7477.017249999997,12606.35325
2019-08-29 17:00:00,81.0,8,17,3,56353.008,60967.752,7427.301500000001,12042.0455
2019-08-29 18:00:00,80.1,8,18,3,56009.924,59194.619,7747.366499999996,10932.061499999996
2019-08-29 19:00:00,79.0,8,19,3,54763.92,57039.852,7950.69025,10226.62225
2019-08-29 20:00:00,77.0,8,20,3,54404.34,55862.768,8062.519499999995,9520.947499999997
2019-08-29 21:00:00,73.9,8,21,3,52776.199,54099.279,7681.669999999991,9004.749999999993
2019-08-29 22:00:00,72.0,8,22,3,49296.147,50497.265,6675.801749999999,7876.919750000001
2019-08-29 23:00:00,72.0,8,23,3,45591.234,46612.484,5616.90449999999,6638.15449999999
2019-08-30 00:00:00,71.1,8,0,4,42578.389,43443.317,4001.251750000003,4866.179750000003
2019-08-30 01:00:00,71.1,8,1,4,40512.518,41581.379,3945.511249999996,5014.37225
2019-08-30 02:00:00,70.0,8,2,4,39121.218,39991.372,3876.604,4746.758000000002
2019-08-30 03:00:00,69.1,8,3,4,38134.87,39101.238,3813.1065000000017,4779.474499999997
2019-08-30 04:00:00,68.0,8,4,4,38218.903,39139.332,4353.661499999995,5274.090499999998
2019-08-30 05:00:00,68.0,8,5,4,39668.88,40611.414,5701.288999999997,6643.822999999997
2019-08-30 06:00:00,66.0,8,6,4,42770.052,43326.339,8311.87225,8868.159249999997
2019-08-30 07:00:00,66.9,8,7,4,44663.299,45293.444,9649.47,10279.615000000003
2019-08-30 08:00:00,66.9,8,8,4,46492.391,46727.109,9632.514750000002,9867.232749999996
2019-08-30 09:00:00,69.1,8,9,4,48567.508,48192.899,9427.86425,9053.255249999997
2019-08-30 10:00:00,73.9,8,10,4,50531.604,49499.232,9395.926,8363.554000000004
2019-08-30 11:00:00,75.9,8,11,4,52159.924,50575.385,9316.000750000008,7731.4617500000095
2019-08-30 12:00:00,80.1,8,12,4,53589.497,51647.547,9170.012000000002,7228.061999999998
2019-08-30 13:00:00,82.9,8,13,4,54778.84,52609.336,8984.815749999994,6815.311750000001
2019-08-30 14:00:00,84.0,8,14,4,55567.08,53099.329,8658.650249999999,6190.899249999995
2019-08-30 15:00:00,84.0,8,15,4,56099.715,53153.635,8155.074999999997,5208.995000000003
2019-08-30 16:00:00,84.0,8,16,4,56604.031,53033.677,7892.456250000003,4322.102250000004
2019-08-30 17:00:00,87.1,8,17,4,56560.564,52533.497,7634.857499999998,3607.790500000003
2019-08-30 18:00:00,82.9,8,18,4,55735.637,51268.253,7473.0795,3005.6954999999944
2019-08-30 19:00:00,80.1,8,19,4,53354.387,49311.276,6541.157250000004,2498.0462499999994
2019-08-30 20:00:00,78.1,8,20,4,52126.991,48094.307,5785.1705,1752.486499999999
2019-08-30 21:00:00,73.9,8,21,4,50233.758,47013.34,5139.228999999992,1918.810999999987
2019-08-30 22:00:00,73.9,8,22,4,46588.46,44403.104,3968.1147500000006,1782.7587500000009
2019-08-30 23:00:00,72.0,8,23,4,42802.971,41206.349,2828.64149999999,1232.0194999999949
2019-08-31 00:00:00,69.1,8,0,5,40006.716,38543.446,1429.5787500000006,0.0
2019-08-31 01:00:00,66.9,8,1,5,37969.241,36673.546,1402.234250000001,106.53925000000164
2019-08-31 02:00:00,66.9,8,2,5,36902.052,35423.099,1657.438000000002,178.48500000000058
2019-08-31 03:00:00,66.0,8,3,5,35948.533,34585.666,1626.7695000000022,263.9024999999965
2019-08-31 04:00:00,66.0,8,4,5,36260.834,34290.097,2395.592499999999,424.85549999999785
2019-08-31 05:00:00,66.0,8,5,5,37695.749,34645.024,3728.158000000003,677.4329999999973
2019-08-31 06:00:00,66.9,8,6,5,40714.196,35458.217,6256.016250000001,1000.037249999994
2019-08-31 07:00:00,66.0,8,7,5,42671.605,36236.66,7657.776000000005,1222.8310000000056
2019-08-31 08:00:00,66.0,8,8,5,44464.108,38205.835,7604.231749999999,1345.958749999998
2019-08-31 09:00:00,68.0,8,9,5,46476.275,40320.87,7336.6312499999985,1181.2262499999997
2019-08-31 10:00:00,70.0,8,10,5,48592.011,42291.05,7456.332999999999,1155.372000000003
2019-08-31 11:00:00,71.1,8,11,5,50427.807,43465.198,7583.883750000008,621.2747500000041
2019-08-31 12:00:00,72.0,8,12,5,52008.926,44505.103,7589.440999999999,85.61800000000221
2019-08-31 13:00:00,73.0,8,13,5,53741.568,45226.457,7947.543749999997,0.0
2019-08-31 14:00:00,73.9,8,14,5,55635.273,45927.923,8726.843249999998,0.0
2019-08-31 15:00:00,73.9,8,15,5,57261.688,46584.352,9317.048000000004,0.0
2019-08-31 16:00:00,77.0,8,16,5,58774.254,47280.592,10062.67925,0.0
2019-08-31 17:00:00,75.0,8,17,5,59508.802,47622.829,10583.095500000005,0.0
2019-08-31 18:00:00,73.9,8,18,5,58672.873,47056.061,10410.315499999995,0.0
2019-08-31 19:00:00,73.0,8,19,5,56565.979,45602.804,9752.74925,0.0
2019-08-31 20:00:00,71.1,8,20,5,55547.402,44594.101,9205.5815,0.0
2019-08-31 21:00:00,69.1,8,21,5,53749.116,43633.114,8654.586999999992,0.0
2019-08-31 22:00:00,69.1,8,22,5,50077.129,41500.589,7456.783750000002,0.0
2019-08-31 23:00:00,68.0,8,23,5,46002.406,38895.724,6028.076499999996,0.0
2019-09-01 00:00:00,66.0,9,0,6,42684.332,36544.414,4107.194750000002,0.0
2019-09-01 01:00:00,66.0,9,1,6,40371.966,34781.441,3804.95925,0.0
2019-09-01 02:00:00,64.9,9,2,6,38793.062,33747.698,3548.4479999999967,0.0
2019-09-01 03:00:00,64.9,9,3,6,37833.529,33000.272,3511.7655000000013,0.0
2019-09-01 04:00:00,64.9,9,4,6,37738.156,32495.269,3872.914499999999,0.0
2019-09-01 05:00:00,64.9,9,5,6,39128.408,32695.95,5160.817000000003,0.0
2019-09-01 06:00:00,64.0,9,6,6,41969.757,33009.615,7511.577249999995,0.0
2019-09-01 07:00:00,63.0,9,7,6,43831.475,33581.566,8817.646,0.0
2019-09-01 08:00:00,62.1,9,8,6,45747.647,35387.499,8887.770749999996,0.0
2019-09-01 09:00:00,64.9,9,9,6,47844.089,37496.184,8704.445249999997,0.0
2019-09-01 10:00:00,71.1,9,10,6,50131.047,39326.592,8995.368999999999,0.0
2019-09-01 11:00:00,73.0,9,11,6,52020.652,41075.395,9176.72875000001,0.0
2019-09-01 12:00:00,77.0,9,12,6,53870.97,42786.99,9451.485,0.0
2019-09-01 13:00:00,75.9,9,13,6,56050.169,44356.784,10256.14475,0.0
2019-09-01 14:00:00,71.1,9,14,6,57486.198,45668.183,10577.768249999994,0.0
2019-09-01 15:00:00,75.0,9,15,6,58289.699,47053.184,10345.059,0.0
2019-09-01 16:00:00,77.0,9,16,6,58588.545,48153.614,9876.970249999998,0.0
2019-09-01 17:00:00,78.1,9,17,6,57954.41,48786.629,9028.703500000003,0.0
2019-09-01 18:00:00,69.1,9,18,6,55963.513,48506.742,7700.955499999996,244.1844999999957
2019-09-01 19:00:00,66.0,9,19,6,53133.389,47468.855,6320.159250000004,655.6252500000046
2019-09-01 20:00:00,66.9,9,20,6,51879.943,47380.425,5538.122499999998,1038.6045000000013
2019-09-01 21:00:00,66.9,9,21,6,49738.165,46287.502,4643.635999999991,1192.9729999999909
2019-09-01 22:00:00,66.9,9,22,6,46568.945,43577.177,3948.599750000001,956.8317500000048
2019-09-01 23:00:00,66.9,9,23,6,42988.234,40991.515,3013.9044999999896,1017.1854999999924
2019-09-02 00:00:00,66.9,9,0,0,39694.397,38671.935,1117.2597499999974,94.7977499999979
2019-09-02 01:00:00,66.0,9,1,0,37509.191,37122.019,942.1842499999984,555.0122499999998
2019-09-02 02:00:00,64.9,9,2,0,35955.205,36380.937,710.5910000000003,1136.322999999997
2019-09-02 03:00:00,64.0,9,3,0,34924.792,35908.309,603.0285000000003,1586.5455000000002
2019-09-02 04:00:00,64.0,9,4,0,34585.661,36191.816,720.4194999999963,2326.574499999995
2019-09-02 05:00:00,63.0,9,5,0,34701.606,38008.55,734.0149999999994,4040.9590000000026
2019-09-02 06:00:00,64.9,9,6,0,35291.511,41526.217,833.3312499999956,7068.037249999994
2019-09-02 07:00:00,64.9,9,7,0,35914.658,43935.14,900.8290000000052,8921.311000000002
2019-09-02 08:00:00,66.0,9,8,0,37685.989,45752.797,826.1127500000002,8892.920749999997
2019-09-02 09:00:00,66.9,9,9,0,40005.88,47015.109,866.2362499999945,7875.465249999994
2019-09-02 10:00:00,68.0,9,10,0,42003.349,48332.76,867.6710000000021,7197.082000000002
2019-09-02 11:00:00,70.0,9,11,0,43756.169,49277.612,912.2457500000093,6433.688750000008
2019-09-02 12:00:00,73.0,9,12,0,45330.226,50339.912,910.7410000000018,5920.426999999996
2019-09-02 13:00:00,77.0,9,13,0,46723.315,51245.5,929.29075,5451.475749999998
2019-09-02 14:00:00,75.0,9,14,0,47751.128,51579.758,842.698249999994,4671.328249999999
2019-09-02 15:00:00,77.0,9,15,0,48502.918,51673.962,558.2779999999984,3729.322
2019-09-02 16:00:00,78.1,9,16,0,48564.441,51750.335,0.0,3038.76025
2019-09-02 17:00:00,77.0,9,17,0,47965.365,51767.999,0.0,2842.292500000003
2019-09-02 18:00:00,79.0,9,18,0,46963.137,51371.529,0.0,3108.9715
2019-09-02 19:00:00,75.9,9,19,0,45545.944,50912.725,0.0,4099.49525
2019-09-02 20:00:00,75.0,9,20,0,45399.858,51169.595,0.0,4827.7745
2019-09-02 21:00:00,71.1,9,21,0,44081.947,49937.438,0.0,4842.908999999992
2019-09-02 22:00:00,70.0,9,22,0,41889.292,46975.743,0.0,4355.397750000004
2019-09-02 23:00:00,68.0,9,23,0,39327.692,43753.594,0.0,3779.26449999999
2019-09-03 00:00:00,66.9,9,0,1,37136.828,41214.854,1523.5903076923132,2637.71675
2019-09-03 01:00:00,64.0,9,1,1,35546.456,39314.367,1363.2601538461531,2747.360249999998
2019-09-03 02:00:00,64.0,9,2,1,34323.042,38401.517,1068.045692307693,3156.9029999999984
2019-09-03 03:00:00,63.0,9,3,1,33483.028,37773.046,738.1873076923112,3451.282500000001
2019-09-03 04:00:00,62.1,9,4,1,33093.208,38291.926,375.28892307691785,4426.684499999996
2019-09-03 05:00:00,61.0,9,5,1,33065.194,39996.846,0.0,6029.254999999997
2019-09-03 06:00:00,61.0,9,6,1,33446.234,43523.049,0.0,9064.869249999996
2019-09-03 07:00:00,62.1,9,7,1,33994.48,46068.146,0.0,11054.317000000005
2019-09-03 08:00:00,63.0,9,8,1,35798.275,47655.013,0.0,10795.136749999998
2019-09-03 09:00:00,66.9,9,9,1,37928.507,49211.691,0.0,10072.047249999996
2019-09-03 10:00:00,72.0,9,10,1,40053.585,50680.847,0.0,9545.169000000002
2019-09-03 11:00:00,75.0,9,11,1,42139.318,51950.285,964.3272307692314,9106.361750000013
2019-09-03 12:00:00,78.1,9,12,1,44089.173,53085.14,2013.9390000000053,8665.654999999999
2019-09-03 13:00:00,79.0,9,13,1,45450.794,54252.77,2748.8483076923003,8458.745749999995
2019-09-03 14:00:00,80.1,9,14,1,46391.027,55055.025,3270.891615384615,8146.5952499999985
2019-09-03 15:00:00,81.0,9,15,1,47148.332,55647.824,3681.519076923076,7703.184000000001
2019-09-03 16:00:00,82.0,9,16,1,47826.928,56188.592,3990.595923076922,7477.017249999997
2019-09-03 17:00:00,82.0,9,17,1,47849.859,56353.008,3784.1375384615385,7427.301500000001
2019-09-03 18:00:00,82.0,9,18,1,47043.751,56009.924,3388.636846153844,7747.366499999996
2019-09-03 19:00:00,81.0,9,19,1,45904.411,54763.92,2520.536153846151,7950.69025
2019-09-03 20:00:00,80.1,9,20,1,45864.715,54404.34,2456.9204615384588,8062.519499999995
2019-09-03 21:00:00,78.1,9,21,1,44684.062,52776.199,2868.7378461538538,7681.669999999991
2019-09-03 22:00:00,75.9,9,22,1,42516.589,49296.147,2849.5860769230712,6675.801749999999
2019-09-03 23:00:00,75.0,9,23,1,39930.619,45591.234,2471.183692307699,5616.90449999999
2019-09-04 00:00:00,73.9,9,0,2,37553.63,42578.389,1940.3923076923093,4001.251750000003
2019-09-04 01:00:00,72.0,9,1,2,35785.754,40512.518,1602.5581538461556,3945.511249999996
2019-09-04 02:00:00,72.0,9,2,2,34463.219,39121.218,1208.2226923076887,3876.604
2019-09-04 03:00:00,72.0,9,3,2,33728.12,38134.87,983.2793076923152,3813.1065000000017
2019-09-04 04:00:00,71.1,9,4,2,33506.471,38218.903,788.5519230769169,4353.661499999995
2019-09-04 05:00:00,71.1,9,5,2,33873.373,39668.88,432.7450000000026,5701.288999999997
2019-09-04 06:00:00,69.1,9,6,2,34643.509,42770.052,0.0,8311.87225
2019-09-04 07:00:00,69.1,9,7,2,34973.178,44663.299,0.0,9649.47
2019-09-04 08:00:00,69.1,9,8,2,36895.77,46492.391,0.0,9632.514750000002
2019-09-04 09:00:00,73.0,9,9,2,39651.173,48567.508,659.2907692307708,9427.86425
2019-09-04 10:00:00,75.9,9,10,2,42478.672,50531.604,2323.5856923076863,9395.926
2019-09-04 11:00:00,78.1,9,11,2,45323.664,52159.924,4148.673230769229,9316.000750000008
2019-09-04 12:00:00,79.0,9,12,2,47567.237,53589.497,5492.003000000004,9170.012000000002
2019-09-04 13:00:00,79.0,9,13,2,49423.995,54778.84,6722.049307692301,8984.815749999994
2019-09-04 14:00:00,80.1,9,14,2,51050.965,55567.08,7930.8296153846095,8658.650249999999
2019-09-04 15:00:00,80.1,9,15,2,52467.489,56099.715,9000.676076923075,8155.074999999997
2019-09-04 16:00:00,81.0,9,16,2,53718.289,56604.031,9881.95692307692,7892.456250000003
2019-09-04 17:00:00,81.0,9,17,2,54595.163,56560.564,10529.441538461542,7634.857499999998
2019-09-04 18:00:00,80.1,9,18,2,54246.192,55735.637,10591.07784615385,7473.0795
2019-09-04 19:00:00,77.0,9,19,2,52636.952,53354.387,9253.077153846149,6541.157250000004
2019-09-04 20:00:00,73.0,9,20,2,52014.179,52126.991,8606.384461538459,5785.1705
2019-09-04 21:00:00,71.1,9,21,2,49904.736,50233.758,8089.411846153853,5139.228999999992
2019-09-04 22:00:00,69.1,9,22,2,46350.791,46588.46,6683.788076923069,3968.1147500000006
2019-09-04 23:00:00,66.0,9,23,2,42851.064,42802.971,5391.628692307699,2828.64149999999
2019-09-05 00:00:00,64.0,9,0,3,40001.963,40006.716,4388.725307692315,1429.5787500000006
2019-09-05 01:00:00,62.1,9,1,3,38017.945,37969.241,3834.7491538461545,1402.234250000001
2019-09-05 02:00:00,61.0,9,2,3,36674.087,36902.052,3419.090692307691,1657.438000000002
2019-09-05 03:00:00,60.1,9,3,3,35905.324,35948.533,3160.483307692313,1626.7695000000022
2019-09-05 04:00:00,57.9,9,4,3,36177.037,36260.834,3459.117923076916,2395.592499999999
2019-09-05 05:00:00,57.9,9,5,3,37900.657,37695.749,4460.029000000002,3728.158000000003
2019-09-05 06:00:00,57.0,9,6,3,41596.262,40714.196,6639.75276923077,6256.016250000001
2019-09-05 07:00:00,55.9,9,7,3,44258.211,42671.605,7981.071846153842,7657.776000000005
2019-09-05 08:00:00,57.0,9,8,3,46525.913,44464.108,8886.113230769224,7604.231749999999
2019-09-05 09:00:00,62.1,9,9,3,48628.363,46476.275,9636.480769230766,7336.6312499999985
2019-09-05 10:00:00,66.0,9,10,3,51144.937,48592.011,10989.850692307686,7456.332999999999
2019-09-05 11:00:00,69.1,9,11,3,53059.146,50427.807,11884.155230769233,7583.883750000008
2019-09-05 12:00:00,71.1,9,12,3,54903.933,52008.926,12828.699,7589.440999999999
2019-09-05 13:00:00,73.0,9,13,3,57205.235,53741.568,14503.2893076923,7947.543749999997
2019-09-05 14:00:00,73.9,9,14,3,58660.075,55635.273,15539.93961538461,8726.843249999998
2019-09-05 15:00:00,75.9,9,15,3,59792.783,57261.688,16325.970076923077,9317.048000000004
2019-09-05 16:00:00,77.0,9,16,3,60666.522,58774.254,16830.18992307692,10062.67925
2019-09-05 17:00:00,75.9,9,17,3,61408.296,59508.802,17342.574538461544,10583.095500000005
2019-09-05 18:00:00,75.9,9,18,3,61312.53,58672.873,17657.415846153846,10410.315499999995
2019-09-05 19:00:00,73.9,9,19,3,59644.791,56565.979,16260.916153846149,9752.74925
2019-09-05 20:00:00,70.0,9,20,3,59035.93,55547.402,15628.135461538464,9205.5815
2019-09-05 21:00:00,66.0,9,21,3,56647.259,53749.116,14831.934846153854,8654.586999999992
2019-09-05 22:00:00,64.0,9,22,3,52379.185,50077.129,12712.182076923067,7456.783750000002
2019-09-05 23:00:00,62.1,9,23,3,47925.204,46002.406,10465.768692307698,6028.076499999996
2019-09-06 00:00:00,59.0,9,0,4,44345.872,42684.332,8732.634307692315,4107.194750000002
2019-09-06 01:00:00,57.9,9,1,4,41898.693,40371.966,7715.497153846154,3804.95925
2019-09-06 02:00:00,57.0,9,2,4,40327.07,38793.062,7072.073692307691,3548.4479999999967
2019-09-06 03:00:00,55.9,9,3,4,39255.143,37833.529,6510.302307692309,3511.7655000000013
2019-09-06 04:00:00,55.9,9,4,4,39200.402,37738.156,6482.482923076921,3872.914499999999
2019-09-06 05:00:00,52.0,9,5,4,40708.983,39128.408,7268.355000000003,5160.817000000003
2019-09-06 06:00:00,53.1,9,6,4,43993.122,41969.757,9036.612769230773,7511.577249999995
2019-09-06 07:00:00,53.1,9,7,4,45988.206,43831.475,9711.066846153835,8817.646
2019-09-06 08:00:00,54.0,9,8,4,47975.996,45747.647,10336.196230769225,8887.770749999996
2019-09-06 09:00:00,59.0,9,9,4,50281.139,47844.089,11289.256769230771,8704.445249999997
2019-09-06 10:00:00,64.0,9,10,4,52709.9,50131.047,12554.813692307687,8995.368999999999
2019-09-06 11:00:00,69.1,9,11,4,54630.414,52020.652,13455.42323076923,9176.72875000001
2019-09-06 12:00:00,71.1,9,12,4,56387.481,53870.97,14312.247000000005,9451.485
2019-09-06 13:00:00,73.0,9,13,4,57884.488,56050.169,15182.542307692296,10256.14475
2019-09-06 14:00:00,75.9,9,14,4,58978.17,57486.198,15858.034615384611,10577.768249999994
2019-09-06 15:00:00,78.1,9,15,4,59455.88,58289.699,15989.067076923073,10345.059
2019-09-06 16:00:00,77.0,9,16,4,59712.185,58588.545,15875.85292307692,9876.970249999998
2019-09-06 17:00:00,77.0,9,17,4,59217.986,57954.41,15152.26453846154,9028.703500000003
2019-09-06 18:00:00,75.9,9,18,4,57545.399,55963.513,13890.284846153843,7700.955499999996
2019-09-06 19:00:00,73.9,9,19,4,55304.564,53133.389,11920.68915384615,6320.159250000004
2019-09-06 20:00:00,73.9,9,20,4,54483.017,51879.943,11075.222461538462,5538.122499999998
2019-09-06 21:00:00,73.0,9,21,4,51907.737,49738.165,10092.412846153857,4643.635999999991
2019-09-06 22:00:00,72.0,9,22,4,47886.826,46568.945,8219.823076923072,3948.599750000001
2019-09-06 23:00:00,70.0,9,23,4,43926.324,42988.234,6466.888692307701,3013.9044999999896
2019-09-07 00:00:00,69.1,9,0,5,40795.989,39694.397,5182.751307692313,1117.2597499999974
2019-09-07 01:00:00,69.1,9,1,5,38658.489,37509.191,4475.293153846156,942.1842499999984
2019-09-07 02:00:00,68.0,9,2,5,37283.778,35955.205,4028.78169230769,710.5910000000003
2019-09-07 03:00:00,66.9,9,3,5,36492.706,34924.792,3747.865307692311,603.0285000000003
2019-09-07 04:00:00,68.0,9,4,5,36463.054,34585.661,3745.134923076916,720.4194999999963
2019-09-07 05:00:00,66.9,9,5,5,37924.021,34701.606,4483.393000000004,734.0149999999994
2019-09-07 06:00:00,66.0,9,6,5,40840.159,35291.511,5883.649769230768,833.3312499999956
2019-09-07 07:00:00,66.0,9,7,5,42607.6,35914.658,6330.460846153837,900.8290000000052
2019-09-07 08:00:00,66.9,9,8,5,44334.226,37685.989,6694.426230769226,826.1127500000002
2019-09-07 09:00:00,66.9,9,9,5,45880.397,40005.88,6888.5147692307655,866.2362499999945
2019-09-07 10:00:00,70.0,9,10,5,47491.98,42003.349,7336.893692307691,867.6710000000021
2019-09-07 11:00:00,70.0,9,11,5,48721.541,43756.169,7546.550230769229,912.2457500000093
2019-09-07 12:00:00,71.1,9,12,5,49959.357,45330.226,7884.123000000007,910.7410000000018
2019-09-07 13:00:00,73.0,9,13,5,51382.257,46723.315,8680.311307692296,929.29075
2019-09-07 14:00:00,75.0,9,14,5,52351.953,47751.128,9231.817615384614,842.698249999994
2019-09-07 15:00:00,75.0,9,15,5,53302.747,48502.918,9835.934076923077,558.2779999999984
2019-09-07 16:00:00,78.1,9,16,5,54061.103,48564.441,10224.770923076923,0.0
2019-09-07 17:00:00,78.1,9,17,5,54205.388,47965.365,10139.66653846154,0.0
2019-09-07 18:00:00,77.0,9,18,5,53297.418,46963.137,9642.303846153844,0.0
2019-09-07 19:00:00,73.9,9,19,5,51540.333,45545.944,8156.45815384615,0.0
2019-09-07 20:00:00,72.0,9,20,5,51064.224,45399.858,7656.429461538464,0.0
2019-09-07 21:00:00,66.9,9,21,5,48921.812,44081.947,7106.487846153854,0.0
2019-09-07 22:00:00,64.9,9,22,5,45454.962,41889.292,5787.959076923071,0.0
2019-09-07 23:00:00,64.0,9,23,5,41932.674,39327.692,4473.238692307699,0.0
2019-09-08 00:00:00,62.1,9,0,6,39198.001,37136.828,3584.7633076923084,1523.5903076923132
2019-09-08 01:00:00,61.0,9,1,6,37306.867,35546.456,3123.671153846153,1363.2601538461531
2019-09-08 02:00:00,59.0,9,2,6,36167.818,34323.042,2912.8216923076907,1068.045692307693
2019-09-08 03:00:00,59.0,9,3,6,35462.238,33483.028,2717.3973076923103,738.1873076923112
2019-09-08 04:00:00,57.0,9,4,6,35650.174,33093.208,2932.254923076918,375.28892307691785
2019-09-08 05:00:00,55.9,9,5,6,37158.016,33065.194,3717.3880000000063,0.0
2019-09-08 06:00:00,55.9,9,6,6,40395.198,33446.234,5438.688769230765,0.0
2019-09-08 07:00:00,57.9,9,7,6,42376.885,33994.48,6099.745846153841,0.0
2019-09-08 08:00:00,59.0,9,8,6,44049.425,35798.275,6409.625230769227,0.0
2019-09-08 09:00:00,61.0,9,9,6,45637.185,37928.507,6645.302769230766,0.0
2019-09-08 10:00:00,63.0,9,10,6,47284.904,40053.585,7129.81769230769,0.0
2019-09-08 11:00:00,66.0,9,11,6,48601.137,42139.318,7426.146230769234,964.3272307692314
2019-09-08 12:00:00,71.1,9,12,6,49774.134,44089.173,7698.9000000000015,2013.9390000000053
2019-09-08 13:00:00,73.0,9,13,6,50849.264,45450.794,8147.318307692301,2748.8483076923003
2019-09-08 14:00:00,73.0,9,14,6,51426.807,46391.027,8306.671615384614,3270.891615384615
2019-09-08 15:00:00,75.0,9,15,6,51769.783,47148.332,8302.970076923077,3681.519076923076
2019-09-08 16:00:00,75.9,9,16,6,51715.864,47826.928,7879.531923076924,3990.595923076922
2019-09-08 17:00:00,73.0,9,17,6,51139.601,47849.859,7073.879538461544,3784.1375384615385
2019-09-08 18:00:00,73.0,9,18,6,49760.939,47043.751,6105.824846153846,3388.636846153844
2019-09-08 19:00:00,70.0,9,19,6,48601.342,45904.411,5217.467153846148,2520.536153846151
2019-09-08 20:00:00,69.1,9,20,6,48471.15,45864.715,5063.355461538464,2456.9204615384588
2019-09-08 21:00:00,66.9,9,21,6,46978.45,44684.062,5163.125846153853,2868.7378461538538
2019-09-08 22:00:00,66.0,9,22,6,44611.697,42516.589,4944.694076923071,2849.5860769230712
2019-09-08 23:00:00,66.0,9,23,6,41594.971,39930.619,4135.535692307698,2471.183692307699
2019-09-09 00:00:00,66.0,9,0,0,38754.58,37553.63,3141.3423076923136,1940.3923076923093
2019-09-09 01:00:00,66.0,9,1,0,36835.463,35785.754,2652.267153846158,1602.5581538461556
2019-09-09 02:00:00,64.9,9,2,0,35506.89,34463.219,2251.893692307691,1208.2226923076887
2019-09-09 03:00:00,64.0,9,3,0,34528.53,33728.12,1783.6893076923116,983.2793076923152
2019-09-09 04:00:00,64.0,9,4,0,34261.162,33506.471,1543.2429230769158,788.5519230769169
2019-09-09 05:00:00,62.1,9,5,0,34730.733,33873.373,1290.1050000000032,432.7450000000026
2019-09-09 06:00:00,60.1,9,6,0,35674.069,34643.509,717.559769230771,0.0
2019-09-09 07:00:00,60.1,9,7,0,36641.081,34973.178,363.9418461538371,0.0
2019-09-09 08:00:00,61.0,9,8,0,38449.252,36895.77,809.4522307692241,0.0
2019-09-09 09:00:00,64.9,9,9,0,40434.494,39651.173,1442.611769230767,659.2907692307708
2019-09-09 10:00:00,69.1,9,10,0,42203.655,42478.672,2048.5686923076864,2323.5856923076863
2019-09-09 11:00:00,72.0,9,11,0,43365.609,45323.664,2190.618230769229,4148.673230769229
2019-09-09 12:00:00,75.9,9,12,0,44412.341,47567.237,2337.107000000004,5492.003000000004
2019-09-09 13:00:00,79.0,9,13,0,45433.168,49423.995,2731.2223076922965,6722.049307692301
2019-09-09 14:00:00,79.0,9,14,0,46469.129,51050.965,3348.993615384614,7930.8296153846095
2019-09-09 15:00:00,81.0,9,15,0,47395.212,52467.489,3928.399076923073,9000.676076923075
2019-09-09 16:00:00,80.1,9,16,0,48532.706,53718.289,4696.373923076921,9881.95692307692
2019-09-09 17:00:00,81.0,9,17,0,48672.683,54595.163,4606.961538461539,10529.441538461542
2019-09-09 18:00:00,82.0,9,18,0,47761.638,54246.192,4106.523846153847,10591.07784615385
2019-09-09 19:00:00,80.1,9,19,0,46202.35,52636.952,2818.4751538461496,9253.077153846149
2019-09-09 20:00:00,75.9,9,20,0,45892.064,52014.179,2484.2694615384607,8606.384461538459
2019-09-09 21:00:00,73.9,9,21,0,44265.217,49904.736,2449.8928461538526,8089.411846153853
2019-09-09 22:00:00,71.1,9,22,0,41725.603,46350.791,2058.600076923074,6683.788076923069
2019-09-09 23:00:00,70.0,9,23,0,39116.533,42851.064,1657.0976923077033,5391.628692307699
2019-09-10 00:00:00,70.0,9,0,1,36765.073,40001.963,1151.8353076923086,4388.725307692315
2019-09-10 01:00:00,68.0,9,1,1,34916.41,38017.945,733.2141538461583,3834.7491538461545
2019-09-10 02:00:00,66.9,9,2,1,33819.178,36674.087,564.1816923076913,3419.090692307691
2019-09-10 03:00:00,66.9,9,3,1,33047.964,35905.324,303.12330769231266,3160.483307692313
2019-09-10 04:00:00,66.9,9,4,1,32684.215,36177.037,0.0,3459.117923076916
2019-09-10 05:00:00,66.0,9,5,1,32881.986,37900.657,0.0,4460.029000000002
2019-09-10 06:00:00,64.0,9,6,1,33497.129,41596.262,0.0,6639.75276923077
2019-09-10 07:00:00,64.0,9,7,1,34088.872,44258.211,0.0,7981.071846153842
2019-09-10 08:00:00,64.9,9,8,1,35707.045,46525.913,0.0,8886.113230769224
2019-09-10 09:00:00,69.1,9,9,1,37724.877,48628.363,0.0,9636.480769230766
2019-09-10 10:00:00,72.0,9,10,1,39219.445,51144.937,0.0,10989.850692307686
2019-09-10 11:00:00,77.0,9,11,1,41078.775,53059.146,0.0,11884.155230769233
2019-09-10 12:00:00,81.0,9,12,1,42492.378,54903.933,417.1440000000002,12828.699
2019-09-10 13:00:00,82.9,9,13,1,43496.956,57205.235,795.0103076922969,14503.2893076923
2019-09-10 14:00:00,86.0,9,14,1,44096.23,58660.075,976.0946153846162,15539.93961538461
2019-09-10 15:00:00,89.1,9,15,1,44661.606,59792.783,1194.7930769230734,16325.970076923077
2019-09-10 16:00:00,90.0,9,16,1,45196.192,60666.522,1359.859923076925,16830.18992307692
2019-09-10 17:00:00,90.0,9,17,1,45547.139,61408.296,1481.4175384615446,17342.574538461544
2019-09-10 18:00:00,90.0,9,18,1,45383.159,61312.53,1728.0448461538472,17657.415846153846
2019-09-10 19:00:00,88.0,9,19,1,45053.796,59644.791,1669.9211538461532,16260.916153846149
2019-09-10 20:00:00,84.9,9,20,1,45643.647,59035.93,2235.8524615384595,15628.135461538464
2019-09-10 21:00:00,82.0,9,21,1,44109.993,56647.259,2294.668846153858,14831.934846153854
2019-09-10 22:00:00,80.1,9,22,1,41567.856,52379.185,1900.853076923071,12712.182076923067
2019-09-10 23:00:00,79.0,9,23,1,39149.001,47925.204,1689.5656923076967,10465.768692307698
2019-09-11 00:00:00,75.0,9,0,2,37012.712,44345.872,1399.4743076923114,8732.634307692315
2019-09-11 01:00:00,73.0,9,1,2,35807.957,41898.693,1624.761153846157,7715.497153846154
2019-09-11 02:00:00,72.0,9,2,2,34795.311,40327.07,1540.314692307693,7072.073692307691
2019-09-11 03:00:00,73.9,9,3,2,34656.878,39255.143,1912.0373076923097,6510.302307692309
2019-09-11 04:00:00,73.0,9,4,2,35073.448,39200.402,2355.528923076916,6482.482923076921
2019-09-11 05:00:00,72.0,9,5,2,36895.879,40708.983,3455.251000000004,7268.355000000003
2019-09-11 06:00:00,70.0,9,6,2,40392.734,43993.122,5436.224769230765,9036.612769230773
2019-09-11 07:00:00,72.0,9,7,2,42792.785,45988.206,6515.645846153842,9711.066846153835
2019-09-11 08:00:00,72.0,9,8,2,44398.068,47975.996,6758.268230769223,10336.196230769225
2019-09-11 09:00:00,73.9,9,9,2,46019.065,50281.139,7027.182769230771,11289.256769230771
2019-09-11 10:00:00,77.0,9,10,2,47863.078,52709.9,7707.991692307689,12554.813692307687
2019-09-11 11:00:00,81.0,9,11,2,49468.378,54630.414,8293.387230769229,13455.42323076923
2019-09-11 12:00:00,84.9,9,12,2,51208.181,56387.481,9132.947,14312.247000000005
2019-09-11 13:00:00,88.0,9,13,2,53027.256,57884.488,10325.3103076923,15182.542307692296
2019-09-11 14:00:00,91.0,9,14,2,54311.755,58978.17,11191.61961538461,15858.034615384611
2019-09-11 15:00:00,91.0,9,15,2,55390.463,59455.88,11923.650076923075,15989.067076923073
2019-09-11 16:00:00,91.0,9,16,2,56414.139,59712.185,12577.806923076923,15875.85292307692
2019-09-11 17:00:00,91.0,9,17,2,56729.944,59217.986,12664.222538461545,15152.26453846154
2019-09-11 18:00:00,90.0,9,18,2,56199.745,57545.399,12544.63084615385,13890.284846153843
2019-09-11 19:00:00,88.0,9,19,2,54674.547,55304.564,11290.67215384615,11920.68915384615
2019-09-11 20:00:00,84.9,9,20,2,54484.531,54483.017,11076.736461538463,11075.222461538462
2019-09-11 21:00:00,82.9,9,21,2,52027.975,51907.737,10212.650846153854,10092.412846153857
2019-09-11 22:00:00,80.1,9,22,2,48321.218,47886.826,8654.215076923072,8219.823076923072
2019-09-11 23:00:00,78.1,9,23,2,44654.159,43926.324,7194.7236923077,6466.888692307701
2019-09-12 00:00:00,77.0,9,0,3,41662.915,40795.989,6049.677307692313,5182.751307692313
2019-09-12 01:00:00,73.9,9,1,3,39567.471,38658.489,5384.2751538461525,4475.293153846156
2019-09-12 02:00:00,71.1,9,2,3,38187.372,37283.778,4932.375692307694,4028.78169230769
2019-09-12 03:00:00,73.0,9,3,3,37493.7,36492.706,4748.85930769231,3747.865307692311
2019-09-12 04:00:00,71.1,9,4,3,37633.587,36463.054,4915.667923076919,3745.134923076916
2019-09-12 05:00:00,71.1,9,5,3,39329.816,37924.021,5889.188000000002,4483.393000000004
2019-09-12 06:00:00,70.0,9,6,3,42958.387,40840.159,8001.87776923077,5883.649769230768
2019-09-12 07:00:00,70.0,9,7,3,45285.958,42607.6,9008.818846153838,6330.460846153837
2019-09-12 08:00:00,71.1,9,8,3,46818.184,44334.226,9178.384230769225,6694.426230769226
2019-09-12 09:00:00,73.9,9,9,3,49034.13,45880.397,10042.247769230766,6888.5147692307655
2019-09-12 10:00:00,79.0,9,10,3,51996.935,47491.98,11841.848692307683,7336.893692307691
2019-09-12 11:00:00,82.9,9,11,3,55317.255,48721.541,14142.26423076923,7546.550230769229
2019-09-12 12:00:00,87.1,9,12,3,58834.176,49959.357,16758.942000000003,7884.123000000007
2019-09-12 13:00:00,89.1,9,13,3,62559.977,51382.257,19858.031307692298,8680.311307692296
2019-09-12 14:00:00,91.0,9,14,3,65560.285,52351.953,22440.149615384616,9231.817615384614
2019-09-12 15:00:00,90.0,9,15,3,67755.109,53302.747,24288.29607692307,9835.934076923077
2019-09-12 16:00:00,91.9,9,16,3,69073.196,54061.103,25236.86392307692,10224.770923076923
2019-09-12 17:00:00,91.9,9,17,3,69263.954,54205.388,25198.23253846154,10139.66653846154
2019-09-12 18:00:00,90.0,9,18,3,68161.03,53297.418,24505.915846153846,9642.303846153844
2019-09-12 19:00:00,87.1,9,19,3,65874.721,51540.333,22490.84615384616,8156.45815384615
2019-09-12 20:00:00,82.9,9,20,3,64733.173,51064.224,21325.378461538465,7656.429461538464
2019-09-12 21:00:00,80.1,9,21,3,61386.555,48921.812,19571.230846153856,7106.487846153854
2019-09-12 22:00:00,78.1,9,22,3,56802.583,45454.962,17135.58007692307,5787.959076923071
2019-09-12 23:00:00,78.1,9,23,3,52004.651,41932.674,14545.215692307698,4473.238692307699
2019-09-13 00:00:00,73.9,9,0,4,48309.333,39198.001,12696.09530769231,3584.7633076923084
2019-09-13 01:00:00,73.9,9,1,4,45408.43,37306.867,11225.234153846155,3123.671153846153
2019-09-13 02:00:00,73.0,9,2,4,43477.363,36167.818,10222.366692307687,2912.8216923076907
2019-09-13 03:00:00,73.0,9,3,4,42402.56,35462.238,9657.71930769231,2717.3973076923103
2019-09-13 04:00:00,72.0,9,4,4,42302.531,35650.174,9584.611923076922,2932.254923076918
2019-09-13 05:00:00,71.1,9,5,4,43912.821,37158.016,10472.193000000008,3717.3880000000063
2019-09-13 06:00:00,71.1,9,6,4,47375.916,40395.198,12419.406769230764,5438.688769230765
2019-09-13 07:00:00,72.0,9,7,4,50009.683,42376.885,13732.543846153836,6099.745846153841
2019-09-13 08:00:00,72.0,9,8,4,51936.94,44049.425,14297.140230769226,6409.625230769227
2019-09-13 09:00:00,73.9,9,9,4,54877.706,45637.185,15885.823769230768,6645.302769230766
2019-09-13 10:00:00,78.1,9,10,4,58603.794,47284.904,18448.70769230769,7129.81769230769
2019-09-13 11:00:00,82.9,9,11,4,62641.06,48601.137,21466.06923076923,7426.146230769234
2019-09-13 12:00:00,87.1,9,12,4,66511.48,49774.134,24436.246,7698.9000000000015
2019-09-13 13:00:00,90.0,9,13,4,69892.618,50849.264,27190.6723076923,8147.318307692301
2019-09-13 14:00:00,91.9,9,14,4,71909.203,51426.807,28789.067615384607,8306.671615384614
2019-09-13 15:00:00,91.9,9,15,4,72367.256,51769.783,28900.443076923068,8302.970076923077
2019-09-13 16:00:00,91.9,9,16,4,71941.899,51715.864,28105.566923076927,7879.531923076924
2019-09-13 17:00:00,91.9,9,17,4,71149.943,51139.601,27084.22153846154,7073.879538461544
2019-09-13 18:00:00,90.0,9,18,4,69861.017,49760.939,26205.90284615385,6105.824846153846
2019-09-13 19:00:00,89.1,9,19,4,67753.17,48601.342,24369.29515384615,5217.467153846148
2019-09-13 20:00:00,87.1,9,20,4,66373.286,48471.15,22965.49146153845,5063.355461538464
2019-09-13 21:00:00,84.9,9,21,4,62904.394,46978.45,21089.069846153856,5163.125846153853
2019-09-13 22:00:00,82.9,9,22,4,58186.514,44611.697,18519.51107692308,4944.694076923071
2019-09-13 23:00:00,82.0,9,23,4,53350.95,41594.971,15891.514692307695,4135.535692307698
2019-09-14 00:00:00,80.1,9,0,5,48969.002,38754.58,13355.764307692312,3141.3423076923136
2019-09-14 01:00:00,77.0,9,1,5,45885.152,36835.463,11701.956153846157,2652.267153846158
2019-09-14 02:00:00,75.9,9,2,5,43554.983,35506.89,10299.986692307692,2251.893692307691
2019-09-14 03:00:00,73.9,9,3,5,42291.091,34528.53,9546.250307692311,1783.6893076923116
2019-09-14 04:00:00,72.0,9,4,5,42198.101,34261.162,9480.181923076922,1543.2429230769158
2019-09-14 05:00:00,70.0,9,5,5,43536.173,34730.733,10095.545000000006,1290.1050000000032
2019-09-14 06:00:00,68.0,9,6,5,46851.002,35674.069,11894.492769230768,717.559769230771
2019-09-14 07:00:00,66.9,9,7,5,49317.835,36641.081,13040.695846153838,363.9418461538371
2019-09-14 08:00:00,64.9,9,8,5,51120.821,38449.252,13481.021230769227,809.4522307692241
2019-09-14 09:00:00,66.0,9,9,5,53682.449,40434.494,14690.566769230769,1442.611769230767
2019-09-14 10:00:00,70.0,9,10,5,56783.866,42203.655,16628.77969230769,2048.5686923076864
2019-09-14 11:00:00,72.0,9,11,5,59730.344,43365.609,18555.35323076923,2190.618230769229
2019-09-14 12:00:00,73.9,9,12,5,62349.148,44412.341,20273.914000000004,2337.107000000004
2019-09-14 13:00:00,75.0,9,13,5,64776.698,45433.168,22074.75230769229,2731.2223076922965
2019-09-14 14:00:00,75.9,9,14,5,66489.254,46469.129,23369.118615384614,3348.993615384614
2019-09-14 15:00:00,77.0,9,15,5,67649.034,47395.212,24182.22107692308,3928.399076923073
2019-09-14 16:00:00,78.1,9,16,5,68146.298,48532.706,24309.96592307692,4696.373923076921
2019-09-14 17:00:00,80.1,9,17,5,67552.396,48672.683,23486.67453846153,4606.961538461539
2019-09-14 18:00:00,79.0,9,18,5,66311.072,47761.638,22655.957846153848,4106.523846153847
2019-09-14 19:00:00,78.1,9,19,5,64054.539,46202.35,20670.664153846148,2818.4751538461496
2019-09-14 20:00:00,73.9,9,20,5,63049.646,45892.064,19641.851461538463,2484.2694615384607
2019-09-14 21:00:00,68.0,9,21,5,59993.714,44265.217,18178.389846153856,2449.8928461538526
2019-09-14 22:00:00,64.9,9,22,5,55621.066,41725.603,15954.06307692307,2058.600076923074
2019-09-14 23:00:00,64.0,9,23,5,51225.034,39116.533,13765.5986923077,1657.0976923077033
2019-09-15 00:00:00,62.1,9,0,6,47421.295,36765.073,11808.05730769231,1151.8353076923086
2019-09-15 01:00:00,62.1,9,1,6,45045.081,34916.41,10861.885153846151,733.2141538461583
2019-09-15 02:00:00,59.0,9,2,6,43240.708,33819.178,9985.71169230769,564.1816923076913
2019-09-15 03:00:00,59.0,9,3,6,42107.435,33047.964,9362.59430769231,303.12330769231266
2019-09-15 04:00:00,59.0,9,4,6,42025.062,32684.215,9307.142923076915,0.0
2019-09-15 05:00:00,59.0,9,5,6,43327.997,32881.986,9887.369000000006,0.0
2019-09-15 06:00:00,60.1,9,6,6,46685.421,33497.129,11728.91176923077,0.0
2019-09-15 07:00:00,57.9,9,7,6,49025.658,34088.872,12748.518846153842,0.0
2019-09-15 08:00:00,57.9,9,8,6,50790.066,35707.045,13150.266230769224,0.0
2019-09-15 09:00:00,63.0,9,9,6,53367.001,37724.877,14375.118769230765,0.0
2019-09-15 10:00:00,68.0,9,10,6,56154.469,39219.445,15999.382692307683,0.0
2019-09-15 11:00:00,73.0,9,11,6,59235.939,41078.775,18060.94823076923,0.0
2019-09-15 12:00:00,75.9,9,12,6,62252.316,42492.378,20177.082,417.1440000000002
2019-09-15 13:00:00,77.0,9,13,6,64496.801,43496.956,21794.85530769229,795.0103076922969
2019-09-15 14:00:00,80.1,9,14,6,65589.464,44096.23,22469.32861538462,976.0946153846162
2019-09-15 15:00:00,84.9,9,15,6,65731.958,44661.606,22265.145076923072,1194.7930769230734
2019-09-15 16:00:00,82.9,9,16,6,65505.88,45196.192,21669.54792307692,1359.859923076925
2019-09-15 17:00:00,84.0,9,17,6,64003.467,45547.139,19937.74553846154,1481.4175384615446
2019-09-15 18:00:00,82.0,9,18,6,61676.909,45383.159,18021.794846153847,1728.0448461538472
2019-09-15 19:00:00,81.0,9,19,6,58880.116,45053.796,15496.241153846153,1669.9211538461532
2019-09-15 20:00:00,79.0,9,20,6,57220.591,45643.647,13812.796461538464,2235.8524615384595
2019-09-15 21:00:00,79.0,9,21,6,54457.11,44109.993,12641.785846153856,2294.668846153858
2019-09-15 22:00:00,79.0,9,22,6,51045.169,41567.856,11378.166076923071,1900.853076923071
2019-09-15 23:00:00,75.0,9,23,6,47307.454,39149.001,9848.018692307698,1689.5656923076967
2019-09-16 00:00:00,75.0,9,0,0,43813.99,37012.712,8200.75230769231,1399.4743076923114
2019-09-16 01:00:00,72.0,9,1,0,41331.396,35807.957,7148.200153846155,1624.761153846157
2019-09-16 02:00:00,72.0,9,2,0,39377.466,34795.311,6122.469692307692,1540.314692307693
2019-09-16 03:00:00,70.0,9,3,0,38068.724,34656.878,5323.883307692315,1912.0373076923097
2019-09-16 04:00:00,66.9,9,4,0,37381.263,35073.448,4663.343923076918,2355.528923076916
2019-09-16 05:00:00,70.0,9,5,0,37174.798,36895.879,3734.1700000000055,3455.251000000004
2019-09-16 06:00:00,68.0,9,6,0,38232.747,40392.734,3276.237769230771,5436.224769230765
2019-09-16 07:00:00,68.0,9,7,0,38787.824,42792.785,2510.68484615384,6515.645846153842
2019-09-16 08:00:00,68.0,9,8,0,40711.367,44398.068,3071.567230769222,6758.268230769223
2019-09-16 09:00:00,71.1,9,9,0,43109.274,46019.065,4117.391769230766,7027.182769230771
2019-09-16 10:00:00,75.0,9,10,0,45345.991,47863.078,5190.904692307689,7707.991692307689
2019-09-16 11:00:00,75.0,9,11,0,47116.285,49468.378,5941.294230769236,8293.387230769229
2019-09-16 12:00:00,75.0,9,12,0,48632.033,51208.181,6556.799000000006,9132.947
2019-09-16 13:00:00,84.9,9,13,0,50105.749,53027.256,7403.803307692302,10325.3103076923
2019-09-16 14:00:00,84.9,9,14,0,51403.096,54311.755,8282.96061538461,11191.61961538461
2019-09-16 15:00:00,87.1,9,15,0,52480.537,55390.463,9013.72407692307,11923.650076923075
2019-09-16 16:00:00,87.1,9,16,0,53517.116,56414.139,9680.783923076924,12577.806923076923
2019-09-16 17:00:00,86.0,9,17,0,53728.019,56729.944,9662.297538461542,12664.222538461545
2019-09-16 18:00:00,84.9,9,18,0,52239.568,56199.745,8584.453846153847,12544.63084615385
2019-09-16 19:00:00,82.0,9,19,0,50019.869,54674.547,6635.99415384615,11290.67215384615
2019-09-16 20:00:00,79.0,9,20,0,49058.738,54484.531,5650.94346153846,11076.736461538463
2019-09-16 21:00:00,75.9,9,21,0,46925.397,52027.975,5110.072846153853,10212.650846153854
2019-09-16 22:00:00,73.9,9,22,0,44158.467,48321.218,4491.464076923068,8654.215076923072
2019-09-16 23:00:00,72.0,9,23,0,41277.82,44654.159,3818.3846923077,7194.7236923077
2019-09-17 00:00:00,70.0,9,0,1,38591.397,41662.915,2978.159307692309,6049.677307692313
2019-09-17 01:00:00,70.0,9,1,1,36734.833,39567.471,2551.637153846153,5384.2751538461525
2019-09-17 02:00:00,66.9,9,2,1,35294.27,38187.372,2039.273692307688,4932.375692307694
2019-09-17 03:00:00,64.9,9,3,1,34295.438,37493.7,1550.5973076923146,4748.85930769231
2019-09-17 04:00:00,64.9,9,4,1,33825.859,37633.587,1107.939923076916,4915.667923076919
2019-09-17 05:00:00,64.0,9,5,1,33744.244,39329.816,303.6160000000018,5889.188000000002
2019-09-17 06:00:00,64.0,9,6,1,34256.845,42958.387,0.0,8001.87776923077
2019-09-17 07:00:00,63.0,9,7,1,34840.507,45285.958,0.0,9008.818846153838
2019-09-17 08:00:00,63.0,9,8,1,36546.213,46818.184,0.0,9178.384230769225
2019-09-17 09:00:00,66.9,9,9,1,38815.867,49034.13,0.0,10042.247769230766
2019-09-17 10:00:00,71.1,9,10,1,40805.613,51996.935,650.5266923076852,11841.848692307683
2019-09-17 11:00:00,75.9,9,11,1,42801.703,55317.255,1626.7122307692334,14142.26423076923
2019-09-17 12:00:00,77.0,9,12,1,44618.193,58834.176,2542.9590000000026,16758.942000000003
2019-09-17 13:00:00,75.9,9,13,1,46582.291,62559.977,3880.345307692296,19858.031307692298
2019-09-17 14:00:00,78.1,9,14,1,48575.216,65560.285,5455.080615384613,22440.149615384616
2019-09-17 15:00:00,81.0,9,15,1,50662.262,67755.109,7195.449076923076,24288.29607692307
2019-09-17 16:00:00,81.0,9,16,1,52207.67,69073.196,8371.33792307692,25236.86392307692
2019-09-17 17:00:00,81.0,9,17,1,52834.733,69263.954,8769.011538461542,25198.23253846154
2019-09-17 18:00:00,80.1,9,18,1,52362.375,68161.03,8707.260846153848,24505.915846153846
2019-09-17 19:00:00,77.0,9,19,1,51663.776,65874.721,8279.90115384615,22490.84615384616
2019-09-17 20:00:00,73.0,9,20,1,51641.061,64733.173,8233.266461538464,21325.378461538465
2019-09-17 21:00:00,71.1,9,21,1,49361.459,61386.555,7546.134846153858,19571.230846153856
2019-09-17 22:00:00,69.1,9,22,1,46391.801,56802.583,6724.798076923071,17135.58007692307
2019-09-17 23:00:00,68.0,9,23,1,43125.387,52004.651,5665.951692307703,14545.215692307698
2019-09-18 00:00:00,66.9,9,0,2,40606.391,48309.333,4993.153307692315,12696.09530769231
2019-09-18 01:00:00,66.9,9,1,2,38653.65,45408.43,4470.454153846156,11225.234153846155
2019-09-18 02:00:00,64.9,9,2,2,37665.286,43477.363,4410.289692307691,10222.366692307687
2019-09-18 03:00:00,64.9,9,3,2,37150.771,42402.56,4405.930307692313,9657.71930769231
2019-09-18 04:00:00,64.0,9,4,2,37615.156,42302.531,4897.236923076922,9584.611923076922
2019-09-18 05:00:00,64.0,9,5,2,39367.049,43912.821,5926.421000000002,10472.193000000008
2019-09-18 06:00:00,64.0,9,6,2,43043.708,47375.916,8087.198769230767,12419.406769230764
2019-09-18 07:00:00,64.0,9,7,2,45710.011,50009.683,9432.871846153836,13732.543846153836
2019-09-18 08:00:00,62.1,9,8,2,47143.35,51936.94,9503.550230769222,14297.140230769226
2019-09-18 09:00:00,66.0,9,9,2,49330.514,54877.706,10338.631769230771,15885.823769230768
2019-09-18 10:00:00,71.1,9,10,2,51695.832,58603.794,11540.74569230769,18448.70769230769
2019-09-18 11:00:00,73.9,9,11,2,54117.859,62641.06,12942.868230769229,21466.06923076923
2019-09-18 12:00:00,78.1,9,12,2,56975.095,66511.48,14899.861000000004,24436.246
2019-09-18 13:00:00,80.1,9,13,2,59528.504,69892.618,16826.5583076923,27190.6723076923
2019-09-18 14:00:00,82.0,9,14,2,61330.283,71909.203,18210.147615384616,28789.067615384607
2019-09-18 15:00:00,82.9,9,15,2,62678.548,72367.256,19211.73507692308,28900.443076923068
2019-09-18 16:00:00,82.9,9,16,2,63609.739,71941.899,19773.406923076924,28105.566923076927
2019-09-18 17:00:00,82.9,9,17,2,63570.293,71149.943,19504.57153846154,27084.22153846154
2019-09-18 18:00:00,82.0,9,18,2,61939.881,69861.017,18284.76684615385,26205.90284615385
2019-09-18 19:00:00,78.1,9,19,2,59693.84,67753.17,16309.965153846148,24369.29515384615
2019-09-18 20:00:00,73.0,9,20,2,58477.065,66373.286,15069.270461538465,22965.49146153845
2019-09-18 21:00:00,70.0,9,21,2,55049.934,62904.394,13234.609846153857,21089.069846153856
2019-09-18 22:00:00,68.0,9,22,2,50931.667,58186.514,11264.664076923073,18519.51107692308
2019-09-18 23:00:00,66.9,9,23,2,46662.199,53350.95,9202.7636923077,15891.514692307695
2019-09-19 00:00:00,66.9,9,0,3,43323.779,48969.002,7710.541307692314,13355.764307692312
2019-09-19 01:00:00,64.0,9,1,3,40984.755,45885.152,6801.559153846152,11701.956153846157
2019-09-19 02:00:00,63.0,9,2,3,39438.708,43554.983,6183.71169230769,10299.986692307692
2019-09-19 03:00:00,62.1,9,3,3,38407.56,42291.091,5662.71930769231,9546.250307692311
2019-09-19 04:00:00,62.1,9,4,3,38529.928,42198.101,5812.008923076919,9480.181923076922
2019-09-19 05:00:00,61.0,9,5,3,40055.532,43536.173,6614.904000000002,10095.545000000006
2019-09-19 06:00:00,59.0,9,6,3,43410.602,46851.002,8454.092769230767,11894.492769230768
2019-09-19 07:00:00,60.1,9,7,3,45724.63,49317.835,9447.490846153836,13040.695846153838
2019-09-19 08:00:00,61.0,9,8,3,47241.022,51120.821,9601.22223076922,13481.021230769227
2019-09-19 09:00:00,64.9,9,9,3,48989.681,53682.449,9997.798769230763,14690.566769230769
2019-09-19 10:00:00,68.0,9,10,3,50919.441,56783.866,10764.354692307686,16628.77969230769
2019-09-19 11:00:00,71.1,9,11,3,53106.968,59730.344,11931.977230769233,18555.35323076923
2019-09-19 12:00:00,75.0,9,12,3,55182.578,62349.148,13107.344000000005,20273.914000000004
2019-09-19 13:00:00,78.1,9,13,3,57111.486,64776.698,14409.540307692296,22074.75230769229
2019-09-19 14:00:00,81.0,9,14,3,58770.342,66489.254,15650.20661538461,23369.118615384614
2019-09-19 15:00:00,82.9,9,15,3,59865.989,67649.034,16399.176076923075,24182.22107692308
2019-09-19 16:00:00,84.0,9,16,3,60538.865,68146.298,16702.53292307692,24309.96592307692
2019-09-19 17:00:00,84.0,9,17,3,60479.317,67552.396,16413.595538461544,23486.67453846153
2019-09-19 18:00:00,82.0,9,18,3,58943.845,66311.072,15288.730846153849,22655.957846153848
2019-09-19 19:00:00,81.0,9,19,3,56573.929,64054.539,13190.054153846148,20670.664153846148
2019-09-19 20:00:00,78.1,9,20,3,55662.893,63049.646,12255.09846153846,19641.851461538463
2019-09-19 21:00:00,75.9,9,21,3,52469.407,59993.714,10654.082846153857,18178.389846153856
2019-09-19 22:00:00,73.9,9,22,3,48581.539,55621.066,8914.536076923068,15954.06307692307
2019-09-19 23:00:00,73.0,9,23,3,44600.959,51225.034,7141.523692307703,13765.5986923077
2019-09-20 00:00:00,72.0,9,0,4,41451.142,47421.295,5837.904307692312,11808.05730769231
2019-09-20 01:00:00,70.0,9,1,4,39252.074,45045.081,5068.878153846155,10861.885153846151
2019-09-20 02:00:00,70.0,9,2,4,37742.238,43240.708,4487.241692307689,9985.71169230769
2019-09-20 03:00:00,71.1,9,3,4,36887.497,42107.435,4142.656307692316,9362.59430769231
2019-09-20 04:00:00,66.9,9,4,4,36887.49,42025.062,4169.570923076917,9307.142923076915
2019-09-20 05:00:00,66.0,9,5,4,38469.622,43327.997,5028.994000000006,9887.369000000006
2019-09-20 06:00:00,64.9,9,6,4,41564.783,46685.421,6608.273769230771,11728.91176923077
2019-09-20 07:00:00,64.9,9,7,4,43561.648,49025.658,7284.50884615384,12748.518846153842
2019-09-20 08:00:00,66.0,9,8,4,45047.734,50790.066,7407.93423076922,13150.266230769224
2019-09-20 09:00:00,66.9,9,9,4,46872.138,53367.001,7880.255769230767,14375.118769230765
2019-09-20 10:00:00,70.0,9,10,4,49031.354,56154.469,8876.267692307687,15999.382692307683
2019-09-20 11:00:00,73.9,9,11,4,51158.015,59235.939,9983.024230769232,18060.94823076923
2019-09-20 12:00:00,78.1,9,12,4,53364.073,62252.316,11288.839,20177.082
2019-09-20 13:00:00,81.0,9,13,4,55262.427,64496.801,12560.481307692302,21794.85530769229
2019-09-20 14:00:00,84.0,9,14,4,56897.563,65589.464,13777.427615384617,22469.32861538462
2019-09-20 15:00:00,84.9,9,15,4,58523.199,65731.958,15056.386076923074,22265.145076923072
2019-09-20 16:00:00,88.0,9,16,4,59832.093,65505.88,15995.760923076925,21669.54792307692
2019-09-20 17:00:00,86.0,9,17,4,59946.932,64003.467,15881.210538461542,19937.74553846154
2019-09-20 18:00:00,86.0,9,18,4,58231.634,61676.909,14576.519846153846,18021.794846153847
2019-09-20 19:00:00,84.0,9,19,4,55979.966,58880.116,12596.091153846151,15496.241153846153
2019-09-20 20:00:00,73.9,9,20,4,54901.796,57220.591,11494.001461538464,13812.796461538464
2019-09-20 21:00:00,73.0,9,21,4,51948.434,54457.11,10133.109846153857,12641.785846153856
2019-09-20 22:00:00,73.9,9,22,4,47930.957,51045.169,8263.954076923073,11378.166076923071
2019-09-20 23:00:00,73.0,9,23,4,43906.954,47307.454,6447.518692307698,9848.018692307698
2019-09-21 00:00:00,73.9,9,0,5,40851.615,43813.99,5238.37730769231,8200.75230769231
2019-09-21 01:00:00,73.0,9,1,5,38539.199,41331.396,4356.003153846155,7148.200153846155
2019-09-21 02:00:00,72.0,9,2,5,37212.826,39377.466,3957.829692307692,6122.469692307692
2019-09-21 03:00:00,71.1,9,3,5,36356.468,38068.724,3611.6273076923135,5323.883307692315
2019-09-21 04:00:00,68.0,9,4,5,36388.354,37381.263,3670.43492307692,4663.343923076918
2019-09-21 05:00:00,69.1,9,5,5,37890.969,37174.798,4450.341,3734.1700000000055
2019-09-21 06:00:00,68.0,9,6,5,41194.852,38232.747,6238.342769230767,3276.237769230771
2019-09-21 07:00:00,68.0,9,7,5,43302.157,38787.824,7025.017846153838,2510.68484615384
2019-09-21 08:00:00,69.1,9,8,5,44697.042,40711.367,7057.242230769225,3071.567230769222
2019-09-21 09:00:00,70.0,9,9,5,46376.809,43109.274,7384.926769230769,4117.391769230766
2019-09-21 10:00:00,73.0,9,10,5,48216.006,45345.991,8060.919692307689,5190.904692307689
2019-09-21 11:00:00,70.0,9,11,5,50255.146,47116.285,9080.155230769233,5941.294230769236
2019-09-21 12:00:00,72.0,9,12,5,52155.809,48632.033,10080.575000000004,6556.799000000006
2019-09-21 13:00:00,73.9,9,13,5,54530.539,50105.749,11828.593307692296,7403.803307692302
2019-09-21 14:00:00,77.0,9,14,5,56224.172,51403.096,13104.036615384612,8282.96061538461
2019-09-21 15:00:00,82.0,9,15,5,57497.982,52480.537,14031.169076923075,9013.72407692307
2019-09-21 16:00:00,82.9,9,16,5,58577.27,53517.116,14740.93792307692,9680.783923076924
2019-09-21 17:00:00,82.9,9,17,5,58645.251,53728.019,14579.529538461538,9662.297538461542
2019-09-21 18:00:00,84.0,9,18,5,57413.467,52239.568,13758.352846153844,8584.453846153847
2019-09-21 19:00:00,82.9,9,19,5,55663.507,50019.869,12279.632153846149,6635.99415384615
2019-09-21 20:00:00,73.9,9,20,5,55178.555,49058.738,11770.760461538464,5650.94346153846
2019-09-21 21:00:00,73.9,9,21,5,52428.473,46925.397,10613.148846153854,5110.072846153853
2019-09-21 22:00:00,73.0,9,22,5,48529.841,44158.467,8862.838076923072,4491.464076923068
2019-09-21 23:00:00,73.9,9,23,5,44573.641,41277.82,7114.205692307703,3818.3846923077
2019-09-22 00:00:00,73.9,9,0,6,41561.557,38591.397,5948.319307692313,2978.159307692309
2019-09-22 01:00:00,72.0,9,1,6,39365.382,36734.833,5182.186153846153,2551.637153846153
2019-09-22 02:00:00,69.1,9,2,6,38114.27,35294.27,4859.273692307688,2039.273692307688
2019-09-22 03:00:00,66.9,9,3,6,37274.593,34295.438,4529.7523076923135,1550.5973076923146
2019-09-22 04:00:00,66.9,9,4,6,37415.459,33825.859,4697.539923076922,1107.939923076916
2019-09-22 05:00:00,66.0,9,5,6,38899.272,33744.244,5458.644,303.6160000000018
2019-09-22 06:00:00,66.9,9,6,6,42193.59,34256.845,7237.080769230764,0.0
2019-09-22 07:00:00,66.9,9,7,6,44667.688,34840.507,8390.54884615384,0.0
2019-09-22 08:00:00,68.0,9,8,6,46036.807,36546.213,8397.007230769224,0.0
2019-09-22 09:00:00,70.0,9,9,6,47896.658,38815.867,8904.775769230771,0.0
2019-09-22 10:00:00,73.0,9,10,6,50011.705,40805.613,9856.61869230769,650.5266923076852
2019-09-22 11:00:00,79.0,9,11,6,52044.559,42801.703,10869.568230769231,1626.7122307692334
2019-09-22 12:00:00,84.0,9,12,6,54498.181,44618.193,12422.947,2542.9590000000026
2019-09-22 13:00:00,87.1,9,13,6,57297.337,46582.291,14595.391307692298,3880.345307692296
2019-09-22 14:00:00,87.1,9,14,6,59547.703,48575.216,16427.567615384614,5455.080615384613
2019-09-22 15:00:00,88.0,9,15,6,61230.805,50662.262,17763.992076923074,7195.449076923076
2019-09-22 16:00:00,88.0,9,16,6,62216.025,52207.67,18379.692923076924,8371.33792307692
2019-09-22 17:00:00,87.1,9,17,6,62135.769,52834.733,18070.047538461546,8769.011538461542
2019-09-22 18:00:00,87.1,9,18,6,60238.365,52362.375,16583.250846153845,8707.260846153848
2019-09-22 19:00:00,84.9,9,19,6,57862.586,51663.776,14478.711153846154,8279.90115384615
2019-09-22 20:00:00,82.0,9,20,6,56167.108,51641.061,12759.313461538462,8233.266461538464
2019-09-22 21:00:00,78.1,9,21,6,53585.378,49361.459,11770.053846153853,7546.134846153858
2019-09-22 22:00:00,75.9,9,22,6,50319.802,46391.801,10652.799076923076,6724.798076923071
2019-09-22 23:00:00,73.9,9,23,6,46652.963,43125.387,9193.527692307704,5665.951692307703
2019-09-23 00:00:00,73.0,9,0,0,43236.74,40606.391,7623.50230769231,4993.153307692315
2019-09-23 01:00:00,73.0,9,1,0,40907.968,38653.65,6724.772153846156,4470.454153846156
2019-09-23 02:00:00,72.0,9,2,0,39173.131,37665.286,5918.134692307693,4410.289692307691
2019-09-23 03:00:00,71.1,9,3,0,38111.748,37150.771,5366.907307692312,4405.930307692313
2019-09-23 04:00:00,73.0,9,4,0,37526.751,37615.156,4808.831923076916,4897.236923076922
2019-09-23 05:00:00,69.1,9,5,0,37666.309,39367.049,4225.681000000004,5926.421000000002
2019-09-23 06:00:00,68.0,9,6,0,38688.954,43043.708,3732.444769230766,8087.198769230767
2019-09-23 07:00:00,68.0,9,7,0,39936.269,45710.011,3659.129846153839,9432.871846153836
2019-09-23 08:00:00,68.0,9,8,0,41956.64,47143.35,4316.840230769223,9503.550230769222
2019-09-23 09:00:00,68.0,9,9,0,44908.669,49330.514,5916.78676923077,10338.631769230771
2019-09-23 10:00:00,70.0,9,10,0,47549.873,51695.832,7394.786692307687,11540.74569230769
2019-09-23 11:00:00,73.0,9,11,0,50036.481,54117.859,8861.490230769232,12942.868230769229
2019-09-23 12:00:00,77.0,9,12,0,52636.926,56975.095,10561.692000000005,14899.861000000004
2019-09-23 13:00:00,80.1,9,13,0,54618.118,59528.504,11916.1723076923,16826.5583076923
2019-09-23 14:00:00,82.9,9,14,0,56041.942,61330.283,12921.806615384616,18210.147615384616
2019-09-23 15:00:00,82.9,9,15,0,57028.381,62678.548,13561.568076923077,19211.73507692308
2019-09-23 16:00:00,84.0,9,16,0,57347.573,63609.739,13511.24092307692,19773.406923076924
2019-09-23 17:00:00,82.9,9,17,0,57009.005,63570.293,12943.28353846154,19504.57153846154
2019-09-23 18:00:00,80.1,9,18,0,55525.12,61939.881,11870.00584615385,18284.76684615385
2019-09-23 19:00:00,77.0,9,19,0,54045.503,59693.84,10661.628153846148,16309.965153846148
2019-09-23 20:00:00,73.0,9,20,0,52988.569,58477.065,9580.774461538464,15069.270461538465
2019-09-23 21:00:00,70.0,9,21,0,50789.999,55049.934,8974.67484615386,13234.609846153857
2019-09-23 22:00:00,68.0,9,22,0,47767.106,50931.667,8100.103076923071,11264.664076923073
2019-09-23 23:00:00,64.9,9,23,0,44648.572,46662.199,7189.1366923077,9202.7636923077
2019-09-24 00:00:00,64.0,9,0,1,41681.239,43323.779,6068.001307692313,7710.541307692314
2019-09-24 01:00:00,62.1,9,1,1,39464.656,40984.755,5281.4601538461575,6801.559153846152
2019-09-24 02:00:00,59.0,9,2,1,37850.195,39438.708,4595.198692307691,6183.71169230769
2019-09-24 03:00:00,55.0,9,3,1,36842.225,38407.56,4097.384307692311,5662.71930769231
2019-09-24 04:00:00,54.0,9,4,1,36168.91,38529.928,3450.9909230769226,5812.008923076919
2019-09-24 05:00:00,55.0,9,5,1,36069.21,40055.532,2628.582000000002,6614.904000000002
2019-09-24 06:00:00,53.1,9,6,1,36604.769,43410.602,1648.259769230768,8454.092769230767
2019-09-24 07:00:00,54.0,9,7,1,37260.851,45724.63,983.7118461538412,9447.490846153836
2019-09-24 08:00:00,53.1,9,8,1,39296.687,47241.022,1656.8872307692218,9601.22223076922
2019-09-24 09:00:00,59.0,9,9,1,42644.807,48989.681,3652.924769230769,9997.798769230763
2019-09-24 10:00:00,64.0,9,10,1,45935.782,50919.441,5780.695692307687,10764.354692307686
2019-09-24 11:00:00,69.1,9,11,1,49500.397,53106.968,8325.40623076923,11931.977230769233
2019-09-24 12:00:00,73.0,9,12,1,52521.619,55182.578,10446.385000000002,13107.344000000005
2019-09-24 13:00:00,73.0,9,13,1,54507.888,57111.486,11805.942307692298,14409.540307692296
2019-09-24 14:00:00,75.0,9,14,1,55846.869,58770.342,12726.733615384612,15650.20661538461
2019-09-24 15:00:00,77.0,9,15,1,56960.654,59865.989,13493.841076923076,16399.176076923075
2019-09-24 16:00:00,75.0,9,16,1,57651.111,60538.865,13814.77892307692,16702.53292307692
2019-09-24 17:00:00,77.0,9,17,1,57683.154,60479.317,13617.432538461544,16413.595538461544
2019-09-24 18:00:00,78.1,9,18,1,56340.153,58943.845,12685.038846153846,15288.730846153849
2019-09-24 19:00:00,73.9,9,19,1,55204.959,56573.929,11821.084153846154,13190.054153846148
2019-09-24 20:00:00,69.1,9,20,1,54268.313,55662.893,10860.518461538464,12255.09846153846
2019-09-24 21:00:00,66.9,9,21,1,51383.522,52469.407,9568.197846153853,10654.082846153857
2019-09-24 22:00:00,63.0,9,22,1,48035.663,48581.539,8368.660076923072,8914.536076923068
2019-09-24 23:00:00,63.0,9,23,1,44734.644,44600.959,7275.2086923077,7141.523692307703
2019-09-25 00:00:00,62.1,9,0,2,41951.248,41451.142,6338.010307692312,5837.904307692312
2019-09-25 01:00:00,61.0,9,1,2,40108.165,39252.074,5924.969153846156,5068.878153846155
2019-09-25 02:00:00,57.9,9,2,2,38858.414,37742.238,5603.417692307688,4487.241692307689
2019-09-25 03:00:00,57.9,9,3,2,38128.317,36887.497,5383.476307692316,4142.656307692316
2019-09-25 04:00:00,55.9,9,4,2,38476.335,36887.49,5758.415923076918,4169.570923076917
2019-09-25 05:00:00,55.9,9,5,2,40173.238,38469.622,6732.610000000001,5028.994000000006
2019-09-25 06:00:00,55.0,9,6,2,43656.266,41564.783,8699.756769230771,6608.273769230771
2019-09-25 07:00:00,54.0,9,7,2,46316.176,43561.648,10039.036846153838,7284.50884615384
2019-09-25 08:00:00,55.9,9,8,2,47630.815,45047.734,9991.015230769226,7407.93423076922
2019-09-25 09:00:00,61.0,9,9,2,48915.794,46872.138,9923.91176923077,7880.255769230767
2019-09-25 10:00:00,64.9,9,10,2,50458.647,49031.354,10303.560692307685,8876.267692307687
2019-09-25 11:00:00,71.1,9,11,2,51872.763,51158.015,10697.772230769231,9983.024230769232
2019-09-25 12:00:00,75.9,9,12,2,53348.419,53364.073,11273.185000000003,11288.839
2019-09-25 13:00:00,77.0,9,13,2,54710.411,55262.427,12008.4653076923,12560.481307692302
2019-09-25 14:00:00,79.0,9,14,2,55644.911,56897.563,12524.775615384611,13777.427615384617
2019-09-25 15:00:00,82.0,9,15,2,56199.31,58523.199,12732.497076923071,15056.386076923074
2019-09-25 16:00:00,82.0,9,16,2,56473.203,59832.093,12636.870923076924,15995.760923076925
2019-09-25 17:00:00,82.0,9,17,2,55844.396,59946.932,11778.674538461542,15881.210538461542
2019-09-25 18:00:00,81.0,9,18,2,54347.972,58231.634,10692.85784615385,14576.519846153846
2019-09-25 19:00:00,79.0,9,19,2,52783.46,55979.966,9399.58515384615,12596.091153846151
2019-09-25 20:00:00,75.9,9,20,2,52104.388,54901.796,8696.593461538461,11494.001461538464
2019-09-25 21:00:00,73.9,9,21,2,49208.983,51948.434,7393.658846153856,10133.109846153857
2019-09-25 22:00:00,73.0,9,22,2,45613.326,47930.957,5946.323076923072,8263.954076923073
2019-09-25 23:00:00,73.0,9,23,2,41958.566,43906.954,4499.130692307699,6447.518692307698
2019-09-26 00:00:00,69.1,9,0,3,39038.226,40851.615,3424.9883076923143,5238.37730769231
2019-09-26 01:00:00,68.0,9,1,3,37203.081,38539.199,3019.885153846153,4356.003153846155
2019-09-26 02:00:00,66.9,9,2,3,35916.154,37212.826,2661.1576923076937,3957.829692307692
2019-09-26 03:00:00,69.1,9,3,3,35392.509,36356.468,2647.668307692311,3611.6273076923135
2019-09-26 04:00:00,68.0,9,4,3,35551.379,36388.354,2833.45992307692,3670.43492307692
2019-09-26 05:00:00,68.0,9,5,3,37081.055,37890.969,3640.4270000000033,4450.341
2019-09-26 06:00:00,69.1,9,6,3,40336.827,41194.852,5380.317769230765,6238.342769230767
2019-09-26 07:00:00,69.1,9,7,3,42530.216,43302.157,6253.076846153839,7025.017846153838
2019-09-26 08:00:00,68.0,9,8,3,43759.973,44697.042,6120.173230769222,7057.242230769225
2019-09-26 09:00:00,69.1,9,9,3,45070.063,46376.809,6078.18076923077,7384.926769230769
2019-09-26 10:00:00,71.1,9,10,3,46571.118,48216.006,6416.03169230769,8060.919692307689
2019-09-26 11:00:00,73.0,9,11,3,47822.027,50255.146,6647.036230769234,9080.155230769233
2019-09-26 12:00:00,73.9,9,12,3,48981.399,52155.809,6906.165000000001,10080.575000000004
2019-09-26 13:00:00,78.1,9,13,3,50265.924,54530.539,7563.978307692298,11828.593307692296
2019-09-26 14:00:00,79.0,9,14,3,51454.712,56224.172,8334.576615384613,13104.036615384612
2019-09-26 15:00:00,78.1,9,15,3,52229.239,57497.982,8762.426076923075,14031.169076923075
2019-09-26 16:00:00,79.0,9,16,3,52897.814,58577.27,9061.48192307692,14740.93792307692
2019-09-26 17:00:00,78.1,9,17,3,52897.555,58645.251,8831.833538461542,14579.529538461538
2019-09-26 18:00:00,75.9,9,18,3,51861.653,57413.467,8206.538846153846,13758.352846153844
2019-09-26 19:00:00,73.9,9,19,3,50633.838,55663.507,7249.963153846154,12279.632153846149
2019-09-26 20:00:00,70.0,9,20,3,50262.935,55178.555,6855.14046153846,11770.760461538464
2019-09-26 21:00:00,64.9,9,21,3,47640.054,52428.473,5824.729846153852,10613.148846153854
2019-09-26 22:00:00,62.1,9,22,3,44321.052,48529.841,4654.049076923075,8862.838076923072
2019-09-26 23:00:00,60.1,9,23,3,40943.383,44573.641,3483.947692307702,7114.205692307703
2019-09-27 00:00:00,55.9,9,0,4,38387.508,41561.557,2774.270307692313,5948.319307692313
2019-09-27 01:00:00,55.0,9,1,4,36563.586,39365.382,2380.390153846158,5182.186153846153
2019-09-27 02:00:00,54.0,9,2,4,35581.801,38114.27,2326.804692307691,4859.273692307688
2019-09-27 03:00:00,52.0,9,3,4,35007.328,37274.593,2262.487307692314,4529.7523076923135
2019-09-27 04:00:00,53.1,9,4,4,35360.206,37415.459,2642.286923076917,4697.539923076922
2019-09-27 05:00:00,52.0,9,5,4,36916.169,38899.272,3475.5410000000047,5458.644
2019-09-27 06:00:00,50.0,9,6,4,40277.197,42193.59,5320.687769230768,7237.080769230764
2019-09-27 07:00:00,52.0,9,7,4,42505.589,44667.688,6228.449846153839,8390.54884615384
2019-09-27 08:00:00,51.1,9,8,4,43573.082,46036.807,5933.282230769226,8397.007230769224
2019-09-27 09:00:00,60.1,9,9,4,44824.853,47896.658,5832.970769230771,8904.775769230771
2019-09-27 10:00:00,66.9,9,10,4,46192.518,50011.705,6037.431692307684,9856.61869230769
2019-09-27 11:00:00,72.0,9,11,4,47373.286,52044.559,6198.295230769232,10869.568230769231
2019-09-27 12:00:00,78.1,9,12,4,48625.254,54498.181,6550.020000000004,12422.947
2019-09-27 13:00:00,81.0,9,13,4,50467.02,57297.337,7765.074307692295,14595.391307692298
2019-09-27 14:00:00,82.9,9,14,4,52028.284,59547.703,8908.148615384613,16427.567615384614
2019-09-27 15:00:00,84.9,9,15,4,53063.78,61230.805,9596.967076923072,17763.992076923074
2019-09-27 16:00:00,87.1,9,16,4,54184.757,62216.025,10348.42492307692,18379.692923076924
2019-09-27 17:00:00,88.0,9,17,4,54161.073,62135.769,10095.351538461538,18070.047538461546
2019-09-27 18:00:00,86.0,9,18,4,52723.753,60238.365,9068.638846153844,16583.250846153845
2019-09-27 19:00:00,84.0,9,19,4,51772.338,57862.586,8388.463153846154,14478.711153846154
2019-09-27 20:00:00,80.1,9,20,4,51368.435,56167.108,7960.64046153846,12759.313461538462
2019-09-27 21:00:00,78.1,9,21,4,48895.022,53585.378,7079.697846153853,11770.053846153853
2019-09-27 22:00:00,78.1,9,22,4,45626.295,50319.802,5959.2920769230695,10652.799076923076
2019-09-27 23:00:00,79.0,9,23,4,42202.094,46652.963,4742.6586923076975,9193.527692307704
2019-09-28 00:00:00,73.9,9,0,5,39700.273,43236.74,4087.035307692313,7623.50230769231
2019-09-28 01:00:00,73.0,9,1,5,37976.326,40907.968,3793.130153846156,6724.772153846156
2019-09-28 02:00:00,72.0,9,2,5,36772.243,39173.131,3517.2466923076936,5918.134692307693
2019-09-28 03:00:00,72.0,9,3,5,36340.502,38111.748,3595.661307692313,5366.907307692312
2019-09-28 04:00:00,73.9,9,4,5,36535.314,37526.751,3817.3949230769176,4808.831923076916
2019-09-28 05:00:00,73.9,9,5,5,38285.065,37666.309,4844.437000000005,4225.681000000004
2019-09-28 06:00:00,68.0,9,6,5,41669.011,38688.954,6712.501769230767,3732.444769230766
2019-09-28 07:00:00,66.9,9,7,5,44026.596,39936.269,7749.4568461538365,3659.129846153839
2019-09-28 08:00:00,66.9,9,8,5,44935.746,41956.64,7295.946230769223,4316.840230769223
2019-09-28 09:00:00,69.1,9,9,5,46146.59,44908.669,7154.707769230765,5916.78676923077
2019-09-28 10:00:00,72.0,9,10,5,47299.546,47549.873,7144.45969230769,7394.786692307687
2019-09-28 11:00:00,77.0,9,11,5,48601.075,50036.481,7426.084230769229,8861.490230769232
2019-09-28 12:00:00,82.0,9,12,5,49829.247,52636.926,7754.013000000006,10561.692000000005
2019-09-28 13:00:00,84.9,9,13,5,51081.377,54618.118,8379.431307692299,11916.1723076923
2019-09-28 14:00:00,87.1,9,14,5,52019.921,56041.942,8899.785615384615,12921.806615384616
2019-09-28 15:00:00,88.0,9,15,5,52633.401,57028.381,9166.588076923072,13561.568076923077
2019-09-28 16:00:00,90.0,9,16,5,53037.873,57347.573,9201.540923076922,13511.24092307692
2019-09-28 17:00:00,88.0,9,17,5,52656.324,57009.005,8590.602538461542,12943.28353846154
2019-09-28 18:00:00,84.9,9,18,5,50940.073,55525.12,7284.958846153844,11870.00584615385
2019-09-28 19:00:00,80.1,9,19,5,49714.638,54045.503,6330.76315384615,10661.628153846148
2019-09-28 20:00:00,78.1,9,20,5,48935.471,52988.569,5527.67646153846,9580.774461538464
2019-09-28 21:00:00,75.9,9,21,5,46349.105,50789.999,4533.780846153859,8974.67484615386
2019-09-28 22:00:00,73.9,9,22,5,43150.84,47767.106,3483.837076923068,8100.103076923071
2019-09-28 23:00:00,73.0,9,23,5,39928.935,44648.572,2469.499692307698,7189.1366923077
2019-09-29 00:00:00,72.0,9,0,6,37234.221,41681.239,1620.9833076923096,6068.001307692313
2019-09-29 01:00:00,69.1,9,1,6,35691.957,39464.656,1508.761153846157,5281.4601538461575
2019-09-29 02:00:00,68.0,9,2,6,34579.61,37850.195,1324.613692307692,4595.198692307691
2019-09-29 03:00:00,66.9,9,3,6,34163.716,36842.225,1418.875307692313,4097.384307692311
2019-09-29 04:00:00,66.0,9,4,6,34297.314,36168.91,1579.3949230769176,3450.9909230769226
2019-09-29 05:00:00,64.9,9,5,6,35874.599,36069.21,2433.971000000005,2628.582000000002
2019-09-29 06:00:00,66.0,9,6,6,39123.314,36604.769,4166.804769230766,1648.259769230768
2019-09-29 07:00:00,66.0,9,7,6,41555.548,37260.851,5278.408846153841,983.7118461538412
2019-09-29 08:00:00,66.0,9,8,6,42611.496,39296.687,4971.696230769223,1656.8872307692218
2019-09-29 09:00:00,66.9,9,9,6,43878.255,42644.807,4886.372769230766,3652.924769230769
2019-09-29 10:00:00,69.1,9,10,6,45283.525,45935.782,5128.438692307689,5780.695692307687
2019-09-29 11:00:00,71.1,9,11,6,46338.674,49500.397,5163.683230769231,8325.40623076923
2019-09-29 12:00:00,73.9,9,12,6,47749.411,52521.619,5674.177000000003,10446.385000000002
2019-09-29 13:00:00,73.0,9,13,6,49122.349,54507.888,6420.403307692301,11805.942307692298
2019-09-29 14:00:00,72.0,9,14,6,50452.496,55846.869,7332.360615384612,12726.733615384612
2019-09-29 15:00:00,77.0,9,15,6,51604.807,56960.654,8137.994076923074,13493.841076923076
2019-09-29 16:00:00,80.1,9,16,6,52464.417,57651.111,8628.084923076924,13814.77892307692
2019-09-29 17:00:00,82.0,9,17,6,52364.752,57683.154,8299.030538461542,13617.432538461544
2019-09-29 18:00:00,78.1,9,18,6,51186.18,56340.153,7531.065846153848,12685.038846153846
2019-09-29 19:00:00,73.0,9,19,6,50406.755,55204.959,7022.8801538461485,11821.084153846154
2019-09-29 20:00:00,71.1,9,20,6,49468.563,54268.313,6060.768461538464,10860.518461538464
2019-09-29 21:00:00,72.0,9,21,6,47437.816,51383.522,5622.491846153855,9568.197846153853
2019-09-29 22:00:00,71.1,9,22,6,44934.293,48035.663,5267.290076923069,8368.660076923072
2019-09-29 23:00:00,71.1,9,23,6,41771.637,44734.644,4312.201692307703,7275.2086923077
2019-09-30 00:00:00,70.0,9,0,0,39250.429,41951.248,3637.191307692308,6338.010307692312
2019-09-30 01:00:00,70.0,9,1,0,37238.439,40108.165,3055.2431538461533,5924.969153846156
2019-09-30 02:00:00,70.0,9,2,0,36294.96,38858.414,3039.9636923076905,5603.417692307688
2019-09-30 03:00:00,70.0,9,3,0,35443.433,38128.317,2698.59230769231,5383.476307692316
2019-09-30 04:00:00,68.0,9,4,0,35217.396,38476.335,2499.47692307692,5758.415923076918
2019-09-30 05:00:00,69.1,9,5,0,35581.236,40173.238,2140.608,6732.610000000001
2019-09-30 06:00:00,68.0,9,6,0,36742.006,43656.266,1785.4967692307691,8699.756769230771
2019-09-30 07:00:00,68.0,9,7,0,37859.484,46316.176,1582.3448461538355,10039.036846153838
2019-09-30 08:00:00,68.0,9,8,0,39668.597,47630.815,2028.7972307692253,9991.015230769226
2019-09-30 09:00:00,71.1,9,9,0,42146.44,48915.794,3154.55776923077,9923.91176923077
2019-09-30 10:00:00,75.0,9,10,0,44503.828,50458.647,4348.741692307689,10303.560692307685
2019-09-30 11:00:00,79.0,9,11,0,46367.221,51872.763,5192.23023076923,10697.772230769231
2019-09-30 12:00:00,82.9,9,12,0,48169.388,53348.419,6094.154000000002,11273.185000000003
2019-09-30 13:00:00,86.0,9,13,0,49814.104,54710.411,7112.158307692298,12008.4653076923
2019-09-30 14:00:00,89.1,9,14,0,50963.832,55644.911,7843.696615384615,12524.775615384611
2019-09-30 15:00:00,88.0,9,15,0,51564.341,56199.31,8097.528076923074,12732.497076923071
2019-09-30 16:00:00,91.0,9,16,0,51572.782,56473.203,7736.449923076922,12636.870923076924
2019-09-30 17:00:00,90.0,9,17,0,50819.086,55844.396,6753.364538461545,11778.674538461542
2019-09-30 18:00:00,90.0,9,18,0,49564.664,54347.972,5909.549846153845,10692.85784615385
2019-09-30 19:00:00,87.1,9,19,0,48755.868,52783.46,5371.993153846153,9399.58515384615
2019-09-30 20:00:00,84.0,9,20,0,47855.019,52104.388,4447.224461538463,8696.593461538461
2019-09-30 21:00:00,78.1,9,21,0,45729.781,49208.983,3914.4568461538574,7393.658846153856
2019-09-30 22:00:00,78.1,9,22,0,43159.245,45613.326,3492.242076923074,5946.323076923072
2019-09-30 23:00:00,75.9,9,23,0,40469.422,41958.566,3009.986692307699,4499.130692307699
2019-10-01 00:00:00,75.0,10,0,1,38054.26,39038.226,2441.022307692314,3424.9883076923143
2019-10-01 01:00:00,73.0,10,1,1,36159.047,37203.081,1975.8511538461528,3019.885153846153
2019-10-01 02:00:00,73.9,10,2,1,34944.347,35916.154,1689.350692307693,2661.1576923076937
2019-10-01 03:00:00,71.1,10,3,1,33999.362,35392.509,1254.5213076923137,2647.668307692311
2019-10-01 04:00:00,71.1,10,4,1,33646.392,35551.379,928.472923076919,2833.45992307692
2019-10-01 05:00:00,69.1,10,5,1,33711.088,37081.055,270.4600000000064,3640.4270000000033
2019-10-01 06:00:00,70.0,10,6,1,34324.217,40336.827,0.0,5380.317769230765
2019-10-01 07:00:00,70.0,10,7,1,35268.038,42530.216,0.0,6253.076846153839
2019-10-01 08:00:00,70.0,10,8,1,36833.929,43759.973,0.0,6120.173230769222
2019-10-01 09:00:00,72.0,10,9,1,39057.754,45070.063,65.87176923076913,6078.18076923077
2019-10-01 10:00:00,77.0,10,10,1,41028.739,46571.118,873.652692307689,6416.03169230769
2019-10-01 11:00:00,82.0,10,11,1,43184.018,47822.027,2009.0272307692285,6647.036230769234
2019-10-01 12:00:00,86.0,10,12,1,45158.497,48981.399,3083.2630000000063,6906.165000000001
2019-10-01 13:00:00,90.0,10,13,1,46749.822,50265.924,4047.876307692298,7563.978307692298
2019-10-01 14:00:00,93.0,10,14,1,47825.636,51454.712,4705.500615384612,8334.576615384613
2019-10-01 15:00:00,91.9,10,15,1,48639.267,52229.239,5172.454076923073,8762.426076923075
2019-10-01 16:00:00,93.0,10,16,1,49224.131,52897.814,5387.798923076924,9061.48192307692
2019-10-01 17:00:00,91.0,10,17,1,49321.023,52897.555,5255.301538461543,8831.833538461542
2019-10-01 18:00:00,90.0,10,18,1,48871.328,51861.653,5216.213846153849,8206.538846153846
2019-10-01 19:00:00,88.0,10,19,1,49113.12,50633.838,5729.245153846154,7249.963153846154
2019-10-01 20:00:00,84.0,10,20,1,48672.164,50262.935,5264.369461538459,6855.14046153846
2019-10-01 21:00:00,80.1,10,21,1,46427.633,47640.054,4612.308846153857,5824.729846153852
2019-10-01 22:00:00,75.9,10,22,1,43625.472,44321.052,3958.469076923073,4654.049076923075
2019-10-01 23:00:00,75.0,10,23,1,41044.823,40943.383,3585.387692307697,3483.947692307702
2019-10-02 00:00:00,75.0,10,0,2,38923.775,38387.508,3310.5373076923133,2774.270307692313
2019-10-02 01:00:00,71.1,10,1,2,37393.469,36563.586,3210.273153846152,2380.390153846158
2019-10-02 02:00:00,70.0,10,2,2,36452.994,35581.801,3197.99769230769,2326.804692307691
2019-10-02 03:00:00,71.1,10,3,2,35930.049,35007.328,3185.208307692312,2262.487307692314
2019-10-02 04:00:00,69.1,10,4,2,36446.803,35360.206,3728.883923076919,2642.286923076917
2019-10-02 05:00:00,69.1,10,5,2,38403.352,36916.169,4962.724000000002,3475.5410000000047
2019-10-02 06:00:00,69.1,10,6,2,42058.382,40277.197,7101.872769230766,5320.687769230768
2019-10-02 07:00:00,69.1,10,7,2,45064.527,42505.589,8787.38784615384,6228.449846153839
2019-10-02 08:00:00,69.1,10,8,2,46734.326,43573.082,9094.526230769225,5933.282230769226
2019-10-02 09:00:00,71.1,10,9,2,48770.04,44824.853,9778.15776923077,5832.970769230771
2019-10-02 10:00:00,75.0,10,10,2,51397.545,46192.518,11242.458692307686,6037.431692307684
2019-10-02 11:00:00,82.9,10,11,2,54032.495,47373.286,12857.504230769237,6198.295230769232
2019-10-02 12:00:00,88.0,10,12,2,56726.187,48625.254,14650.953,6550.020000000004
2019-10-02 13:00:00,90.0,10,13,2,59403.875,50467.02,16701.9293076923,7765.074307692295
2019-10-02 14:00:00,91.0,10,14,2,61316.761,52028.284,18196.62561538461,8908.148615384613
2019-10-02 15:00:00,91.0,10,15,2,62798.466,53063.78,19331.65307692308,9596.967076923072
2019-10-02 16:00:00,91.9,10,16,2,63617.098,54184.757,19780.76592307692,10348.42492307692
2019-10-02 17:00:00,91.9,10,17,2,63644.466,54161.073,19578.744538461546,10095.351538461538
2019-10-02 18:00:00,91.0,10,18,2,62571.484,52723.753,18916.369846153844,9068.638846153844
2019-10-02 19:00:00,89.1,10,19,2,61526.633,51772.338,18142.75815384616,8388.463153846154
2019-10-02 20:00:00,88.0,10,20,2,60309.755,51368.435,16901.96046153846,7960.64046153846
2019-10-02 21:00:00,80.1,10,21,2,57076.815,48895.022,15261.490846153858,7079.697846153853
2019-10-02 22:00:00,78.1,10,22,2,52958.398,45626.295,13291.395076923072,5959.2920769230695
2019-10-02 23:00:00,75.9,10,23,2,48763.063,42202.094,11303.627692307702,4742.6586923076975
2019-10-03 00:00:00,73.9,10,0,3,45141.145,39700.273,10497.07914285714,4087.035307692313
2019-10-03 01:00:00,73.0,10,1,3,42612.132,37976.326,9090.356571428563,3793.130153846156
2019-10-03 02:00:00,71.1,10,2,3,40897.049,36772.243,8119.465000000004,3517.2466923076936
2019-10-03 03:00:00,71.1,10,3,3,39902.302,36340.502,7520.804714285714,3595.661307692313
2019-10-03 04:00:00,70.0,10,4,3,39985.109,36535.314,7641.629071428568,3817.3949230769176
2019-10-03 05:00:00,69.1,10,5,3,41585.048,38285.065,8793.81835714286,4844.437000000005
2019-10-03 06:00:00,70.0,10,6,3,45124.843,41669.011,11363.642571428558,6712.501769230767
2019-10-03 07:00:00,69.1,10,7,3,47796.154,44026.596,12660.894428571431,7749.4568461538365
2019-10-03 08:00:00,68.0,10,8,3,49278.804,44935.746,12977.569642857125,7295.946230769223
2019-10-03 09:00:00,70.0,10,9,3,51927.028,46146.59,14461.047999999995,7154.707769230765
2019-10-03 10:00:00,75.9,10,10,3,55474.311,47299.546,17336.41007142858,7144.45969230769
2019-10-03 11:00:00,81.0,10,11,3,58930.574,48601.075,20488.54921428571,7426.084230769229
2019-10-03 12:00:00,88.0,10,12,3,62431.056,49829.247,23875.103214285708,7754.013000000006
2019-10-03 13:00:00,90.0,10,13,3,65615.734,51081.377,27164.164928571423,8379.431307692299
2019-10-03 14:00:00,91.9,10,14,3,67449.632,52019.921,29160.86921428572,8899.785615384615
2019-10-03 15:00:00,91.9,10,15,3,68573.652,52633.401,30349.16471428571,9166.588076923072
2019-10-03 16:00:00,91.9,10,16,3,68888.856,53037.873,30380.82942857143,9201.540923076922
2019-10-03 17:00:00,88.0,10,17,3,68362.626,52656.324,29474.167857142864,8590.602538461542
2019-10-03 18:00:00,86.0,10,18,3,66692.805,50940.073,27248.388499999983,7284.958846153844
2019-10-03 19:00:00,82.0,10,19,3,65175.495,49714.638,24577.57985714286,6330.76315384615
2019-10-03 20:00:00,77.0,10,20,3,63459.637,48935.471,23171.33599999999,5527.67646153846
2019-10-03 21:00:00,71.1,10,21,3,59999.672,46349.105,20904.2235,4533.780846153859
2019-10-03 22:00:00,68.0,10,22,3,55454.446,43150.84,17983.925071428574,3483.837076923068
2019-10-03 23:00:00,66.0,10,23,3,51064.46,39928.935,15328.150928571427,2469.499692307698
2019-10-04 00:00:00,64.9,10,0,4,47415.76,37234.221,12771.694142857144,1620.9833076923096
2019-10-04 01:00:00,62.1,10,1,4,44466.184,35691.957,10944.408571428568,1508.761153846157
2019-10-04 02:00:00,60.1,10,2,4,42257.013,34579.61,9479.429000000004,1324.613692307692
2019-10-04 03:00:00,57.9,10,3,4,40897.821,34163.716,8516.323714285714,1418.875307692313
2019-10-04 04:00:00,55.9,10,4,4,40649.672,34297.314,8306.19207142857,1579.3949230769176
2019-10-04 05:00:00,55.9,10,5,4,41990.117,35874.599,9198.887357142856,2433.971000000005
2019-10-04 06:00:00,54.0,10,6,4,45374.841,39123.314,11613.640571428556,4166.804769230766
2019-10-04 07:00:00,53.1,10,7,4,47898.415,41555.548,12763.15542857143,5278.408846153841
2019-10-04 08:00:00,52.0,10,8,4,48943.167,42611.496,12641.93264285713,4971.696230769223
2019-10-04 09:00:00,54.0,10,9,4,50626.862,43878.255,13160.881999999998,4886.372769230766
2019-10-04 10:00:00,57.9,10,10,4,53241.645,45283.525,15103.744071428577,5128.438692307689
2019-10-04 11:00:00,61.0,10,11,4,55794.479,46338.674,17352.45421428571,5163.683230769231
2019-10-04 12:00:00,63.0,10,12,4,58029.045,47749.411,19473.09221428571,5674.177000000003
2019-10-04 13:00:00,64.9,10,13,4,59727.436,49122.349,21275.866928571428,6420.403307692301
2019-10-04 14:00:00,66.9,10,14,4,60183.074,50452.496,21894.31121428572,7332.360615384612
2019-10-04 15:00:00,66.0,10,15,4,60438.442,51604.807,22213.95471428571,8137.994076923074
2019-10-04 16:00:00,68.0,10,16,4,60460.511,52464.417,21952.484428571428,8628.084923076924
2019-10-04 17:00:00,64.9,10,17,4,60079.499,52364.752,21191.040857142863,8299.030538461542
2019-10-04 18:00:00,64.0,10,18,4,58919.458,51186.18,19475.041499999992,7531.065846153848
2019-10-04 19:00:00,62.1,10,19,4,58205.977,50406.755,17608.061857142857,7022.8801538461485
2019-10-04 20:00:00,60.1,10,20,4,56498.119,49468.563,16209.817999999985,6060.768461538464
2019-10-04 21:00:00,57.0,10,21,4,53638.22,47437.816,14542.771499999995,5622.491846153855
2019-10-04 22:00:00,55.0,10,22,4,49922.176,44934.293,12451.65507142857,5267.290076923069
2019-10-04 23:00:00,54.0,10,23,4,46232.978,41771.637,10496.668928571433,4312.201692307703
2019-10-05 00:00:00,52.0,10,0,5,43244.92,39250.429,8600.85414285714,3637.191307692308
2019-10-05 01:00:00,50.0,10,1,5,41158.269,37238.439,7636.493571428567,3055.2431538461533
2019-10-05 02:00:00,50.0,10,2,5,39718.754,36294.96,6941.1700000000055,3039.9636923076905
2019-10-05 03:00:00,48.0,10,3,5,38816.577,35443.433,6435.079714285708,2698.59230769231
2019-10-05 04:00:00,46.9,10,4,5,38798.882,35217.396,6455.402071428569,2499.47692307692
2019-10-05 05:00:00,46.0,10,5,5,40400.455,35581.236,7609.225357142859,2140.608
2019-10-05 06:00:00,46.0,10,6,5,43869.617,36742.006,10108.416571428555,1785.4967692307691
2019-10-05 07:00:00,45.0,10,7,5,46446.535,37859.484,11311.275428571433,1582.3448461538355
2019-10-05 08:00:00,45.0,10,8,5,47956.972,39668.597,11655.73764285713,2028.7972307692253
2019-10-05 09:00:00,48.0,10,9,5,50056.151,42146.44,12590.170999999997,3154.55776923077
2019-10-05 10:00:00,53.1,10,10,5,52483.388,44503.828,14345.48707142858,4348.741692307689
2019-10-05 11:00:00,57.0,10,11,5,55210.442,46367.221,16768.417214285713,5192.23023076923
2019-10-05 12:00:00,62.1,10,12,5,57543.642,48169.388,18987.68921428571,6094.154000000002
2019-10-05 13:00:00,66.0,10,13,5,59823.645,49814.104,21372.075928571423,7112.158307692298
2019-10-05 14:00:00,70.0,10,14,5,60985.618,50963.832,22696.85521428572,7843.696615384615
2019-10-05 15:00:00,72.0,10,15,5,60525.567,51564.341,22301.07971428571,8097.528076923074
2019-10-05 16:00:00,73.9,10,16,5,60445.325,51572.782,21937.298428571423,7736.449923076922
2019-10-05 17:00:00,75.0,10,17,5,58918.13,50819.086,20029.671857142857,6753.364538461545
2019-10-05 18:00:00,75.0,10,18,5,56795.005,49564.664,17350.58849999999,5909.549846153845
2019-10-05 19:00:00,73.9,10,19,5,55716.516,48755.868,15118.60085714286,5371.993153846153
2019-10-05 20:00:00,69.1,10,20,5,54060.381,47855.019,13772.079999999987,4447.224461538463
2019-10-05 21:00:00,66.9,10,21,5,50895.465,45729.781,11800.01649999999,3914.4568461538574
2019-10-05 22:00:00,64.9,10,22,5,46933.697,43159.245,9463.17607142857,3492.242076923074
2019-10-05 23:00:00,63.0,10,23,5,42970.427,40469.422,7234.117928571432,3009.986692307699
2019-10-06 00:00:00,66.0,10,0,6,40082.769,38054.26,5438.703142857143,2441.022307692314
2019-10-06 01:00:00,64.0,10,1,6,37818.063,36159.047,4296.287571428569,1975.8511538461528
2019-10-06 02:00:00,64.0,10,2,6,36494.793,34944.347,3717.2090000000026,1689.350692307693
2019-10-06 03:00:00,64.0,10,3,6,35676.734,33999.362,3295.2367142857074,1254.5213076923137
2019-10-06 04:00:00,64.0,10,4,6,35582.818,33646.392,3239.3380714285704,928.472923076919
2019-10-06 05:00:00,64.0,10,5,6,36861.87,33711.088,4070.64035714286,270.4600000000064
2019-10-06 06:00:00,64.0,10,6,6,39992.854,34324.217,6231.6535714285565,0.0
2019-10-06 07:00:00,64.0,10,7,6,42308.493,35268.038,7173.233428571431,0.0
2019-10-06 08:00:00,63.0,10,8,6,43201.548,36833.929,6900.313642857131,0.0
2019-10-06 09:00:00,64.0,10,9,6,44068.298,39057.754,6602.317999999999,65.87176923076913
2019-10-06 10:00:00,64.9,10,10,6,45011.037,41028.739,6873.1360714285765,873.652692307689
2019-10-06 11:00:00,68.0,10,11,6,45546.945,43184.018,7104.92021428571,2009.0272307692285
2019-10-06 12:00:00,70.0,10,12,6,45899.903,45158.497,7343.950214285709,3083.2630000000063
2019-10-06 13:00:00,73.9,10,13,6,46283.28,46749.822,7831.710928571425,4047.876307692298
2019-10-06 14:00:00,75.0,10,14,6,46316.354,47825.636,8027.59121428572,4705.500615384612
2019-10-06 15:00:00,73.9,10,15,6,45994.73,48639.267,7770.242714285712,5172.454076923073
2019-10-06 16:00:00,73.9,10,16,6,45648.483,49224.131,7140.45642857143,5387.798923076924
2019-10-06 17:00:00,71.1,10,17,6,44934.942,49321.023,6046.483857142863,5255.301538461543
2019-10-06 18:00:00,70.0,10,18,6,43779.003,48871.328,4334.58649999999,5216.213846153849
2019-10-06 19:00:00,68.0,10,19,6,43739.015,49113.12,3141.099857142857,5729.245153846154
2019-10-06 20:00:00,64.9,10,20,6,43017.168,48672.164,2728.866999999984,5264.369461538459
2019-10-06 21:00:00,64.0,10,21,6,41522.645,46427.633,2427.196499999991,4612.308846153857
2019-10-06 22:00:00,63.0,10,22,6,39484.635,43625.472,2014.114071428572,3958.469076923073
2019-10-06 23:00:00,59.0,10,23,6,36790.327,41044.823,1054.0179285714255,3585.387692307697
2019-10-07 00:00:00,57.0,10,0,0,34764.621,38923.775,120.55514285714162,3310.5373076923133
2019-10-07 01:00:00,57.0,10,1,0,33515.066,37393.469,0.0,3210.273153846152
2019-10-07 02:00:00,55.9,10,2,0,32539.525,36452.994,0.0,3197.99769230769
2019-10-07 03:00:00,55.0,10,3,0,32041.001,35930.049,0.0,3185.208307692312
2019-10-07 04:00:00,55.0,10,4,0,31958.418,36446.803,0.0,3728.883923076919
2019-10-07 05:00:00,55.0,10,5,0,32629.122,38403.352,0.0,4962.724000000002
2019-10-07 06:00:00,55.0,10,6,0,33659.274,42058.382,0.0,7101.872769230766
2019-10-07 07:00:00,55.0,10,7,0,35089.211,45064.527,0.0,8787.38784615384
2019-10-07 08:00:00,55.9,10,8,0,36264.974,46734.326,0.0,9094.526230769225
2019-10-07 09:00:00,55.9,10,9,0,37471.926,48770.04,5.945999999996275,9778.15776923077
2019-10-07 10:00:00,57.0,10,10,0,38083.262,51397.545,0.0,11242.458692307686
2019-10-07 11:00:00,57.9,10,11,0,38371.121,54032.495,0.0,12857.504230769237
2019-10-07 12:00:00,57.9,10,12,0,38539.168,56726.187,0.0,14650.953
2019-10-07 13:00:00,57.9,10,13,0,38710.978,59403.875,259.408928571429,16701.9293076923
2019-10-07 14:00:00,59.0,10,14,0,39073.905,61316.761,785.1422142857191,18196.62561538461
2019-10-07 15:00:00,61.0,10,15,0,39565.755,62798.466,1341.2677142857065,19331.65307692308
2019-10-07 16:00:00,62.1,10,16,0,40021.243,63617.098,1513.2164285714316,19780.76592307692
2019-10-07 17:00:00,62.1,10,17,0,40416.871,63644.466,1528.4128571428591,19578.744538461546
2019-10-07 18:00:00,62.1,10,18,0,40492.554,62571.484,1048.1374999999898,18916.369846153844
2019-10-07 19:00:00,61.0,10,19,0,41068.828,61526.633,470.9128571428592,18142.75815384616
2019-10-07 20:00:00,59.0,10,20,0,40590.368,60309.755,302.0669999999882,16901.96046153846
2019-10-07 21:00:00,54.0,10,21,0,39248.635,57076.815,153.18649999999616,15261.490846153858
2019-10-07 22:00:00,52.0,10,22,0,37418.606,52958.398,0.0,13291.395076923072
2019-10-07 23:00:00,52.0,10,23,0,35369.865,48763.063,0.0,11303.627692307702
2019-10-08 00:00:00,51.1,10,0,1,33689.203,45141.145,0.0,10497.07914285714
2019-10-08 01:00:00,48.9,10,1,1,32522.238,42612.132,0.0,9090.356571428563
2019-10-08 02:00:00,48.0,10,2,1,31764.621,40897.049,0.0,8119.465000000004
2019-10-08 03:00:00,48.9,10,3,1,31208.428,39902.302,0.0,7520.804714285714
2019-10-08 04:00:00,48.0,10,4,1,31220.849,39985.109,0.0,7641.629071428568
2019-10-08 05:00:00,46.9,10,5,1,31457.058,41585.048,0.0,8793.81835714286
2019-10-08 06:00:00,46.9,10,6,1,32261.722,45124.843,0.0,11363.642571428558
2019-10-08 07:00:00,46.0,10,7,1,33301.665,47796.154,0.0,12660.894428571431
2019-10-08 08:00:00,46.0,10,8,1,34510.136,49278.804,0.0,12977.569642857125
2019-10-08 09:00:00,48.9,10,9,1,36052.282,51927.028,0.0,14461.047999999995
2019-10-08 10:00:00,55.0,10,10,1,37279.212,55474.311,0.0,17336.41007142858
2019-10-08 11:00:00,62.1,10,11,1,38165.548,58930.574,0.0,20488.54921428571
2019-10-08 12:00:00,66.0,10,12,1,38657.758,62431.056,101.80521428571228,23875.103214285708
2019-10-08 13:00:00,66.9,10,13,1,39113.826,65615.734,662.2569285714271,27164.164928571423
2019-10-08 14:00:00,69.1,10,14,1,39309.441,67449.632,1020.6782142857192,29160.86921428572
2019-10-08 15:00:00,69.1,10,15,1,39583.828,68573.652,1359.3407142857104,30349.16471428571
2019-10-08 16:00:00,71.1,10,16,1,40029.613,68888.856,1521.586428571427,30380.82942857143
2019-10-08 17:00:00,70.0,10,17,1,40512.791,68362.626,1624.3328571428574,29474.167857142864
2019-10-08 18:00:00,68.0,10,18,1,40810.845,66692.805,1366.4284999999943,27248.388499999983
2019-10-08 19:00:00,64.0,10,19,1,42046.283,65175.495,1448.3678571428609,24577.57985714286
2019-10-08 20:00:00,59.0,10,20,1,41864.026,63459.637,1575.724999999984,23171.33599999999
2019-10-08 21:00:00,55.0,10,21,1,40510.647,59999.672,1415.198499999991,20904.2235
2019-10-08 22:00:00,54.0,10,22,1,38399.894,55454.446,929.3730714285704,17983.925071428574
2019-10-08 23:00:00,54.0,10,23,1,36403.195,51064.46,666.8859285714279,15328.150928571427
2019-10-09 00:00:00,51.1,10,0,2,34851.835,47415.76,207.7691428571416,12771.694142857144
2019-10-09 01:00:00,48.9,10,1,2,33842.35,44466.184,320.57457142856583,10944.408571428568
2019-10-09 02:00:00,51.1,10,2,2,33299.399,42257.013,521.8150000000023,9479.429000000004
2019-10-09 03:00:00,52.0,10,3,2,32884.746,40897.821,503.24871428570987,8516.323714285714
2019-10-09 04:00:00,52.0,10,4,2,33458.047,40649.672,1114.5670714285698,8306.19207142857
2019-10-09 05:00:00,48.9,10,5,2,35170.553,41990.117,2379.3233571428573,9198.887357142856
2019-10-09 06:00:00,48.9,10,6,2,38684.266,45374.841,4923.06557142856,11613.640571428556
2019-10-09 07:00:00,48.0,10,7,2,41474.083,47898.415,6338.823428571428,12763.15542857143
2019-10-09 08:00:00,48.0,10,8,2,42577.099,48943.167,6275.86464285713,12641.93264285713
2019-10-09 09:00:00,53.1,10,9,2,43389.027,50626.862,5923.046999999999,13160.881999999998
2019-10-09 10:00:00,57.0,10,10,2,44119.048,53241.645,5981.147071428582,15103.744071428577
2019-10-09 11:00:00,62.1,10,11,2,44755.102,55794.479,6313.0772142857095,17352.45421428571
2019-10-09 12:00:00,66.0,10,12,2,44942.651,58029.045,6386.698214285709,19473.09221428571
2019-10-09 13:00:00,70.0,10,13,2,45062.645,59727.436,6611.075928571423,21275.866928571428
2019-10-09 14:00:00,70.0,10,14,2,45001.229,60183.074,6712.46621428572,21894.31121428572
2019-10-09 15:00:00,72.0,10,15,2,44640.151,60438.442,6415.663714285707,22213.95471428571
2019-10-09 16:00:00,73.9,10,16,2,44454.189,60460.511,5946.162428571428,21952.484428571428
2019-10-09 17:00:00,73.0,10,17,2,44363.023,60079.499,5474.564857142861,21191.040857142863
2019-10-09 18:00:00,72.0,10,18,2,44283.449,58919.458,4839.032499999994,19475.041499999992
2019-10-09 19:00:00,70.0,10,19,2,45075.93,58205.977,4478.014857142858,17608.061857142857
2019-10-09 20:00:00,69.1,10,20,2,44632.366,56498.119,4344.064999999988,16209.817999999985
2019-10-09 21:00:00,66.0,10,21,2,42904.516,53638.22,3809.067499999997,14542.771499999995
2019-10-09 22:00:00,63.0,10,22,2,40310.321,49922.176,2839.8000714285736,12451.65507142857
2019-10-09 23:00:00,61.0,10,23,2,37911.523,46232.978,2175.2139285714293,10496.668928571433
2019-10-10 00:00:00,59.0,10,0,3,35954.249,43244.92,1310.183142857146,8600.85414285714
2019-10-10 01:00:00,57.9,10,1,3,34714.135,41158.269,1192.359571428569,7636.493571428567
2019-10-10 02:00:00,57.0,10,2,3,34011.51,39718.754,1233.9260000000068,6941.1700000000055
2019-10-10 03:00:00,57.0,10,3,3,33532.971,38816.577,1151.4737142857084,6435.079714285708
2019-10-10 04:00:00,55.9,10,4,3,33869.708,38798.882,1526.2280714285698,6455.402071428569
2019-10-10 05:00:00,54.0,10,5,3,35701.165,40400.455,2909.9353571428583,7609.225357142859
2019-10-10 06:00:00,54.0,10,6,3,39426.864,43869.617,5665.663571428559,10108.416571428555
2019-10-10 07:00:00,54.0,10,7,3,42029.506,46446.535,6894.24642857143,11311.275428571433
2019-10-10 08:00:00,53.1,10,8,3,42682.529,47956.972,6381.29464285713,11655.73764285713
2019-10-10 09:00:00,57.9,10,9,3,43074.425,50056.151,5608.445,12590.170999999997
2019-10-10 10:00:00,61.0,10,10,3,43871.659,52483.388,5733.75807142858,14345.48707142858
2019-10-10 11:00:00,66.0,10,11,3,44278.58,55210.442,5836.555214285712,16768.417214285713
2019-10-10 12:00:00,69.1,10,12,3,44598.928,57543.642,6042.975214285711,18987.68921428571
2019-10-10 13:00:00,73.0,10,13,3,44792.19,59823.645,6340.6209285714285,21372.075928571423
2019-10-10 14:00:00,75.0,10,14,3,44878.87,60985.618,6590.107214285723,22696.85521428572
2019-10-10 15:00:00,77.0,10,15,3,44618.686,60525.567,6394.198714285711,22301.07971428571
2019-10-10 16:00:00,78.1,10,16,3,44462.914,60445.325,5954.887428571426,21937.298428571423
2019-10-10 17:00:00,79.0,10,17,3,44307.685,58918.13,5419.226857142858,20029.671857142857
2019-10-10 18:00:00,75.9,10,18,3,44359.602,56795.005,4915.185499999992,17350.58849999999
2019-10-10 19:00:00,73.9,10,19,3,45141.848,55716.516,4543.932857142856,15118.60085714286
2019-10-10 20:00:00,69.1,10,20,3,44896.764,54060.381,4608.462999999989,13772.079999999987
2019-10-10 21:00:00,64.9,10,21,3,43118.654,50895.465,4023.205499999997,11800.01649999999
2019-10-10 22:00:00,64.9,10,22,3,40336.25,46933.697,2865.72907142857,9463.17607142857
2019-10-10 23:00:00,64.9,10,23,3,37670.139,42970.427,1933.829928571431,7234.117928571432
2019-10-11 00:00:00,64.0,10,0,4,35778.125,40082.769,1134.0591428571424,5438.703142857143
2019-10-11 01:00:00,63.0,10,1,4,34596.481,37818.063,1074.705571428567,4296.287571428569
2019-10-11 02:00:00,63.0,10,2,4,33953.342,36494.793,1175.7580000000016,3717.2090000000026
2019-10-11 03:00:00,62.1,10,3,4,33597.025,35676.734,1215.527714285712,3295.2367142857074
2019-10-11 04:00:00,63.0,10,4,4,34057.98,35582.818,1714.5000714285743,3239.3380714285704
2019-10-11 05:00:00,62.1,10,5,4,35878.851,36861.87,3087.62135714286,4070.64035714286
2019-10-11 06:00:00,60.1,10,6,4,39151.706,39992.854,5390.505571428555,6231.6535714285565
2019-10-11 07:00:00,59.0,10,7,4,41768.559,42308.493,6633.29942857143,7173.233428571431
2019-10-11 08:00:00,60.1,10,8,4,42373.955,43201.548,6072.72064285713,6900.313642857131
2019-10-11 09:00:00,62.1,10,9,4,42879.637,44068.298,5413.656999999999,6602.317999999999
2019-10-11 10:00:00,64.9,10,10,4,43619.915,45011.037,5482.014071428581,6873.1360714285765
2019-10-11 11:00:00,69.1,10,11,4,44018.603,45546.945,5576.578214285713,7104.92021428571
2019-10-11 12:00:00,70.0,10,12,4,44386.52,45899.903,5830.567214285707,7343.950214285709
2019-10-11 13:00:00,73.9,10,13,4,44983.313,46283.28,6531.743928571428,7831.710928571425
2019-10-11 14:00:00,73.0,10,14,4,45169.673,46316.354,6880.910214285723,8027.59121428572
2019-10-11 15:00:00,73.9,10,15,4,45260.609,45994.73,7036.121714285706,7770.242714285712
2019-10-11 16:00:00,75.0,10,16,4,45296.377,45648.483,6788.35042857143,7140.45642857143
2019-10-11 17:00:00,75.0,10,17,4,45242.527,44934.942,6354.068857142862,6046.483857142863
2019-10-11 18:00:00,73.9,10,18,4,44794.113,43779.003,5349.696499999991,4334.58649999999
2019-10-11 19:00:00,69.1,10,19,4,45615.027,43739.015,5017.11185714286,3141.099857142857
2019-10-11 20:00:00,68.0,10,20,4,45195.055,43017.168,4906.753999999986,2728.866999999984
2019-10-11 21:00:00,71.1,10,21,4,43502.555,41522.645,4407.106499999994,2427.196499999991
2019-10-11 22:00:00,71.1,10,22,4,40745.767,39484.635,3275.24607142857,2014.114071428572
2019-10-11 23:00:00,72.0,10,23,4,38107.838,36790.327,2371.528928571432,1054.0179285714255
2019-10-12 00:00:00,68.0,10,0,5,36086.1,34764.621,1442.034142857141,120.55514285714162
2019-10-12 01:00:00,55.0,10,1,5,34794.31,33515.066,1272.534571428565,0.0
2019-10-12 02:00:00,51.1,10,2,5,34000.676,32539.525,1223.0920000000042,0.0
2019-10-12 03:00:00,46.9,10,3,5,33677.626,32041.001,1296.1287142857072,0.0
2019-10-12 04:00:00,44.1,10,4,5,34193.218,31958.418,1849.738071428572,0.0
2019-10-12 05:00:00,44.1,10,5,5,35742.537,32629.122,2951.307357142854,0.0
2019-10-12 06:00:00,44.1,10,6,5,39116.033,33659.274,5354.83257142856,0.0
2019-10-12 07:00:00,42.1,10,7,5,41836.842,35089.211,6701.582428571426,0.0
2019-10-12 08:00:00,39.9,10,8,5,42522.588,36264.974,6221.353642857132,0.0
2019-10-12 09:00:00,39.9,10,9,5,43201.725,37471.926,5735.744999999995,5.945999999996275
2019-10-12 10:00:00,43.0,10,10,5,44058.573,38083.262,5920.672071428577,0.0
2019-10-12 11:00:00,45.0,10,11,5,44735.952,38371.121,6293.927214285708,0.0
2019-10-12 12:00:00,46.9,10,12,5,45492.711,38539.168,6936.758214285714,0.0
2019-10-12 13:00:00,50.0,10,13,5,46125.143,38710.978,7673.573928571423,259.408928571429
2019-10-12 14:00:00,52.0,10,14,5,46670.566,39073.905,8381.80321428572,785.1422142857191
2019-10-12 15:00:00,53.1,10,15,5,46743.817,39565.755,8519.329714285712,1341.2677142857065
2019-10-12 16:00:00,54.0,10,16,5,46972.69,40021.243,8464.663428571432,1513.2164285714316
2019-10-12 17:00:00,55.0,10,17,5,46832.037,40416.871,7943.578857142857,1528.4128571428591
2019-10-12 18:00:00,55.0,10,18,5,46185.98,40492.554,6741.563499999997,1048.1374999999898
2019-10-12 19:00:00,53.1,10,19,5,46998.713,41068.828,6400.797857142861,470.9128571428592
2019-10-12 20:00:00,48.9,10,20,5,46326.587,40590.368,6038.2859999999855,302.0669999999882
2019-10-12 21:00:00,48.0,10,21,5,44370.324,39248.635,5274.875499999995,153.18649999999616
2019-10-12 22:00:00,46.9,10,22,5,41729.786,37418.606,4259.26507142857,0.0
2019-10-12 23:00:00,45.0,10,23,5,38946.544,35369.865,3210.23492857143,0.0
2019-10-13 00:00:00,44.1,10,0,6,36760.107,33689.203,2116.041142857146,0.0
2019-10-13 01:00:00,44.1,10,1,6,35442.776,32522.238,1921.0005714285653,0.0
2019-10-13 02:00:00,42.1,10,2,6,34533.097,31764.621,1755.5130000000063,0.0
2019-10-13 03:00:00,41.0,10,3,6,34106.615,31208.428,1725.1177142857086,0.0
2019-10-13 04:00:00,41.0,10,4,6,34632.916,31220.849,2289.4360714285685,0.0
2019-10-13 05:00:00,39.9,10,5,6,36353.139,31457.058,3561.90935714286,0.0
2019-10-13 06:00:00,37.9,10,6,6,39511.195,32261.722,5749.994571428557,0.0
2019-10-13 07:00:00,37.9,10,7,6,42120.326,33301.665,6985.06642857143,0.0
2019-10-13 08:00:00,37.9,10,8,6,43346.622,34510.136,7045.387642857131,0.0
2019-10-13 09:00:00,41.0,10,9,6,44181.755,36052.282,6715.774999999994,0.0
2019-10-13 10:00:00,46.0,10,10,6,45156.199,37279.212,7018.29807142858,0.0
2019-10-13 11:00:00,53.1,10,11,6,45249.44,38165.548,6807.415214285713,0.0
2019-10-13 12:00:00,57.0,10,12,6,45509.237,38657.758,6953.284214285712,101.80521428571228
2019-10-13 13:00:00,60.1,10,13,6,45937.207,39113.826,7485.637928571428,662.2569285714271
2019-10-13 14:00:00,62.1,10,14,6,46034.389,39309.441,7745.626214285723,1020.6782142857192
2019-10-13 15:00:00,66.0,10,15,6,45697.491,39583.828,7473.003714285711,1359.3407142857104
2019-10-13 16:00:00,68.0,10,16,6,45419.986,40029.613,6911.9594285714265,1521.586428571427
2019-10-13 17:00:00,68.0,10,17,6,44859.853,40512.791,5971.394857142863,1624.3328571428574
2019-10-13 18:00:00,66.9,10,18,6,44357.129,40810.845,4912.712499999994,1366.4284999999943
2019-10-13 19:00:00,64.0,10,19,6,44740.232,42046.283,4142.316857142861,1448.3678571428609
2019-10-13 20:00:00,60.1,10,20,6,43721.836,41864.026,3433.534999999989,1575.724999999984
2019-10-13 21:00:00,57.0,10,21,6,42279.939,40510.647,3184.4904999999926,1415.198499999991
2019-10-13 22:00:00,55.0,10,22,6,39998.636,38399.894,2528.1150714285686,929.3730714285704
2019-10-13 23:00:00,53.1,10,23,6,37455.169,36403.195,1718.85992857143,666.8859285714279
2019-10-14 00:00:00,52.0,10,0,0,35239.853,34851.835,595.7871428571452,207.7691428571416
2019-10-14 01:00:00,48.9,10,1,0,33809.229,33842.35,287.45357142856665,320.57457142856583
2019-10-14 02:00:00,48.0,10,2,0,32804.319,33299.399,26.73500000000785,521.8150000000023
2019-10-14 03:00:00,48.0,10,3,0,32260.066,32884.746,0.0,503.24871428570987
2019-10-14 04:00:00,42.1,10,4,0,32215.766,33458.047,0.0,1114.5670714285698
2019-10-14 05:00:00,44.1,10,5,0,32725.614,35170.553,0.0,2379.3233571428573
2019-10-14 06:00:00,46.0,10,6,0,33796.309,38684.266,35.10857142855821,4923.06557142856
2019-10-14 07:00:00,44.1,10,7,0,35609.609,41474.083,474.349428571426,6338.823428571428
2019-10-14 08:00:00,45.0,10,8,0,36927.641,42577.099,626.4066428571314,6275.86464285713
2019-10-14 09:00:00,46.0,10,9,0,38178.681,43389.027,712.7009999999937,5923.046999999999
2019-10-14 10:00:00,51.1,10,10,0,38786.759,44119.048,648.8580714285781,5981.147071428582
2019-10-14 11:00:00,55.9,10,11,0,38796.305,44755.102,354.2802142857108,6313.0772142857095
2019-10-14 12:00:00,60.1,10,12,0,38295.645,44942.651,0.0,6386.698214285709
2019-10-14 13:00:00,62.1,10,13,0,37981.195,45062.645,0.0,6611.075928571423
2019-10-14 14:00:00,63.0,10,14,0,37549.698,45001.229,0.0,6712.46621428572
2019-10-14 15:00:00,63.0,10,15,0,37104.341,44640.151,0.0,6415.663714285707
2019-10-14 16:00:00,64.0,10,16,0,37059.249,44454.189,0.0,5946.162428571428
2019-10-14 17:00:00,64.0,10,17,0,37258.891,44363.023,0.0,5474.564857142861
2019-10-14 18:00:00,63.0,10,18,0,37442.314,44283.449,0.0,4839.032499999994
2019-10-14 19:00:00,57.9,10,19,0,39006.288,45075.93,0.0,4478.014857142858
2019-10-14 20:00:00,55.0,10,20,0,39146.122,44632.366,0.0,4344.064999999988
2019-10-14 21:00:00,53.1,10,21,0,38306.963,42904.516,0.0,3809.067499999997
2019-10-14 22:00:00,50.0,10,22,0,36912.228,40310.321,0.0,2839.8000714285736
2019-10-14 23:00:00,48.0,10,23,0,35221.207,37911.523,0.0,2175.2139285714293
2019-10-15 00:00:00,46.9,10,0,1,33798.852,35954.249,0.0,1310.183142857146
2019-10-15 01:00:00,44.1,10,1,1,32969.722,34714.135,0.0,1192.359571428569
2019-10-15 02:00:00,43.0,10,2,1,32259.672,34011.51,0.0,1233.9260000000068
2019-10-15 03:00:00,41.0,10,3,1,32104.841,33532.971,0.0,1151.4737142857084
2019-10-15 04:00:00,42.1,10,4,1,32043.71,33869.708,0.0,1526.2280714285698
2019-10-15 05:00:00,39.9,10,5,1,32585.919,35701.165,0.0,2909.9353571428583
2019-10-15 06:00:00,39.9,10,6,1,33633.621,39426.864,0.0,5665.663571428559
2019-10-15 07:00:00,42.1,10,7,1,35039.681,42029.506,0.0,6894.24642857143
2019-10-15 08:00:00,43.0,10,8,1,36367.741,42682.529,66.50664285712992,6381.29464285713
2019-10-15 09:00:00,46.9,10,9,1,37158.454,43074.425,0.0,5608.445
2019-10-15 10:00:00,54.0,10,10,1,37262.016,43871.659,0.0,5733.75807142858
2019-10-15 11:00:00,59.0,10,11,1,37218.919,44278.58,0.0,5836.555214285712
2019-10-15 12:00:00,63.0,10,12,1,37109.799,44598.928,0.0,6042.975214285711
2019-10-15 13:00:00,66.0,10,13,1,36990.895,44792.19,0.0,6340.6209285714285
2019-10-15 14:00:00,70.0,10,14,1,36728.651,44878.87,0.0,6590.107214285723
2019-10-15 15:00:00,72.0,10,15,1,36742.078,44618.686,0.0,6394.198714285711
2019-10-15 16:00:00,73.0,10,16,1,37121.963,44462.914,0.0,5954.887428571426
2019-10-15 17:00:00,73.0,10,17,1,37646.746,44307.685,0.0,5419.226857142858
2019-10-15 18:00:00,72.0,10,18,1,38296.733,44359.602,0.0,4915.185499999992
2019-10-15 19:00:00,70.0,10,19,1,40042.708,45141.848,0.0,4543.932857142856
2019-10-15 20:00:00,66.9,10,20,1,40047.667,44896.764,0.0,4608.462999999989
2019-10-15 21:00:00,64.0,10,21,1,38819.698,43118.654,0.0,4023.205499999997
2019-10-15 22:00:00,64.0,10,22,1,37128.773,40336.25,0.0,2865.72907142857
2019-10-15 23:00:00,62.1,10,23,1,35589.891,37670.139,0.0,1933.829928571431
2019-10-16 00:00:00,64.0,10,0,2,34343.864,35778.125,0.0,1134.0591428571424
2019-10-16 01:00:00,64.0,10,1,2,33599.417,34596.481,77.64157142856857,1074.705571428567
2019-10-16 02:00:00,64.9,10,2,2,33296.768,33953.342,519.1840000000011,1175.7580000000016
2019-10-16 03:00:00,63.0,10,3,2,33314.055,33597.025,932.557714285711,1215.527714285712
2019-10-16 04:00:00,61.0,10,4,2,34083.807,34057.98,1740.3270714285718,1714.5000714285743
2019-10-16 05:00:00,60.1,10,5,2,36157.885,35878.851,3366.6553571428594,3087.62135714286
2019-10-16 06:00:00,53.1,10,6,2,39772.198,39151.706,6010.997571428554,5390.505571428555
2019-10-16 07:00:00,48.9,10,7,2,42738.535,41768.559,7603.275428571433,6633.29942857143
2019-10-16 08:00:00,48.0,10,8,2,43652.518,42373.955,7351.283642857124,6072.72064285713
2019-10-16 09:00:00,48.0,10,9,2,43849.251,42879.637,6383.270999999993,5413.656999999999
2019-10-16 10:00:00,48.0,10,10,2,44047.848,43619.915,5909.947071428578,5482.014071428581
2019-10-16 11:00:00,48.9,10,11,2,43781.46,44018.603,5339.43521428571,5576.578214285713
2019-10-16 12:00:00,48.9,10,12,2,43512.323,44386.52,4956.370214285707,5830.567214285707
2019-10-16 13:00:00,48.0,10,13,2,43373.056,44983.313,4921.486928571423,6531.743928571428
2019-10-16 14:00:00,48.9,10,14,2,43080.113,45169.673,4791.350214285718,6880.910214285723
2019-10-16 15:00:00,48.9,10,15,2,42761.154,45260.609,4536.666714285711,7036.121714285706
2019-10-16 16:00:00,50.0,10,16,2,42601.33,45296.377,4093.303428571431,6788.35042857143
2019-10-16 17:00:00,50.0,10,17,2,42690.192,45242.527,3801.733857142863,6354.068857142862
2019-10-16 18:00:00,48.0,10,18,2,42888.944,44794.113,3444.5274999999965,5349.696499999991
2019-10-16 19:00:00,48.0,10,19,2,44547.533,45615.027,3949.617857142861,5017.11185714286
2019-10-16 20:00:00,48.0,10,20,2,44239.177,45195.055,3950.875999999989,4906.753999999986
2019-10-16 21:00:00,48.0,10,21,2,42519.915,43502.555,3424.466499999995,4407.106499999994
2019-10-16 22:00:00,48.0,10,22,2,40253.059,40745.767,2782.538071428571,3275.24607142857
2019-10-16 23:00:00,48.9,10,23,2,37951.256,38107.838,2214.946928571429,2371.528928571432
2019-10-17 00:00:00,48.0,10,0,3,36406.71,36086.1,1762.6441428571416,1442.034142857141
2019-10-17 01:00:00,48.0,10,1,3,35534.506,34794.31,2012.7305714285685,1272.534571428565
2019-10-17 02:00:00,46.9,10,2,3,35022.734,34000.676,2245.150000000001,1223.0920000000042
2019-10-17 03:00:00,45.0,10,3,3,35075.029,33677.626,2693.531714285713,1296.1287142857072
2019-10-17 04:00:00,44.1,10,4,3,35836.532,34193.218,3493.0520714285703,1849.738071428572
2019-10-17 05:00:00,44.1,10,5,3,37873.258,35742.537,5082.028357142859,2951.307357142854
2019-10-17 06:00:00,46.9,10,6,3,41841.621,39116.033,8080.420571428556,5354.83257142856
2019-10-17 07:00:00,46.0,10,7,3,44653.633,41836.842,9518.37342857143,6701.582428571426
2019-10-17 08:00:00,46.0,10,8,3,45144.832,42522.588,8843.59764285713,6221.353642857132
2019-10-17 09:00:00,46.9,10,9,3,44804.691,43201.725,7338.710999999996,5735.744999999995
2019-10-17 10:00:00,48.9,10,10,3,44565.189,44058.573,6427.288071428578,5920.672071428577
2019-10-17 11:00:00,51.1,10,11,3,44152.58,44735.952,5710.555214285712,6293.927214285708
2019-10-17 12:00:00,51.1,10,12,3,44094.895,45492.711,5538.942214285707,6936.758214285714
2019-10-17 13:00:00,52.0,10,13,3,43929.37,46125.143,5477.800928571429,7673.573928571423
2019-10-17 14:00:00,54.0,10,14,3,43705.283,46670.566,5416.520214285723,8381.80321428572
2019-10-17 15:00:00,54.0,10,15,3,43662.117,46743.817,5437.629714285707,8519.329714285712
2019-10-17 16:00:00,55.9,10,16,3,43738.731,46972.69,5230.704428571429,8464.663428571432
2019-10-17 17:00:00,54.0,10,17,3,43683.906,46832.037,4795.447857142863,7943.578857142857
2019-10-17 18:00:00,53.1,10,18,3,43895.349,46185.98,4450.932499999995,6741.563499999997
2019-10-17 19:00:00,52.0,10,19,3,45407.264,46998.713,4809.348857142861,6400.797857142861
2019-10-17 20:00:00,51.1,10,20,3,44719.588,46326.587,4431.286999999989,6038.2859999999855
2019-10-17 21:00:00,51.1,10,21,3,42863.659,44370.324,3768.2104999999938,5274.875499999995
2019-10-17 22:00:00,51.1,10,22,3,40518.327,41729.786,3047.8060714285675,4259.26507142857
2019-10-17 23:00:00,50.0,10,23,3,37810.973,38946.544,2074.6639285714264,3210.23492857143
2019-10-18 00:00:00,46.9,10,0,4,36146.776,36760.107,1502.7101428571405,2116.041142857146
2019-10-18 01:00:00,44.1,10,1,4,34988.041,35442.776,1466.2655714285647,1921.0005714285653
2019-10-18 02:00:00,44.1,10,2,4,34356.294,34533.097,1578.7100000000064,1755.5130000000063
2019-10-18 03:00:00,42.1,10,3,4,34241.102,34106.615,1859.6047142857096,1725.1177142857086
2019-10-18 04:00:00,39.9,10,4,4,34638.868,34632.916,2295.3880714285733,2289.4360714285685
2019-10-18 05:00:00,39.0,10,5,4,36438.173,36353.139,3646.94335714286,3561.90935714286
2019-10-18 06:00:00,37.9,10,6,4,39831.187,39511.195,6069.986571428555,5749.994571428557
2019-10-18 07:00:00,37.0,10,7,4,42748.106,42120.326,7612.846428571429,6985.06642857143
2019-10-18 08:00:00,37.0,10,8,4,43637.733,43346.622,7336.498642857128,7045.387642857131
2019-10-18 09:00:00,39.9,10,9,4,44124.828,44181.755,6658.847999999998,6715.774999999994
2019-10-18 10:00:00,45.0,10,10,4,44467.726,45156.199,6329.825071428582,7018.29807142858
2019-10-18 11:00:00,50.0,10,11,4,44504.827,45249.44,6062.802214285708,6807.415214285713
2019-10-18 12:00:00,54.0,10,12,4,44467.631,45509.237,5911.678214285712,6953.284214285712
2019-10-18 13:00:00,55.9,10,13,4,44330.058,45937.207,5878.488928571424,7485.637928571428
2019-10-18 14:00:00,57.0,10,14,4,44190.022,46034.389,5901.2592142857175,7745.626214285723
2019-10-18 15:00:00,57.9,10,15,4,43947.378,45697.491,5722.890714285706,7473.003714285711
2019-10-18 16:00:00,61.0,10,16,4,43967.528,45419.986,5459.501428571428,6911.9594285714265
2019-10-18 17:00:00,61.0,10,17,4,44169.762,44859.853,5281.303857142862,5971.394857142863
2019-10-18 18:00:00,59.0,10,18,4,44953.273,44357.129,5508.856499999994,4912.712499999994
2019-10-18 19:00:00,57.0,10,19,4,46106.424,44740.232,5508.508857142857,4142.316857142861
2019-10-18 20:00:00,53.1,10,20,4,45624.614,43721.836,5336.312999999987,3433.534999999989
2019-10-18 21:00:00,46.9,10,21,4,44208.973,42279.939,5113.524499999992,3184.4904999999926
2019-10-18 22:00:00,45.0,10,22,4,41859.04,39998.636,4388.519071428571,2528.1150714285686
2019-10-18 23:00:00,45.0,10,23,4,39411.876,37455.169,3675.566928571425,1718.85992857143
2019-10-19 00:00:00,44.1,10,0,5,37810.017,35239.853,3165.9511428571423,595.7871428571452
2019-10-19 01:00:00,42.1,10,1,5,36718.814,33809.229,3197.038571428566,287.45357142856665
2019-10-19 02:00:00,39.0,10,2,5,36350.017,32804.319,3572.4330000000045,26.73500000000785
2019-10-19 03:00:00,39.9,10,3,5,35978.292,32260.066,3596.794714285712,0.0
2019-10-19 04:00:00,39.9,10,4,5,36665.576,32215.766,4322.096071428572,0.0
2019-10-19 05:00:00,39.9,10,5,5,38791.644,32725.614,6000.414357142858,0.0
2019-10-19 06:00:00,41.0,10,6,5,42444.203,33796.309,8683.002571428558,35.10857142855821
2019-10-19 07:00:00,39.9,10,7,5,45477.563,35609.609,10342.303428571431,474.349428571426
2019-10-19 08:00:00,37.9,10,8,5,45972.837,36927.641,9671.602642857128,626.4066428571314
2019-10-19 09:00:00,43.0,10,9,5,46051.422,38178.681,8585.441999999995,712.7009999999937
2019-10-19 10:00:00,50.0,10,10,5,45890.3,38786.759,7752.399071428583,648.8580714285781
2019-10-19 11:00:00,54.0,10,11,5,45419.747,38796.305,6977.722214285714,354.2802142857108
2019-10-19 12:00:00,57.0,10,12,5,44962.61,38295.645,6406.657214285711,0.0
2019-10-19 13:00:00,61.0,10,13,5,44680.327,37981.195,6228.757928571424,0.0
2019-10-19 14:00:00,64.0,10,14,5,44160.239,37549.698,5871.476214285722,0.0
2019-10-19 15:00:00,64.9,10,15,5,43575.18,37104.341,5350.692714285709,0.0
2019-10-19 16:00:00,66.0,10,16,5,43331.052,37059.249,4823.025428571433,0.0
2019-10-19 17:00:00,64.9,10,17,5,43377.047,37258.891,4488.588857142859,0.0
2019-10-19 18:00:00,64.9,10,18,5,44043.967,37442.314,4599.55049999999,0.0
2019-10-19 19:00:00,62.1,10,19,5,45676.743,39006.288,5078.82785714286,0.0
2019-10-19 20:00:00,59.0,10,20,5,45391.162,39146.122,5102.860999999983,0.0
2019-10-19 21:00:00,59.0,10,21,5,44087.674,38306.963,4992.225499999993,0.0
2019-10-19 22:00:00,55.9,10,22,5,41943.11,36912.228,4472.589071428571,0.0
2019-10-19 23:00:00,55.9,10,23,5,39695.963,35221.207,3959.653928571432,0.0
2019-10-20 00:00:00,55.0,10,0,6,38128.841,33798.852,3484.775142857143,0.0
2019-10-20 01:00:00,51.1,10,1,6,37047.591,32969.722,3525.815571428568,0.0
2019-10-20 02:00:00,48.0,10,2,6,36581.402,32259.672,3803.818000000007,0.0
2019-10-20 03:00:00,48.0,10,3,6,36551.31,32104.841,4169.812714285708,0.0
2019-10-20 04:00:00,50.0,10,4,6,37356.687,32043.71,5013.207071428569,0.0
2019-10-20 05:00:00,51.1,10,5,6,39135.941,32585.919,6344.711357142856,0.0
2019-10-20 06:00:00,52.0,10,6,6,42884.148,33633.621,9122.947571428558,0.0
2019-10-20 07:00:00,52.0,10,7,6,45713.308,35039.681,10578.048428571426,0.0
2019-10-20 08:00:00,52.0,10,8,6,46142.55,36367.741,9841.315642857133,66.50664285712992
2019-10-20 09:00:00,54.0,10,9,6,45810.86,37158.454,8344.879999999997,0.0
2019-10-20 10:00:00,57.0,10,10,6,45113.244,37262.016,6975.343071428579,0.0
2019-10-20 11:00:00,62.1,10,11,6,44380.683,37218.919,5938.658214285708,0.0
2019-10-20 12:00:00,64.9,10,12,6,43765.648,37109.799,5209.695214285712,0.0
2019-10-20 13:00:00,71.1,10,13,6,43370.485,36990.895,4918.915928571427,0.0
2019-10-20 14:00:00,72.0,10,14,6,42711.146,36728.651,4422.383214285721,0.0
2019-10-20 15:00:00,73.0,10,15,6,42070.122,36742.078,3845.634714285712,0.0
2019-10-20 16:00:00,75.9,10,16,6,41662.284,37121.963,3154.257428571429,0.0
2019-10-20 17:00:00,72.0,10,17,6,41585.842,37646.746,2697.383857142857,0.0
2019-10-20 18:00:00,73.0,10,18,6,41723.436,38296.733,2279.019499999995,0.0
2019-10-20 19:00:00,69.1,10,19,6,43074.386,40042.708,2476.4708571428564,0.0
2019-10-20 20:00:00,66.0,10,20,6,42675.418,40047.667,2387.116999999984,0.0
2019-10-20 21:00:00,66.0,10,21,6,41923.823,38819.698,2828.374499999991,0.0
2019-10-20 22:00:00,64.9,10,22,6,40345.213,37128.773,2874.6920714285734,0.0
2019-10-20 23:00:00,64.0,10,23,6,38433.592,35589.891,2697.282928571425,0.0
2019-10-21 00:00:00,62.1,10,0,0,36838.611,34343.864,2194.54514285714,0.0
2019-10-21 01:00:00,60.1,10,1,0,35798.24,33599.417,2276.4645714285653,77.64157142856857
2019-10-21 02:00:00,57.9,10,2,0,35374.532,33296.768,2596.948000000004,519.1840000000011
2019-10-21 03:00:00,55.0,10,3,0,35167.603,33314.055,2786.105714285713,932.557714285711
2019-10-21 04:00:00,54.0,10,4,0,35462.962,34083.807,3119.48207142857,1740.3270714285718
2019-10-21 05:00:00,55.0,10,5,0,36309.637,36157.885,3518.40735714286,3366.6553571428594
2019-10-21 06:00:00,54.0,10,6,0,37877.332,39772.198,4116.131571428559,6010.997571428554
2019-10-21 07:00:00,54.0,10,7,0,39742.47,42738.535,4607.21042857143,7603.275428571433
2019-10-21 08:00:00,55.0,10,8,0,40773.754,43652.518,4472.519642857129,7351.283642857124
2019-10-21 09:00:00,55.0,10,9,0,40921.647,43849.251,3455.666999999994,6383.270999999993
2019-10-21 10:00:00,57.0,10,10,0,40611.859,44047.848,2473.9580714285767,5909.947071428578
2019-10-21 11:00:00,60.1,10,11,0,39923.253,43781.46,1481.2282142857075,5339.43521428571
2019-10-21 12:00:00,64.0,10,12,0,39180.095,43512.323,624.1422142857118,4956.370214285707
2019-10-21 13:00:00,70.0,10,13,0,38517.777,43373.056,66.20792857142806,4921.486928571423
2019-10-21 14:00:00,71.1,10,14,0,37947.416,43080.113,0.0,4791.350214285718
2019-10-21 15:00:00,72.0,10,15,0,37707.123,42761.154,0.0,4536.666714285711
2019-10-21 16:00:00,73.0,10,16,0,37568.461,42601.33,0.0,4093.303428571431
2019-10-21 17:00:00,73.0,10,17,0,37724.861,42690.192,0.0,3801.733857142863
2019-10-21 18:00:00,73.0,10,18,0,38232.999,42888.944,0.0,3444.5274999999965
2019-10-21 19:00:00,72.0,10,19,0,39567.12,44547.533,0.0,3949.617857142861
2019-10-21 20:00:00,66.0,10,20,0,39263.356,44239.177,0.0,3950.875999999989
2019-10-21 21:00:00,63.0,10,21,0,38348.041,42519.915,0.0,3424.466499999995
2019-10-21 22:00:00,63.0,10,22,0,37002.706,40253.059,0.0,2782.538071428571
2019-10-21 23:00:00,62.1,10,23,0,35331.51,37951.256,0.0,2214.946928571429
2019-10-22 00:00:00,61.0,10,0,1,33878.566,36406.71,0.0,1762.6441428571416
2019-10-22 01:00:00,61.0,10,1,1,32880.234,35534.506,0.0,2012.7305714285685
2019-10-22 02:00:00,61.0,10,2,1,32140.617,35022.734,0.0,2245.150000000001
2019-10-22 03:00:00,61.0,10,3,1,31964.853,35075.029,0.0,2693.531714285713
2019-10-22 04:00:00,60.1,10,4,1,32021.324,35836.532,0.0,3493.0520714285703
2019-10-22 05:00:00,60.1,10,5,1,32317.63,37873.258,0.0,5082.028357142859
2019-10-22 06:00:00,60.1,10,6,1,33194.228,41841.621,0.0,8080.420571428556
2019-10-22 07:00:00,59.0,10,7,1,34399.585,44653.633,0.0,9518.37342857143
2019-10-22 08:00:00,59.0,10,8,1,35431.334,45144.832,0.0,8843.59764285713
2019-10-22 09:00:00,57.9,10,9,1,36446.835,44804.691,0.0,7338.710999999996
2019-10-22 10:00:00,60.1,10,10,1,36933.346,44565.189,0.0,6427.288071428578
2019-10-22 11:00:00,62.1,10,11,1,37200.343,44152.58,0.0,5710.555214285712
2019-10-22 12:00:00,62.1,10,12,1,37463.167,44094.895,0.0,5538.942214285707
2019-10-22 13:00:00,62.1,10,13,1,37498.295,43929.37,0.0,5477.800928571429
2019-10-22 14:00:00,62.1,10,14,1,37502.785,43705.283,0.0,5416.520214285723
2019-10-22 15:00:00,62.1,10,15,1,37623.038,43662.117,0.0,5437.629714285707
2019-10-22 16:00:00,63.0,10,16,1,38097.019,43738.731,0.0,5230.704428571429
2019-10-22 17:00:00,61.0,10,17,1,38427.995,43683.906,0.0,4795.447857142863
2019-10-22 18:00:00,60.1,10,18,1,39138.297,43895.349,0.0,4450.932499999995
2019-10-22 19:00:00,57.9,10,19,1,40915.172,45407.264,317.25685714285646,4809.348857142861
2019-10-22 20:00:00,55.0,10,20,1,40687.905,44719.588,399.6039999999848,4431.286999999989
2019-10-22 21:00:00,55.0,10,21,1,39295.624,42863.659,200.1754999999976,3768.2104999999938
2019-10-22 22:00:00,55.0,10,22,1,37403.877,40518.327,0.0,3047.8060714285675
2019-10-22 23:00:00,54.0,10,23,1,35475.629,37810.973,0.0,2074.6639285714264
2019-10-23 00:00:00,52.0,10,0,2,34093.609,36146.776,0.0,1502.7101428571405
2019-10-23 01:00:00,50.0,10,1,2,33208.892,34988.041,0.0,1466.2655714285647
2019-10-23 02:00:00,48.9,10,2,2,32678.449,34356.294,0.0,1578.7100000000064
2019-10-23 03:00:00,48.0,10,3,2,32682.418,34241.102,300.92071428571217,1859.6047142857096
2019-10-23 04:00:00,48.0,10,4,2,33312.046,34638.868,968.5660714285732,2295.3880714285733
2019-10-23 05:00:00,46.9,10,5,2,35327.997,36438.173,2536.7673571428604,3646.94335714286
2019-10-23 06:00:00,46.0,10,6,2,39127.025,39831.187,5365.824571428559,6069.986571428555
2019-10-23 07:00:00,45.0,10,7,2,42198.859,42748.106,7063.599428571426,7612.846428571429
2019-10-23 08:00:00,44.1,10,8,2,43252.805,43637.733,6951.570642857128,7336.498642857128
2019-10-23 09:00:00,45.0,10,9,2,43911.587,44124.828,6445.606999999996,6658.847999999998
2019-10-23 10:00:00,48.9,10,10,2,44234.58,44467.726,6096.679071428582,6329.825071428582
2019-10-23 11:00:00,53.1,10,11,2,44503.839,44504.827,6061.814214285711,6062.802214285708
2019-10-23 12:00:00,55.9,10,12,2,44715.422,44467.631,6159.469214285709,5911.678214285712
2019-10-23 13:00:00,57.9,10,13,2,44794.883,44330.058,6343.313928571428,5878.488928571424
2019-10-23 14:00:00,60.1,10,14,2,44501.797,44190.022,6213.034214285719,5901.2592142857175
2019-10-23 15:00:00,62.1,10,15,2,44158.074,43947.378,5933.58671428571,5722.890714285706
2019-10-23 16:00:00,63.0,10,16,2,44143.824,43967.528,5635.79742857143,5459.501428571428
2019-10-23 17:00:00,62.1,10,17,2,44063.338,44169.762,5174.879857142863,5281.303857142862
2019-10-23 18:00:00,61.0,10,18,2,44601.549,44953.273,5157.132499999992,5508.856499999994
2019-10-23 19:00:00,57.0,10,19,2,45587.332,46106.424,4989.41685714286,5508.508857142857
2019-10-23 20:00:00,55.9,10,20,2,44669.492,45624.614,4381.190999999984,5336.312999999987
2019-10-23 21:00:00,53.1,10,21,2,42907.499,44208.973,3812.0504999999976,5113.524499999992
2019-10-23 22:00:00,52.0,10,22,2,40387.545,41859.04,2917.0240714285683,4388.519071428571
2019-10-23 23:00:00,52.0,10,23,2,38033.468,39411.876,2297.158928571429,3675.566928571425
2019-10-24 00:00:00,51.1,10,0,3,36130.726,37810.017,1486.6601428571448,3165.9511428571423
2019-10-24 01:00:00,51.1,10,1,3,34815.729,36718.814,1293.9535714285666,3197.038571428566
2019-10-24 02:00:00,50.0,10,2,3,34085.604,36350.017,1308.020000000004,3572.4330000000045
2019-10-24 03:00:00,48.9,10,3,3,33795.221,35978.292,1413.7237142857084,3596.794714285712
2019-10-24 04:00:00,46.9,10,4,3,34244.588,36665.576,1901.1080714285745,4322.096071428572
2019-10-24 05:00:00,48.9,10,5,3,36165.635,38791.644,3374.4053571428594,6000.414357142858
2019-10-24 06:00:00,46.0,10,6,3,39857.346,42444.203,6096.145571428555,8683.002571428558
2019-10-24 07:00:00,46.9,10,7,3,42977.473,45477.563,7842.213428571427,10342.303428571431
2019-10-24 08:00:00,45.0,10,8,3,43726.557,45972.837,7425.322642857129,9671.602642857128
2019-10-24 09:00:00,48.9,10,9,3,44064.682,46051.422,6598.7019999999975,8585.441999999995
2019-10-24 10:00:00,54.0,10,10,3,44496.383,45890.3,6358.482071428582,7752.399071428583
2019-10-24 11:00:00,57.0,10,11,3,44651.457,45419.747,6209.432214285713,6977.722214285714
2019-10-24 12:00:00,62.1,10,12,3,44778.281,44962.61,6222.328214285713,6406.657214285711
2019-10-24 13:00:00,66.9,10,13,3,44641.546,44680.327,6189.976928571428,6228.757928571424
2019-10-24 14:00:00,69.1,10,14,3,44267.225,44160.239,5978.462214285719,5871.476214285722
2019-10-24 15:00:00,69.1,10,15,3,43925.17,43575.18,5700.682714285707,5350.692714285709
2019-10-24 16:00:00,69.1,10,16,3,43519.734,43331.052,5011.707428571426,4823.025428571433
2019-10-24 17:00:00,66.9,10,17,3,43452.738,43377.047,4564.2798571428575,4488.588857142859
2019-10-24 18:00:00,64.0,10,18,3,43969.887,44043.967,4525.470499999996,4599.55049999999
2019-10-24 19:00:00,60.1,10,19,3,45357.037,45676.743,4759.121857142854,5078.82785714286
2019-10-24 20:00:00,57.0,10,20,3,44632.816,45391.162,4344.514999999985,5102.860999999983
2019-10-24 21:00:00,55.9,10,21,3,43082.909,44087.674,3987.4604999999938,4992.225499999993
2019-10-24 22:00:00,53.1,10,22,3,40726.758,41943.11,3256.237071428572,4472.589071428571
2019-10-24 23:00:00,52.0,10,23,3,38366.758,39695.963,2630.44892857143,3959.653928571432
2019-10-25 00:00:00,51.1,10,0,4,36590.097,38128.841,1946.031142857144,3484.775142857143
2019-10-25 01:00:00,48.9,10,1,4,35566.143,37047.591,2044.367571428564,3525.815571428568
2019-10-25 02:00:00,50.0,10,2,4,34948.244,36581.402,2170.6600000000035,3803.818000000007
2019-10-25 03:00:00,50.0,10,3,4,34945.901,36551.31,2564.4037142857087,4169.812714285708
2019-10-25 04:00:00,50.0,10,4,4,35760.75,37356.687,3417.270071428571,5013.207071428569
2019-10-25 05:00:00,50.0,10,5,4,37759.686,39135.941,4968.456357142859,6344.711357142856
2019-10-25 06:00:00,50.0,10,6,4,41692.653,42884.148,7931.4525714285555,9122.947571428558
2019-10-25 07:00:00,51.1,10,7,4,44617.471,45713.308,9482.211428571429,10578.048428571426
2019-10-25 08:00:00,51.1,10,8,4,45144.629,46142.55,8843.394642857129,9841.315642857133
2019-10-25 09:00:00,51.1,10,9,4,44693.418,45810.86,7227.437999999995,8344.879999999997
2019-10-25 10:00:00,52.0,10,10,4,44406.851,45113.244,6268.950071428582,6975.343071428579
2019-10-25 11:00:00,54.0,10,11,4,44000.111,44380.683,5558.086214285708,5938.658214285708
2019-10-25 12:00:00,55.0,10,12,4,43764.036,43765.648,5208.083214285711,5209.695214285712
2019-10-25 13:00:00,57.0,10,13,4,43569.249,43370.485,5117.67992857143,4918.915928571427
2019-10-25 14:00:00,57.9,10,14,4,43136.103,42711.146,4847.340214285723,4422.383214285721
2019-10-25 15:00:00,60.1,10,15,4,42741.7,42070.122,4517.212714285706,3845.634714285712
2019-10-25 16:00:00,61.0,10,16,4,42632.717,41662.284,4124.690428571426,3154.257428571429
2019-10-25 17:00:00,60.1,10,17,4,42593.692,41585.842,3705.233857142863,2697.383857142857
2019-10-25 18:00:00,60.1,10,18,4,43470.781,41723.436,4026.364499999996,2279.019499999995
2019-10-25 19:00:00,57.0,10,19,4,44977.546,43074.386,4379.63085714286,2476.4708571428564
2019-10-25 20:00:00,55.0,10,20,4,44523.065,42675.418,4234.763999999988,2387.116999999984
2019-10-25 21:00:00,54.0,10,21,4,43232.269,41923.823,4136.820499999994,2828.374499999991
2019-10-25 22:00:00,52.0,10,22,4,41151.549,40345.213,3681.028071428569,2874.6920714285734
2019-10-25 23:00:00,52.0,10,23,4,38891.845,38433.592,3155.5359285714294,2697.282928571425
2019-10-26 00:00:00,51.1,10,0,5,37133.058,36838.611,2488.99214285714,2194.54514285714
2019-10-26 01:00:00,50.0,10,1,5,36155.081,35798.24,2633.3055714285656,2276.4645714285653
2019-10-26 02:00:00,50.0,10,2,5,35769.278,35374.532,2991.694000000003,2596.948000000004
2019-10-26 03:00:00,50.0,10,3,5,35693.037,35167.603,3311.539714285708,2786.105714285713
2019-10-26 04:00:00,50.0,10,4,5,36579.026,35462.962,4235.546071428569,3119.48207142857
2019-10-26 05:00:00,50.0,10,5,5,38566.437,36309.637,5775.207357142856,3518.40735714286
2019-10-26 06:00:00,50.0,10,6,5,42521.657,37877.332,8760.456571428556,4116.131571428559
2019-10-26 07:00:00,50.0,10,7,5,45406.109,39742.47,10270.849428571426,4607.21042857143
2019-10-26 08:00:00,51.1,10,8,5,45866.359,40773.754,9565.124642857125,4472.519642857129
2019-10-26 09:00:00,50.0,10,9,5,45370.718,40921.647,7904.737999999998,3455.666999999994
2019-10-26 10:00:00,52.0,10,10,5,44957.001,40611.859,6819.1000714285765,2473.9580714285767
2019-10-26 11:00:00,53.1,10,11,5,44358.871,39923.253,5916.84621428571,1481.2282142857075
2019-10-26 12:00:00,52.0,10,12,5,44031.842,39180.095,5475.889214285708,624.1422142857118
2019-10-26 13:00:00,52.0,10,13,5,43812.264,38517.777,5360.694928571429,66.20792857142806
2019-10-26 14:00:00,53.1,10,14,5,43384.464,37947.416,5095.70121428572,0.0
2019-10-26 15:00:00,54.0,10,15,5,42766.434,37707.123,4541.94671428571,0.0
2019-10-26 16:00:00,55.0,10,16,5,42636.89,37568.461,4128.863428571429,0.0
2019-10-26 17:00:00,55.9,10,17,5,42542.926,37724.861,3654.467857142859,0.0
2019-10-26 18:00:00,55.9,10,18,5,43273.769,38232.999,3829.3524999999936,0.0
2019-10-26 19:00:00,57.0,10,19,5,44695.348,39567.12,4097.432857142856,0.0
2019-10-26 20:00:00,59.0,10,20,5,44092.734,39263.356,3804.432999999983,0.0
2019-10-26 21:00:00,59.0,10,21,5,42815.582,38348.041,3720.133499999996,0.0
2019-10-26 22:00:00,60.1,10,22,5,40706.379,37002.706,3235.858071428571,0.0
2019-10-26 23:00:00,60.1,10,23,5,38420.103,35331.51,2683.793928571431,0.0
2019-10-27 00:00:00,63.0,10,0,6,36660.628,33878.566,2016.56214285714,0.0
2019-10-27 01:00:00,61.0,10,1,6,35759.716,32880.234,2237.940571428568,0.0
2019-10-27 02:00:00,61.0,10,2,6,35273.276,32140.617,2495.6920000000027,0.0
2019-10-27 03:00:00,61.0,10,3,6,35088.032,31964.853,2706.53471428571,0.0
2019-10-27 04:00:00,62.1,10,4,6,35663.088,32021.324,3319.6080714285745,0.0
2019-10-27 05:00:00,61.0,10,5,6,37665.951,32317.63,4874.721357142858,0.0
2019-10-27 06:00:00,57.9,10,6,6,41292.419,33194.228,7531.218571428559,0.0
2019-10-27 07:00:00,57.0,10,7,6,44200.616,34399.585,9065.356428571433,0.0
2019-10-27 08:00:00,55.9,10,8,6,45048.089,35431.334,8746.854642857128,0.0
2019-10-27 09:00:00,55.0,10,9,6,45179.762,36446.835,7713.781999999999,0.0
2019-10-27 10:00:00,55.0,10,10,6,45015.956,36933.346,6878.055071428578,0.0
2019-10-27 11:00:00,55.0,10,11,6,44669.174,37200.343,6227.14921428571,0.0
2019-10-27 12:00:00,57.0,10,12,6,44237.423,37463.167,5681.470214285713,0.0
2019-10-27 13:00:00,57.0,10,13,6,43739.647,37498.295,5288.077928571423,0.0
2019-10-27 14:00:00,57.0,10,14,6,42963.424,37502.785,4674.661214285719,0.0
2019-10-27 15:00:00,57.9,10,15,6,42412.129,37623.038,4187.64171428571,0.0
2019-10-27 16:00:00,60.1,10,16,6,42245.307,38097.019,3737.28042857143,0.0
2019-10-27 17:00:00,61.0,10,17,6,42061.116,38427.995,3172.6578571428618,0.0
2019-10-27 18:00:00,61.0,10,18,6,42802.24,39138.297,3357.823499999992,0.0
2019-10-27 19:00:00,57.9,10,19,6,43448.876,40915.172,2850.9608571428544,317.25685714285646
2019-10-27 20:00:00,55.0,10,20,6,42587.492,40687.905,2299.1909999999843,399.6039999999848
2019-10-27 21:00:00,53.1,10,21,6,41507.465,39295.624,2412.01649999999,200.1754999999976
2019-10-27 22:00:00,50.0,10,22,6,39759.962,37403.877,2289.4410714285696,0.0
2019-10-27 23:00:00,48.0,10,23,6,37905.16,35475.629,2168.850928571432,0.0
2019-10-28 00:00:00,46.9,10,0,0,36098.754,34093.609,1454.6881428571432,0.0
2019-10-28 01:00:00,46.0,10,1,0,34916.613,33208.892,1394.8375714285648,0.0
2019-10-28 02:00:00,46.0,10,2,0,34220.005,32678.449,1442.421000000002,0.0
2019-10-28 03:00:00,43.0,10,3,0,33949.646,32682.418,1568.148714285711,300.92071428571217
2019-10-28 04:00:00,43.0,10,4,0,33999.815,33312.046,1656.3350714285734,968.5660714285732
2019-10-28 05:00:00,43.0,10,5,0,34699.018,35327.997,1907.7883571428536,2536.7673571428604
2019-10-28 06:00:00,42.1,10,6,0,36048.847,39127.025,2287.6465714285587,5365.824571428559
2019-10-28 07:00:00,41.0,10,7,0,37857.656,42198.859,2722.396428571432,7063.599428571426
2019-10-28 08:00:00,42.1,10,8,0,39095.712,43252.805,2794.477642857128,6951.570642857128
2019-10-28 09:00:00,44.1,10,9,0,40154.581,43911.587,2688.600999999995,6445.606999999996
2019-10-28 10:00:00,51.1,10,10,0,40925.835,44234.58,2787.934071428579,6096.679071428582
2019-10-28 11:00:00,55.0,10,11,0,40886.754,44503.839,2444.729214285712,6061.814214285711
2019-10-28 12:00:00,59.0,10,12,0,40765.674,44715.422,2209.7212142857097,6159.469214285709
2019-10-28 13:00:00,62.1,10,13,0,40485.219,44794.883,2033.6499285714235,6343.313928571428
2019-10-28 14:00:00,64.9,10,14,0,40006.793,44501.797,1718.030214285718,6213.034214285719
2019-10-28 15:00:00,66.0,10,15,0,39839.881,44158.074,1615.3937142857103,5933.58671428571
2019-10-28 16:00:00,68.0,10,16,0,39958.115,44143.824,1450.0884285714274,5635.79742857143
2019-10-28 17:00:00,68.0,10,17,0,40296.981,44063.338,1408.5228571428595,5174.879857142863
2019-10-28 18:00:00,66.9,10,18,0,41097.513,44601.549,1653.0964999999924,5157.132499999992
2019-10-28 19:00:00,62.1,10,19,0,41271.969,45587.332,674.0538571428551,4989.41685714286
2019-10-28 20:00:00,57.9,10,20,0,40525.374,44669.492,237.0729999999894,4381.190999999984
2019-10-28 21:00:00,53.1,10,21,0,39473.745,42907.499,378.2964999999968,3812.0504999999976
2019-10-28 22:00:00,52.0,10,22,0,37867.555,40387.545,397.0340714285703,2917.0240714285683
2019-10-28 23:00:00,50.0,10,23,0,36089.597,38033.468,353.2879285714298,2297.158928571429
2019-10-29 00:00:00,48.9,10,0,1,34482.371,36130.726,0.0,1486.6601428571448
2019-10-29 01:00:00,46.9,10,1,1,33439.927,34815.729,0.0,1293.9535714285666
2019-10-29 02:00:00,46.0,10,2,1,32660.741,34085.604,0.0,1308.020000000004
2019-10-29 03:00:00,46.0,10,3,1,32226.133,33795.221,0.0,1413.7237142857084
2019-10-29 04:00:00,46.0,10,4,1,32094.706,34244.588,0.0,1901.1080714285745
2019-10-29 05:00:00,46.9,10,5,1,32337.352,36165.635,0.0,3374.4053571428594
2019-10-29 06:00:00,50.0,10,6,1,33026.11,39857.346,0.0,6096.145571428555
2019-10-29 07:00:00,48.9,10,7,1,34384.368,42977.473,0.0,7842.213428571427
2019-10-29 08:00:00,50.0,10,8,1,35673.289,43726.557,0.0,7425.322642857129
2019-10-29 09:00:00,51.1,10,9,1,36658.271,44064.682,0.0,6598.7019999999975
2019-10-29 10:00:00,52.0,10,10,1,37401.765,44496.383,0.0,6358.482071428582
2019-10-29 11:00:00,54.0,10,11,1,37796.6,44651.457,0.0,6209.432214285713
2019-10-29 12:00:00,55.0,10,12,1,37919.577,44778.281,0.0,6222.328214285713
2019-10-29 13:00:00,55.9,10,13,1,37773.536,44641.546,0.0,6189.976928571428
2019-10-29 14:00:00,57.0,10,14,1,37611.08,44267.225,0.0,5978.462214285719
2019-10-29 15:00:00,57.9,10,15,1,37419.798,43925.17,0.0,5700.682714285707
2019-10-29 16:00:00,59.0,10,16,1,37542.598,43519.734,0.0,5011.707428571426
2019-10-29 17:00:00,59.0,10,17,1,38006.746,43452.738,0.0,4564.2798571428575
2019-10-29 18:00:00,57.9,10,18,1,39075.049,43969.887,0.0,4525.470499999996
2019-10-29 19:00:00,57.9,10,19,1,40870.643,45357.037,272.7278571428542,4759.121857142854
2019-10-29 20:00:00,57.0,10,20,1,40614.886,44632.816,326.5849999999846,4344.514999999985
2019-10-29 21:00:00,55.9,10,21,1,39367.525,43082.909,272.0764999999956,3987.4604999999938
2019-10-29 22:00:00,52.0,10,22,1,37620.675,40726.758,150.15407142857293,3256.237071428572
2019-10-29 23:00:00,50.0,10,23,1,36008.595,38366.758,272.2859285714294,2630.44892857143
2019-10-30 00:00:00,48.9,10,0,2,34626.75,36590.097,0.0,1946.031142857144
2019-10-30 01:00:00,48.0,10,1,2,34058.671,35566.143,536.8955714285694,2044.367571428564
2019-10-30 02:00:00,46.9,10,2,2,33687.685,34948.244,910.1010000000024,2170.6600000000035
2019-10-30 03:00:00,46.0,10,3,2,34013.767,34945.901,1632.2697142857105,2564.4037142857087
2019-10-30 04:00:00,46.9,10,4,2,34773.137,35760.75,2429.657071428573,3417.270071428571
2019-10-30 05:00:00,46.9,10,5,2,37107.266,37759.686,4316.036357142861,4968.456357142859
2019-10-30 06:00:00,48.9,10,6,2,41128.537,41692.653,7367.336571428554,7931.4525714285555
2019-10-30 07:00:00,50.0,10,7,2,44378.541,44617.471,9243.281428571428,9482.211428571429
2019-10-30 08:00:00,51.1,10,8,2,45302.255,45144.629,9001.020642857125,8843.394642857129
2019-10-30 09:00:00,52.0,10,9,2,45061.777,44693.418,7595.796999999999,7227.437999999995
2019-10-30 10:00:00,53.1,10,10,2,44947.948,44406.851,6810.047071428577,6268.950071428582
2019-10-30 11:00:00,54.0,10,11,2,44620.021,44000.111,6177.996214285711,5558.086214285708
2019-10-30 12:00:00,57.0,10,12,2,44398.831,43764.036,5842.878214285709,5208.083214285711
2019-10-30 13:00:00,57.0,10,13,2,44259.246,43569.249,5807.676928571425,5117.67992857143
2019-10-30 14:00:00,57.0,10,14,2,44030.507,43136.103,5741.744214285718,4847.340214285723
2019-10-30 15:00:00,57.0,10,15,2,43726.276,42741.7,5501.788714285707,4517.212714285706
2019-10-30 16:00:00,57.0,10,16,2,43649.542,42632.717,5141.515428571431,4124.690428571426
2019-10-30 17:00:00,57.0,10,17,2,43711.645,42593.692,4823.186857142857,3705.233857142863
2019-10-30 18:00:00,55.9,10,18,2,44483.738,43470.781,5039.321499999991,4026.364499999996
2019-10-30 19:00:00,57.0,10,19,2,45551.224,44977.546,4953.30885714286,4379.63085714286
2019-10-30 20:00:00,57.9,10,20,2,44773.998,44523.065,4485.696999999986,4234.763999999988
2019-10-30 21:00:00,57.9,10,21,2,43057.584,43232.269,3962.1354999999967,4136.820499999994
2019-10-30 22:00:00,57.9,10,22,2,40832.027,41151.549,3361.506071428572,3681.028071428569
2019-10-30 23:00:00,57.9,10,23,2,38417.332,38891.845,2681.0229285714304,3155.5359285714294
2019-10-31 00:00:00,59.0,10,0,3,36529.681,37133.058,1885.6151428571395,2488.99214285714
2019-10-31 01:00:00,57.9,10,1,3,35479.372,36155.081,1957.5965714285703,2633.3055714285656
2019-10-31 02:00:00,57.9,10,2,3,35062.978,35769.278,2285.3940000000075,2991.694000000003
2019-10-31 03:00:00,59.0,10,3,3,35140.777,35693.037,2759.2797142857125,3311.539714285708
2019-10-31 04:00:00,59.0,10,4,3,35748.967,36579.026,3405.487071428568,4235.546071428569
2019-10-31 05:00:00,59.0,10,5,3,37706.208,38566.437,4914.978357142856,5775.207357142856
2019-10-31 06:00:00,59.0,10,6,3,41360.694,42521.657,7599.49357142856,8760.456571428556
2019-10-31 07:00:00,59.0,10,7,3,44407.767,45406.109,9272.507428571427,10270.849428571426
2019-10-31 08:00:00,60.1,10,8,3,45182.746,45866.359,8881.511642857127,9565.124642857125
2019-10-31 09:00:00,62.1,10,9,3,45255.502,45370.718,7789.521999999997,7904.737999999998
2019-10-31 10:00:00,62.1,10,10,3,45456.449,44957.001,7318.54807142858,6819.1000714285765
2019-10-31 11:00:00,64.0,10,11,3,45373.096,44358.871,6931.071214285708,5916.84621428571
2019-10-31 12:00:00,63.0,10,12,3,45035.275,44031.842,6479.322214285712,5475.889214285708
2019-10-31 13:00:00,61.0,10,13,3,44962.451,43812.264,6510.881928571427,5360.694928571429
2019-10-31 14:00:00,55.0,10,14,3,44660.237,43384.464,6371.474214285721,5095.70121428572
2019-10-31 15:00:00,50.0,10,15,3,44167.614,42766.434,5943.126714285711,4541.94671428571
2019-10-31 16:00:00,46.9,10,16,3,44048.108,42636.89,5540.08142857143,4128.863428571429
2019-10-31 17:00:00,42.1,10,17,3,44207.006,42542.926,5318.547857142861,3654.467857142859
2019-10-31 18:00:00,41.0,10,18,3,45264.61,43273.769,5820.193499999994,3829.3524999999936
2019-10-31 19:00:00,37.0,10,19,3,46152.027,44695.348,5554.11185714286,4097.432857142856
2019-10-31 20:00:00,36.0,10,20,3,45456.73,44092.734,5168.428999999989,3804.432999999983
2019-10-31 21:00:00,35.1,10,21,3,43737.739,42815.582,4642.290499999996,3720.133499999996
2019-10-31 22:00:00,36.0,10,22,3,41411.473,40706.379,3940.952071428568,3235.858071428571
2019-10-31 23:00:00,36.0,10,23,3,38990.909,38420.103,3254.599928571428,2683.793928571431
2019-11-01 00:00:00,36.0,11,0,4,37209.391,36660.628,2565.3251428571457,2016.56214285714
2019-11-01 01:00:00,36.0,11,1,4,36058.069,35759.716,2536.2935714285704,2237.940571428568
2019-11-01 02:00:00,35.1,11,2,4,35426.878,35273.276,2649.2940000000017,2495.6920000000027
2019-11-01 03:00:00,35.1,11,3,4,35445.411,35088.032,3063.9137142857107,2706.53471428571
2019-11-01 04:00:00,34.0,11,4,4,35957.698,35663.088,3614.218071428568,3319.6080714285745
2019-11-01 05:00:00,34.0,11,5,4,37930.041,37665.951,5138.811357142855,4874.721357142858
2019-11-01 06:00:00,33.1,11,6,4,41545.988,41292.419,7784.787571428555,7531.218571428559
2019-11-01 07:00:00,32.0,11,7,4,44734.215,44200.616,9598.955428571426,9065.356428571433
2019-11-01 08:00:00,33.1,11,8,4,45730.148,45048.089,9428.91364285713,8746.854642857128
2019-11-01 09:00:00,32.0,11,9,4,45782.55,45179.762,8316.57,7713.781999999999
2019-11-01 10:00:00,33.1,11,10,4,46249.856,45015.956,8111.95507142858,6878.055071428578
2019-11-01 11:00:00,34.0,11,11,4,46268.494,44669.174,7826.469214285709,6227.14921428571
2019-11-01 12:00:00,37.0,11,12,4,46075.954,44237.423,7520.001214285709,5681.470214285713
2019-11-01 13:00:00,39.0,11,13,4,46167.087,43739.647,7715.517928571426,5288.077928571423
2019-11-01 14:00:00,42.1,11,14,4,45903.856,42963.424,7615.09321428572,4674.661214285719
2019-11-01 15:00:00,42.1,11,15,4,45664.83,42412.129,7440.342714285711,4187.64171428571
2019-11-01 16:00:00,44.1,11,16,4,45832.191,42245.307,7324.164428571428,3737.28042857143
2019-11-01 17:00:00,44.1,11,17,4,46077.21,42061.116,7188.751857142859,3172.6578571428618
2019-11-01 18:00:00,43.0,11,18,4,46939.184,42802.24,7494.767499999994,3357.823499999992
2019-11-01 19:00:00,42.1,11,19,4,47206.172,43448.876,6608.2568571428565,2850.9608571428544
2019-11-01 20:00:00,39.9,11,20,4,46324.576,42587.492,6036.274999999987,2299.1909999999843
2019-11-01 21:00:00,39.0,11,21,4,44826.746,41507.465,5731.297499999993,2412.01649999999
2019-11-01 22:00:00,37.0,11,22,4,42341.836,39759.962,4871.315071428573,2289.4410714285696
2019-11-01 23:00:00,36.0,11,23,4,39886.282,37905.16,4149.972928571428,2168.850928571432
2019-11-02 00:00:00,36.0,11,0,5,38009.187,36098.754,3365.1211428571405,1454.6881428571432
2019-11-02 01:00:00,34.0,11,1,5,36698.987,34916.613,3177.2115714285683,1394.8375714285648
2019-11-02 02:00:00,34.0,11,2,5,36058.844,34220.005,3281.260000000002,1442.421000000002
2019-11-02 03:00:00,32.0,11,3,5,35735.902,33949.646,3354.4047142857125,1568.148714285711
2019-11-02 04:00:00,30.9,11,4,5,36271.209,33999.815,3927.7290714285737,1656.3350714285734
2019-11-02 05:00:00,30.9,11,5,5,38140.221,34699.018,5348.991357142855,1907.7883571428536
2019-11-02 06:00:00,32.0,11,6,5,41651.572,36048.847,7890.371571428557,2287.6465714285587
2019-11-02 07:00:00,32.0,11,7,5,44861.935,37857.656,9726.675428571429,2722.396428571432
2019-11-02 08:00:00,32.0,11,8,5,46072.076,39095.712,9770.841642857127,2794.477642857128
2019-11-02 09:00:00,33.1,11,9,5,46594.068,40154.581,9128.087999999996,2688.600999999995
2019-11-02 10:00:00,37.0,11,10,5,47102.963,40925.835,8965.062071428583,2787.934071428579
2019-11-02 11:00:00,41.0,11,11,5,47356.628,40886.754,8914.603214285708,2444.729214285712
2019-11-02 12:00:00,45.0,11,12,5,47438.059,40765.674,8882.106214285712,2209.7212142857097
2019-11-02 13:00:00,48.9,11,13,5,47494.027,40485.219,9042.457928571428,2033.6499285714235
2019-11-02 14:00:00,48.0,11,14,5,47267.885,40006.793,8979.122214285722,1718.030214285718
2019-11-02 15:00:00,46.0,11,15,5,46832.485,39839.881,8607.99771428571,1615.3937142857103
2019-11-02 16:00:00,46.9,11,16,5,46832.49,39958.115,8324.463428571427,1450.0884285714274
2019-11-02 17:00:00,46.9,11,17,5,47097.022,40296.981,8208.563857142857,1408.5228571428595
2019-11-02 18:00:00,46.0,11,18,5,47674.532,41097.513,8230.115499999993,1653.0964999999924
2019-11-02 19:00:00,46.0,11,19,5,48448.538,41271.969,7850.622857142858,674.0538571428551
2019-11-02 20:00:00,42.1,11,20,5,48128.985,40525.374,7840.683999999987,237.0729999999894
2019-11-02 21:00:00,39.9,11,21,5,46969.129,39473.745,7873.680499999995,378.2964999999968
2019-11-02 22:00:00,39.0,11,22,5,45011.376,37867.555,7540.855071428567,397.0340714285703
2019-11-02 23:00:00,41.0,11,23,5,42753.561,36089.597,7017.25192857143,353.2879285714298
2019-11-03 00:00:00,41.0,11,0,6,41191.6,34482.371,3841.028576923076,0.0
2019-11-03 01:00:00,39.9,11,1,6,40257.509,33439.927,3791.122192307688,0.0
2019-11-03 02:00:00,39.9,11,2,6,39876.73,32226.133,4010.05576923077,0.0
2019-11-03 03:00:00,39.9,11,3,6,40615.538,32094.706,4395.31480769231,0.0
2019-11-03 04:00:00,39.0,11,4,6,42680.445,32337.352,5342.571923076917,0.0
2019-11-03 05:00:00,37.9,11,5,6,46364.025,33026.11,7120.535269230772,0.0
2019-11-03 06:00:00,36.0,11,6,6,49509.801,34384.368,8595.01730769231,0.0
2019-11-03 07:00:00,33.1,11,7,6,50222.873,35673.289,8352.756192307686,0.0
2019-11-03 08:00:00,35.1,11,8,6,50262.178,36658.271,7921.410692307691,0.0
2019-11-03 09:00:00,39.0,11,9,6,49822.765,37401.765,7360.576538461544,0.0
2019-11-03 10:00:00,42.1,11,10,6,49042.063,37796.6,6717.672999999995,0.0
2019-11-03 11:00:00,46.0,11,11,6,48068.352,37919.577,5977.168423076932,0.0
2019-11-03 12:00:00,48.0,11,12,6,47232.088,37773.536,5496.459884615397,0.0
2019-11-03 13:00:00,48.0,11,13,6,46088.224,37611.08,4768.927500000005,0.0
2019-11-03 14:00:00,50.0,11,14,6,44932.406,37419.798,3797.827923076926,0.0
2019-11-03 15:00:00,48.9,11,15,6,44578.784,37542.598,3031.806884615384,0.0
2019-11-03 16:00:00,51.1,11,16,6,44829.506,38006.746,1552.3464999999997,0.0
2019-11-03 17:00:00,50.0,11,17,6,46278.777,39075.049,2150.6873076923,0.0
2019-11-03 18:00:00,46.0,11,18,6,47524.081,40870.643,3860.4317307692254,272.7278571428542
2019-11-03 19:00:00,45.0,11,19,6,47366.683,40614.886,4430.7697307692215,326.5849999999846
2019-11-03 20:00:00,43.0,11,20,6,46635.878,39367.525,4912.084192307688,272.0764999999956
2019-11-03 21:00:00,44.1,11,21,6,45143.865,37620.675,4975.266769230766,150.15407142857293
2019-11-03 22:00:00,43.0,11,22,6,43004.289,36008.595,4487.436230769228,272.2859285714294
2019-11-03 23:00:00,43.0,11,23,6,41534.823,34626.75,4184.251576923074,0.0
2019-11-04 00:00:00,42.1,11,0,0,40670.175,34058.671,4203.788192307693,536.8955714285694
2019-11-04 01:00:00,42.1,11,1,0,40120.344,33687.685,4128.452692307685,910.1010000000024
2019-11-04 02:00:00,43.0,11,2,0,40059.202,34013.767,4192.5277692307645,1632.2697142857105
2019-11-04 03:00:00,42.1,11,3,0,40203.609,34773.137,3983.385807692306,2429.657071428573
2019-11-04 04:00:00,39.9,11,4,0,40973.949,37107.266,3636.075923076918,4316.036357142861
2019-11-04 05:00:00,39.9,11,5,0,42477.277,41128.537,3233.787269230772,7367.336571428554
2019-11-04 06:00:00,39.0,11,6,0,44410.148,44378.541,3495.364307692311,9243.281428571428
2019-11-04 07:00:00,37.0,11,7,0,45526.214,45302.255,3656.097192307687,9001.020642857125
2019-11-04 08:00:00,39.9,11,8,0,45720.051,45061.777,3379.28369230769,7595.796999999999
2019-11-04 09:00:00,42.1,11,9,0,44944.053,44947.948,2481.8645384615447,6810.047071428577
2019-11-04 10:00:00,46.9,11,10,0,43761.082,44620.021,1436.6919999999957,6177.996214285711
2019-11-04 11:00:00,48.9,11,11,0,42694.004,44398.831,602.8204230769334,5842.878214285709
2019-11-04 12:00:00,52.0,11,12,0,41709.721,44259.246,0.0,5807.676928571425
2019-11-04 13:00:00,55.0,11,13,0,40985.514,44030.507,0.0,5741.744214285718
2019-11-04 14:00:00,55.9,11,14,0,40670.712,43726.276,0.0,5501.788714285707
2019-11-04 15:00:00,55.9,11,15,0,40776.901,43649.542,0.0,5141.515428571431
2019-11-04 16:00:00,55.9,11,16,0,41209.658,43711.645,0.0,4823.186857142857
2019-11-04 17:00:00,55.9,11,17,0,42512.049,44483.738,0.0,5039.321499999991
2019-11-04 18:00:00,55.9,11,18,0,43660.324,45551.224,0.0,4953.30885714286
2019-11-04 19:00:00,55.0,11,19,0,43382.328,44773.998,446.4147307692256,4485.696999999986
2019-11-04 20:00:00,54.0,11,20,0,42648.193,43057.584,924.39919230769,3962.1354999999967
2019-11-04 21:00:00,53.1,11,21,0,41463.341,40832.027,1294.7427692307683,3361.506071428572
2019-11-04 22:00:00,54.0,11,22,0,40032.287,38417.332,1515.4342307692275,2681.0229285714304
2019-11-04 23:00:00,54.0,11,23,0,38841.69,36529.681,1491.1185769230797,1885.6151428571395
2019-11-05 00:00:00,53.1,11,0,1,38102.041,35479.372,1635.6541923076877,1957.5965714285703
2019-11-05 01:00:00,51.1,11,1,1,37599.523,35062.978,1133.136192307691,2285.3940000000075
2019-11-05 02:00:00,50.0,11,2,1,37401.562,35140.777,1409.6706923076854,2759.2797142857125
2019-11-05 03:00:00,48.0,11,3,1,37505.202,35748.967,1638.5277692307643,3405.487071428568
2019-11-05 04:00:00,46.9,11,4,1,37884.938,37706.208,1664.7148076923113,4914.978357142856
2019-11-05 05:00:00,46.9,11,5,1,38722.533,41360.694,1384.659923076921,7599.49357142856
2019-11-05 06:00:00,46.9,11,6,1,40125.637,44407.767,882.1472692307725,9272.507428571427
2019-11-05 07:00:00,45.0,11,7,1,41478.052,45182.746,563.2683076923131,8881.511642857127
2019-11-05 08:00:00,45.0,11,8,1,42258.745,45255.502,388.6281923076895,7789.521999999997
2019-11-05 09:00:00,44.1,11,9,1,42042.653,45456.449,0.0,7318.54807142858
2019-11-05 10:00:00,43.0,11,10,1,41327.375,45373.096,0.0,6931.071214285708
2019-11-05 11:00:00,43.0,11,11,1,40532.733,45035.275,0.0,6479.322214285712
2019-11-05 12:00:00,46.0,11,12,1,39744.358,44962.451,0.0,6510.881928571427
2019-11-05 13:00:00,48.9,11,13,1,39085.572,44660.237,0.0,6371.474214285721
2019-11-05 14:00:00,50.0,11,14,1,38797.76,44167.614,0.0,5943.126714285711
2019-11-05 15:00:00,50.0,11,15,1,38826.908,44048.108,0.0,5540.08142857143
2019-11-05 16:00:00,50.0,11,16,1,39801.13,44207.006,0.0,5318.547857142861
2019-11-05 17:00:00,48.0,11,17,1,42091.721,45264.61,0.0,5820.193499999994
2019-11-05 18:00:00,43.0,11,18,1,44070.451,46152.027,0.0,5554.11185714286
2019-11-05 19:00:00,44.1,11,19,1,44248.581,45456.73,584.9317307692254,5168.428999999989
2019-11-05 20:00:00,42.1,11,20,1,43882.619,43737.739,946.705730769223,4642.290499999996
2019-11-05 21:00:00,39.0,11,21,1,42659.469,41411.473,935.675192307688,3940.952071428568
2019-11-05 22:00:00,39.0,11,22,1,41266.637,38990.909,1098.0387692307704,3254.599928571428
2019-11-05 23:00:00,37.0,11,23,1,39874.059,37209.391,1357.2062307692322,2565.3251428571457
2019-11-06 00:00:00,37.0,11,0,2,38860.147,36058.069,1509.5755769230743,2536.2935714285704
2019-11-06 01:00:00,34.0,11,1,2,38477.102,35426.878,2010.715192307689,2649.2940000000017
2019-11-06 02:00:00,33.1,11,2,2,38484.515,35445.411,2492.6236923076867,3063.9137142857107
2019-11-06 03:00:00,32.0,11,3,2,38914.206,35957.698,3047.5317692307653,3614.218071428568
2019-11-06 04:00:00,30.0,11,4,2,39972.349,37930.041,3752.125807692312,5138.811357142855
2019-11-06 05:00:00,30.0,11,5,2,42342.985,41545.988,5005.111923076918,7784.787571428555
2019-11-06 06:00:00,30.9,11,6,2,46317.189,44734.215,7073.699269230769,9598.955428571426
2019-11-06 07:00:00,30.9,11,7,2,48492.139,45730.148,7577.355307692313,9428.91364285713
2019-11-06 08:00:00,32.0,11,8,2,48439.891,45782.55,6569.77419230769,8316.57
2019-11-06 09:00:00,36.0,11,9,2,47833.509,46249.856,5492.741692307689,8111.95507142858
2019-11-06 10:00:00,39.9,11,10,2,47163.135,46268.494,4700.946538461547,7826.469214285709
2019-11-06 11:00:00,43.0,11,11,2,46296.086,46075.954,3971.695999999996,7520.001214285709
2019-11-06 12:00:00,43.0,11,12,2,45693.847,46167.087,3602.663423076934,7715.517928571426
2019-11-06 13:00:00,48.9,11,13,2,45377.253,45903.856,3641.6248846153903,7615.09321428572
2019-11-06 14:00:00,50.0,11,14,2,44959.022,45664.83,3639.725500000001,7440.342714285711
2019-11-06 15:00:00,50.0,11,15,2,44698.135,45832.191,3563.556923076925,7324.164428571428
2019-11-06 16:00:00,51.1,11,16,2,45030.382,46077.21,3483.404884615382,7188.751857142859
2019-11-06 17:00:00,51.1,11,17,2,46900.447,46939.184,3623.287499999999,7494.767499999994
2019-11-06 18:00:00,50.0,11,18,2,48216.958,47206.172,4088.868307692297,6608.2568571428565
2019-11-06 19:00:00,48.9,11,19,2,47506.979,46324.576,3843.3297307692255,6036.274999999987
2019-11-06 20:00:00,48.9,11,20,2,46625.125,44826.746,3689.211730769224,5731.297499999993
2019-11-06 21:00:00,48.9,11,21,2,44998.647,42341.836,3274.853192307688,4871.315071428573
2019-11-06 22:00:00,48.9,11,22,2,42866.943,39886.282,2698.344769230768,4149.972928571428
2019-11-06 23:00:00,48.9,11,23,2,40873.812,38009.187,2356.959230769229,3365.1211428571405
2019-11-07 00:00:00,46.9,11,0,3,39376.449,36698.987,2025.8775769230776,3177.2115714285683
2019-11-07 01:00:00,46.0,11,1,3,38634.328,36058.844,2167.9411923076914,3281.260000000002
2019-11-07 02:00:00,46.0,11,2,3,38269.663,35735.902,2277.771692307688,3354.4047142857125
2019-11-07 03:00:00,45.0,11,3,3,38379.001,36271.209,2512.326769230764,3927.7290714285737
2019-11-07 04:00:00,45.0,11,4,3,39199.562,38140.221,2979.3388076923075,5348.991357142855
2019-11-07 05:00:00,45.0,11,5,3,41428.374,41651.572,4090.500923076921,7890.371571428557
2019-11-07 06:00:00,45.0,11,6,3,45077.979,44861.935,5834.489269230769,9726.675428571429
2019-11-07 07:00:00,45.0,11,7,3,47426.627,46072.076,6511.84330769231,9770.841642857127
2019-11-07 08:00:00,42.1,11,8,3,47793.097,46594.068,5922.980192307688,9128.087999999996
2019-11-07 09:00:00,39.9,11,9,3,47652.533,47102.963,5311.765692307694,8965.062071428583
2019-11-07 10:00:00,39.0,11,10,3,47563.141,47356.628,5100.952538461548,8914.603214285708
2019-11-07 11:00:00,37.9,11,11,3,46774.92,47438.059,4450.529999999992,8882.106214285712
2019-11-07 12:00:00,37.0,11,12,3,46234.803,47494.027,4143.619423076932,9042.457928571428
2019-11-07 13:00:00,35.1,11,13,3,45905.99,47267.885,4170.361884615391,8979.122214285722
2019-11-07 14:00:00,36.0,11,14,3,45490.273,46832.485,4170.976500000004,8607.99771428571
2019-11-07 15:00:00,36.0,11,15,3,45126.142,46832.49,3991.563923076923,8324.463428571427
2019-11-07 16:00:00,34.0,11,16,3,45429.586,47097.022,3882.608884615387,8208.563857142857
2019-11-07 17:00:00,34.0,11,17,3,47289.219,47674.532,4012.059499999996,8230.115499999993
2019-11-07 18:00:00,34.0,11,18,3,48933.325,48448.538,4805.235307692296,7850.622857142858
2019-11-07 19:00:00,33.1,11,19,3,48766.398,48128.985,5102.748730769228,7840.683999999987
2019-11-07 20:00:00,30.0,11,20,3,48019.205,46969.129,5083.291730769226,7873.680499999995
2019-11-07 21:00:00,32.0,11,21,3,46717.646,45011.376,4993.852192307691,7540.855071428567
2019-11-07 22:00:00,32.0,11,22,3,44622.521,42753.561,4453.922769230769,7017.25192857143
2019-11-07 23:00:00,30.0,11,23,3,42645.924,41191.6,4129.07123076923,3841.028576923076
2019-11-08 00:00:00,28.9,11,0,4,41194.705,40257.509,3844.133576923079,3791.122192307688
2019-11-08 01:00:00,28.0,11,1,4,40368.235,39796.627,3901.8481923076906,3804.735692307688
2019-11-08 02:00:00,28.0,11,2,4,40109.295,39876.73,4117.403692307686,4010.05576923077
2019-11-08 03:00:00,26.1,11,3,4,40277.299,40615.538,4410.624769230766,4395.31480769231
2019-11-08 04:00:00,25.0,11,4,4,41392.704,42680.445,5172.480807692307,5342.571923076917
2019-11-08 05:00:00,24.1,11,5,4,43763.435,46364.025,6425.561923076915,7120.535269230772
2019-11-08 06:00:00,23.0,11,6,4,47761.355,49509.801,8517.865269230773,8595.01730769231
2019-11-08 07:00:00,21.9,11,7,4,49779.22,50222.873,8864.436307692311,8352.756192307686
2019-11-08 08:00:00,23.0,11,8,4,49789.95,50262.178,7919.833192307684,7921.410692307691
2019-11-08 09:00:00,26.1,11,9,4,49006.03,49822.765,6665.26269230769,7360.576538461544
2019-11-08 10:00:00,28.9,11,10,4,48066.041,49042.063,5603.852538461542,6717.672999999995
2019-11-08 11:00:00,32.0,11,11,4,47327.813,48068.352,5003.422999999995,5977.168423076932
2019-11-08 12:00:00,33.1,11,12,4,46663.368,47232.088,4572.184423076935,5496.459884615397
2019-11-08 13:00:00,36.0,11,13,4,46016.858,46088.224,4281.2298846153935,4768.927500000005
2019-11-08 14:00:00,37.0,11,14,4,45565.765,44932.406,4246.468500000003,3797.827923076926
2019-11-08 15:00:00,37.0,11,15,4,45227.477,44578.784,4092.898923076922,3031.806884615384
2019-11-08 16:00:00,36.0,11,16,4,45614.265,44829.506,4067.287884615384,1552.3464999999997
2019-11-08 17:00:00,34.0,11,17,4,47608.329,46278.777,4331.169499999996,2150.6873076923
2019-11-08 18:00:00,32.0,11,18,4,48846.458,47524.081,4718.368307692297,3860.4317307692254
2019-11-08 19:00:00,30.9,11,19,4,48434.892,47366.683,4771.242730769227,4430.7697307692215
2019-11-08 20:00:00,28.0,11,20,4,47750.12,46635.878,4814.206730769227,4912.084192307688
2019-11-08 21:00:00,28.0,11,21,4,46080.737,45143.865,4356.943192307692,4975.266769230766
2019-11-08 22:00:00,26.1,11,22,4,43746.87,43004.289,3578.2717692307706,4487.436230769228
2019-11-08 23:00:00,27.0,11,23,4,41549.037,41534.823,3032.184230769228,4184.251576923074
2019-11-09 00:00:00,25.0,11,0,5,39984.756,40670.175,2634.1845769230786,4203.788192307693
2019-11-09 01:00:00,25.0,11,1,5,38944.695,40120.344,2478.3081923076898,4128.452692307685
2019-11-09 02:00:00,24.1,11,2,5,38431.818,40059.202,2439.9266923076866,4192.5277692307645
2019-11-09 03:00:00,26.1,11,3,5,38341.411,40203.609,2474.736769230767,3983.385807692306
2019-11-09 04:00:00,26.1,11,4,5,39165.362,40973.949,2945.1388076923104,3636.075923076918
2019-11-09 05:00:00,26.1,11,5,5,41302.186,42477.277,3964.312923076919,3233.787269230772
2019-11-09 06:00:00,25.0,11,6,5,45197.412,44410.148,5953.922269230767,3495.364307692311
2019-11-09 07:00:00,26.1,11,7,5,47840.097,45526.214,6925.313307692311,3656.097192307687
2019-11-09 08:00:00,26.1,11,8,5,48445.552,45720.051,6575.43519230769,3379.28369230769
2019-11-09 09:00:00,28.0,11,9,5,48997.682,44944.053,6656.914692307691,2481.8645384615447
2019-11-09 10:00:00,30.9,11,10,5,49223.62,43761.082,6761.431538461548,1436.6919999999957
2019-11-09 11:00:00,34.0,11,11,5,49019.1,42694.004,6694.709999999992,602.8204230769334
2019-11-09 12:00:00,35.1,11,12,5,49015.601,41709.721,6924.417423076935,0.0
2019-11-09 13:00:00,35.1,11,13,5,48939.877,40985.514,7204.248884615394,0.0
2019-11-09 14:00:00,37.0,11,14,5,48744.784,40670.712,7425.487500000003,0.0
2019-11-09 15:00:00,37.0,11,15,5,48539.76,40776.901,7405.181923076925,0.0
2019-11-09 16:00:00,39.0,11,16,5,48863.518,41209.658,7316.54088461538,0.0
2019-11-09 17:00:00,37.9,11,17,5,50626.276,42512.049,7349.116499999996,0.0
2019-11-09 18:00:00,37.9,11,18,5,51851.914,43660.324,7723.824307692295,0.0
2019-11-09 19:00:00,37.0,11,19,5,51424.904,43382.328,7761.254730769229,446.4147307692256
2019-11-09 20:00:00,37.0,11,20,5,50872.768,42648.193,7936.854730769221,924.39919230769
2019-11-09 21:00:00,36.0,11,21,5,49481.942,41463.341,7758.148192307693,1294.7427692307683
2019-11-09 22:00:00,36.0,11,22,5,47400.681,40032.287,7232.082769230765,1515.4342307692275
2019-11-09 23:00:00,36.0,11,23,5,45277.538,38841.69,6760.685230769232,1491.1185769230797
2019-11-10 00:00:00,37.0,11,0,6,43922.014,38102.041,6571.44257692308,1635.6541923076877
2019-11-10 01:00:00,37.0,11,1,6,43328.507,37599.523,6862.120192307688,1133.136192307691
2019-11-10 02:00:00,37.9,11,2,6,43190.815,37401.562,7198.92369230769,1409.6706923076854
2019-11-10 03:00:00,39.0,11,3,6,43278.92,37505.202,7412.245769230765,1638.5277692307643
2019-11-10 04:00:00,37.9,11,4,6,44275.189,37884.938,8054.965807692308,1664.7148076923113
2019-11-10 05:00:00,39.0,11,5,6,46772.809,38722.533,9434.93592307692,1384.659923076921
2019-11-10 06:00:00,37.9,11,6,6,50587.609,40125.637,11344.119269230769,882.1472692307725
2019-11-10 07:00:00,37.0,11,7,6,52748.778,41478.052,11833.994307692308,563.2683076923131
2019-11-10 08:00:00,37.9,11,8,6,53132.418,42258.745,11262.301192307685,388.6281923076895
2019-11-10 09:00:00,39.9,11,9,6,52456.801,42042.653,10116.03369230769,0.0
2019-11-10 10:00:00,41.0,11,10,6,51706.237,41327.375,9244.048538461546,0.0
2019-11-10 11:00:00,46.0,11,11,6,50741.641,40532.733,8417.250999999997,0.0
2019-11-10 12:00:00,50.0,11,12,6,50018.594,39744.358,7927.41042307693,0.0
2019-11-10 13:00:00,53.1,11,13,6,49361.287,39085.572,7625.65888461539,0.0
2019-11-10 14:00:00,54.0,11,14,6,48560.065,38797.76,7240.768500000006,0.0
2019-11-10 15:00:00,57.0,11,15,6,47935.573,38826.908,6800.99492307692,0.0
2019-11-10 16:00:00,57.0,11,16,6,48715.777,39801.13,7168.799884615386,0.0
2019-11-10 17:00:00,55.9,11,17,6,50996.655,42091.721,7719.495499999997,0.0
2019-11-10 18:00:00,53.1,11,18,6,52230.238,44070.451,8102.148307692296,0.0
2019-11-10 19:00:00,48.9,11,19,6,51909.733,44248.581,8246.083730769227,584.9317307692254
2019-11-10 20:00:00,48.9,11,20,6,51338.3,43882.619,8402.386730769227,946.705730769223
2019-11-10 21:00:00,48.9,11,21,6,50332.659,42659.469,8608.86519230769,935.675192307688
2019-11-10 22:00:00,50.0,11,22,6,48769.172,41266.637,8600.573769230767,1098.0387692307704
2019-11-10 23:00:00,50.0,11,23,6,46635.252,39874.059,8118.399230769231,1357.2062307692322
2019-11-11 00:00:00,50.0,11,0,0,45265.509,38860.147,7914.9375769230755,1509.5755769230743
2019-11-11 01:00:00,48.0,11,1,0,44428.243,38477.102,7961.856192307692,2010.715192307689
2019-11-11 02:00:00,48.0,11,2,0,44031.554,38484.515,8039.662692307684,2492.6236923076867
2019-11-11 03:00:00,46.9,11,3,0,43852.542,38914.206,7985.867769230768,3047.5317692307653
2019-11-11 04:00:00,46.9,11,4,0,44108.652,39972.349,7888.428807692311,3752.125807692312
2019-11-11 05:00:00,46.0,11,5,0,44987.399,42342.985,7649.525923076915,5005.111923076918
2019-11-11 06:00:00,46.0,11,6,0,46349.395,46317.189,7105.905269230767,7073.699269230769
2019-11-11 07:00:00,46.0,11,7,0,47579.722,48492.139,6664.938307692311,7577.355307692313
2019-11-11 08:00:00,45.0,11,8,0,48465.342,48439.891,6595.225192307684,6569.77419230769
2019-11-11 09:00:00,46.0,11,9,0,48523.055,47833.509,6182.287692307691,5492.741692307689
2019-11-11 10:00:00,48.9,11,10,0,47936.919,47163.135,5474.7305384615465,4700.946538461547
2019-11-11 11:00:00,52.0,11,11,0,46760.196,46296.086,4435.805999999997,3971.695999999996
2019-11-11 12:00:00,55.0,11,12,0,45521.62,45693.847,3430.436423076935,3602.663423076934
2019-11-11 13:00:00,57.0,11,13,0,44359.808,45377.253,2624.1798846153906,3641.6248846153903
2019-11-11 14:00:00,57.0,11,14,0,43305.264,44959.022,1985.967500000006,3639.725500000001
2019-11-11 15:00:00,45.0,11,15,0,43002.528,44698.135,1867.9499230769216,3563.556923076925
2019-11-11 16:00:00,42.1,11,16,0,43544.872,45030.382,1997.8948846153871,3483.404884615382
2019-11-11 17:00:00,37.9,11,17,0,45830.157,46900.447,2552.9974999999977,3623.287499999999
2019-11-11 18:00:00,36.0,11,18,0,46799.35,48216.958,2671.260307692297,4088.868307692297
2019-11-11 19:00:00,33.1,11,19,0,46468.176,47506.979,2804.5267307692266,3843.3297307692255
2019-11-11 20:00:00,30.9,11,20,0,45955.496,46625.125,3019.5827307692234,3689.211730769224
2019-11-11 21:00:00,30.0,11,21,0,44959.769,44998.647,3235.975192307691,3274.853192307688
2019-11-11 22:00:00,30.0,11,22,0,43526.953,42866.943,3358.3547692307693,2698.344769230768
2019-11-11 23:00:00,28.0,11,23,0,41802.701,40873.812,3285.848230769232,2356.959230769229
2019-11-12 00:00:00,28.0,11,0,1,40355.96,39376.449,3005.3885769230765,2025.8775769230776
2019-11-12 01:00:00,27.0,11,1,1,39371.373,38634.328,2904.9861923076896,2167.9411923076914
2019-11-12 02:00:00,25.0,11,2,1,38766.751,38269.663,2774.859692307684,2277.771692307688
2019-11-12 03:00:00,25.0,11,3,1,38430.069,38379.001,2563.39476923077,2512.326769230764
2019-11-12 04:00:00,24.1,11,4,1,38380.551,39199.562,2160.327807692309,2979.3388076923075
2019-11-12 05:00:00,23.0,11,5,1,38967.59,41428.374,1629.716923076914,4090.500923076921
2019-11-12 06:00:00,21.9,11,6,1,39892.631,45077.979,649.1412692307713,5834.489269230769
2019-11-12 07:00:00,19.9,11,7,1,40990.388,47426.627,75.6043076923088,6511.84330769231
2019-11-12 08:00:00,19.9,11,8,1,41820.465,47793.097,0.0,5922.980192307688
2019-11-12 09:00:00,21.9,11,9,1,41931.958,47652.533,0.0,5311.765692307694
2019-11-12 10:00:00,24.1,11,10,1,41336.933,47563.141,0.0,5100.952538461548
2019-11-12 11:00:00,25.0,11,11,1,40696.928,46774.92,0.0,4450.529999999992
2019-11-12 12:00:00,25.0,11,12,1,40316.637,46234.803,0.0,4143.619423076932
2019-11-12 13:00:00,25.0,11,13,1,39884.381,45905.99,0.0,4170.361884615391
2019-11-12 14:00:00,24.1,11,14,1,39498.191,45490.273,0.0,4170.976500000004
2019-11-12 15:00:00,23.0,11,15,1,39642.483,45126.142,0.0,3991.563923076923
2019-11-12 16:00:00,23.0,11,16,1,40590.156,45429.586,0.0,3882.608884615387
2019-11-12 17:00:00,21.9,11,17,1,42919.398,47289.219,0.0,4012.059499999996
2019-11-12 18:00:00,21.0,11,18,1,43991.151,48933.325,0.0,4805.235307692296
2019-11-12 19:00:00,19.9,11,19,1,43807.241,48766.398,143.5917307692289,5102.748730769228
2019-11-12 20:00:00,17.1,11,20,1,43393.296,48019.205,457.3827307692263,5083.291730769226
2019-11-12 21:00:00,18.0,11,21,1,42261.335,46717.646,537.5411923076899,4993.852192307691
2019-11-12 22:00:00,17.1,11,22,1,40758.287,44622.521,589.6887692307646,4453.922769230769
2019-11-12 23:00:00,17.1,11,23,1,39216.382,42645.924,699.5292307692289,4129.07123076923
2019-11-13 00:00:00,15.1,11,0,2,38075.586,41194.705,725.0145769230803,3844.133576923079
2019-11-13 01:00:00,14.0,11,1,2,37563.4,40368.235,1097.0131923076915,3901.8481923076906
2019-11-13 02:00:00,14.0,11,2,2,37589.12,40109.295,1597.22869230769,4117.403692307686
2019-11-13 03:00:00,12.9,11,3,2,37831.361,40277.299,1964.686769230764,4410.624769230766
2019-11-13 04:00:00,12.0,11,4,2,38879.268,41392.704,2659.0448076923058,5172.480807692307
2019-11-13 05:00:00,10.9,11,5,2,41211.332,43763.435,3873.45892307692,6425.561923076915
2019-11-13 06:00:00,12.0,11,6,2,44895.402,47761.355,5651.912269230772,8517.865269230773
2019-11-13 07:00:00,12.0,11,7,2,47703.886,49779.22,6789.102307692308,8864.436307692311
2019-11-13 08:00:00,12.9,11,8,2,48475.566,49789.95,6605.449192307686,7919.833192307684
2019-11-13 09:00:00,14.0,11,9,2,48578.346,49006.03,6237.5786923076885,6665.26269230769
2019-11-13 10:00:00,17.1,11,10,2,48449.284,48066.041,5987.0955384615445,5603.852538461542
2019-11-13 11:00:00,19.9,11,11,2,48029.535,47327.813,5705.144999999997,5003.422999999995
2019-11-13 12:00:00,23.0,11,12,2,47720.095,46663.368,5628.911423076934,4572.184423076935
2019-11-13 13:00:00,24.1,11,13,2,47582.684,46016.858,5847.0558846153945,4281.2298846153935
2019-11-13 14:00:00,26.1,11,14,2,47501.043,45565.765,6181.746500000001,4246.468500000003
2019-11-13 15:00:00,26.1,11,15,2,47434.892,45227.477,6300.313923076923,4092.898923076922
2019-11-13 16:00:00,27.0,11,16,2,48118.873,45614.265,6571.895884615384,4067.287884615384
2019-11-13 17:00:00,28.0,11,17,2,50074.112,47608.329,6796.952499999999,4331.169499999996
2019-11-13 18:00:00,27.0,11,18,2,51130.648,48846.458,7002.558307692299,4718.368307692297
2019-11-13 19:00:00,27.0,11,19,2,50890.077,48434.892,7226.427730769225,4771.242730769227
2019-11-13 20:00:00,26.1,11,20,2,50247.993,47750.12,7312.079730769226,4814.206730769227
2019-11-13 21:00:00,26.1,11,21,2,48873.371,46080.737,7149.57719230769,4356.943192307692
2019-11-13 22:00:00,26.1,11,22,2,47033.602,43746.87,6865.003769230767,3578.2717692307706
2019-11-13 23:00:00,26.1,11,23,2,44915.482,41549.037,6398.629230769235,3032.184230769228
2019-11-14 00:00:00,26.1,11,0,3,43875.625,39984.756,6525.053576923077,2634.1845769230786
2019-11-14 01:00:00,26.1,11,1,3,43222.862,38944.695,6756.475192307691,2478.3081923076898
2019-11-14 02:00:00,25.0,11,2,3,43165.74,38431.818,7173.848692307685,2439.9266923076866
2019-11-14 03:00:00,26.1,11,3,3,43461.176,38341.411,7594.5017692307665,2474.736769230767
2019-11-14 04:00:00,27.0,11,4,3,44464.23,39165.362,8244.006807692313,2945.1388076923104
2019-11-14 05:00:00,27.0,11,5,3,46828.245,41302.186,9490.37192307692,3964.312923076919
2019-11-14 06:00:00,28.0,11,6,3,50368.198,45197.412,11124.708269230769,5953.922269230767
2019-11-14 07:00:00,28.0,11,7,3,53010.284,47840.097,12095.50030769231,6925.313307692311
2019-11-14 08:00:00,28.9,11,8,3,53936.728,48445.552,12066.61119230769,6575.43519230769
2019-11-14 09:00:00,30.0,11,9,3,54298.439,48997.682,11957.67169230769,6656.914692307691
2019-11-14 10:00:00,32.0,11,10,3,54549.711,49223.62,12087.522538461548,6761.431538461548
2019-11-14 11:00:00,33.1,11,11,3,54636.152,49019.1,12311.761999999995,6694.709999999992
2019-11-14 12:00:00,35.1,11,12,3,54661.534,49015.601,12570.350423076932,6924.417423076935
2019-11-14 13:00:00,36.0,11,13,3,54396.88,48939.877,12661.25188461539,7204.248884615394
2019-11-14 14:00:00,37.0,11,14,3,53917.909,48744.784,12598.612500000005,7425.487500000003
2019-11-14 15:00:00,39.0,11,15,3,54023.699,48539.76,12889.120923076924,7405.181923076925
2019-11-14 16:00:00,39.0,11,16,3,54810.149,48863.518,13263.171884615382,7316.54088461538
2019-11-14 17:00:00,37.9,11,17,3,57498.502,50626.276,14221.3425,7349.116499999996
2019-11-14 18:00:00,37.0,11,18,3,58817.901,51851.914,14689.811307692296,7723.824307692295
2019-11-14 19:00:00,37.9,11,19,3,58565.156,51424.904,14901.50673076923,7761.254730769229
2019-11-14 20:00:00,37.0,11,20,3,58046.083,50872.768,15110.169730769225,7936.854730769221
2019-11-14 21:00:00,35.1,11,21,3,56539.616,49481.942,14815.822192307693,7758.148192307693
2019-11-14 22:00:00,33.1,11,22,3,54377.786,47400.681,14209.187769230768,7232.082769230765
2019-11-14 23:00:00,32.0,11,23,3,52549.598,45277.538,14032.74523076923,6760.685230769232
2019-11-15 00:00:00,30.9,11,0,4,51293.925,43922.014,13943.35357692308,6571.44257692308
2019-11-15 01:00:00,28.9,11,1,4,50715.618,43328.507,14249.231192307692,6862.120192307688
2019-11-15 02:00:00,27.0,11,2,4,50640.763,43190.815,14648.871692307686,7198.92369230769
2019-11-15 03:00:00,25.0,11,3,4,50631.194,43278.92,14764.51976923077,7412.245769230765
2019-11-15 04:00:00,25.0,11,4,4,51701.781,44275.189,15481.557807692312,8054.965807692308
2019-11-15 05:00:00,24.1,11,5,4,54272.02,46772.809,16934.146923076914,9434.93592307692
2019-11-15 06:00:00,27.0,11,6,4,58064.244,50587.609,18820.75426923077,11344.119269230769
2019-11-15 07:00:00,25.0,11,7,4,60142.396,52748.778,19227.61230769231,11833.994307692308
2019-11-15 08:00:00,25.0,11,8,4,59595.81,53132.418,17725.693192307685,11262.301192307685
2019-11-15 09:00:00,28.0,11,9,4,58303.858,52456.801,15963.090692307693,10116.03369230769
2019-11-15 10:00:00,28.9,11,10,4,57319.723,51706.237,14857.534538461545,9244.048538461546
2019-11-15 11:00:00,30.0,11,11,4,56493.402,50741.641,14169.011999999995,8417.250999999997
2019-11-15 12:00:00,34.0,11,12,4,55604.62,50018.594,13513.436423076935,7927.41042307693
2019-11-15 13:00:00,35.1,11,13,4,54882.351,49361.287,13146.722884615396,7625.65888461539
2019-11-15 14:00:00,37.0,11,14,4,53808.472,48560.065,12489.175500000005,7240.768500000006
2019-11-15 15:00:00,39.0,11,15,4,53653.621,47935.573,12519.042923076922,6800.99492307692
2019-11-15 16:00:00,39.9,11,16,4,54403.386,48715.777,12856.408884615385,7168.799884615386
2019-11-15 17:00:00,37.9,11,17,4,56883.5,50996.655,13606.340499999998,7719.495499999997
2019-11-15 18:00:00,35.1,11,18,4,58046.487,52230.238,13918.3973076923,8102.148307692296
2019-11-15 19:00:00,35.1,11,19,4,57614.887,51909.733,13951.23773076923,8246.083730769227
2019-11-15 20:00:00,33.1,11,20,4,57058.552,51338.3,14122.638730769228,8402.386730769227
2019-11-15 21:00:00,30.9,11,21,4,55464.035,50332.659,13740.241192307694,8608.86519230769
2019-11-15 22:00:00,32.0,11,22,4,53164.465,48769.172,12995.866769230764,8600.573769230767
2019-11-15 23:00:00,32.0,11,23,4,50874.286,46635.252,12357.433230769231,8118.399230769231
2019-11-16 00:00:00,32.0,11,0,5,49082.206,45265.509,11731.634576923076,7914.9375769230755
2019-11-16 01:00:00,33.1,11,1,5,48171.23,44428.243,11704.843192307691,7961.856192307692
2019-11-16 02:00:00,33.1,11,2,5,47663.738,44031.554,11671.846692307685,8039.662692307684
2019-11-16 03:00:00,30.9,11,3,5,47858.34,43852.542,11991.665769230764,7985.867769230768
2019-11-16 04:00:00,28.9,11,4,5,48432.204,44108.652,12211.980807692307,7888.428807692311
2019-11-16 05:00:00,28.0,11,5,5,50606.672,44987.399,13268.798923076916,7649.525923076915
2019-11-16 06:00:00,28.0,11,6,5,54155.954,46349.395,14912.464269230768,7105.905269230767
2019-11-16 07:00:00,28.0,11,7,5,56206.165,47579.722,15291.38130769231,6664.938307692311
2019-11-16 08:00:00,30.9,11,8,5,56100.373,48465.342,14230.256192307686,6595.225192307684
2019-11-16 09:00:00,35.1,11,9,5,55412.552,48523.055,13071.784692307694,6182.287692307691
2019-11-16 10:00:00,36.0,11,10,5,54494.584,47936.919,12032.395538461547,5474.7305384615465
2019-11-16 11:00:00,37.0,11,11,5,53163.813,46760.196,10839.422999999995,4435.805999999997
2019-11-16 12:00:00,41.0,11,12,5,52178.039,45521.62,10086.85542307693,3430.436423076935
2019-11-16 13:00:00,43.0,11,13,5,51401.032,44359.808,9665.403884615393,2624.1798846153906
2019-11-16 14:00:00,44.1,11,14,5,50854.785,43305.264,9535.488500000009,1985.967500000006
2019-11-16 15:00:00,44.1,11,15,5,50609.872,43002.528,9475.293923076926,1867.9499230769216
2019-11-16 16:00:00,44.1,11,16,5,51241.938,43544.872,9694.960884615386,1997.8948846153871
2019-11-16 17:00:00,41.0,11,17,5,53431.943,45830.157,10154.783499999998,2552.9974999999977
2019-11-16 18:00:00,37.0,11,18,5,54564.382,46799.35,10436.292307692296,2671.260307692297
2019-11-16 19:00:00,35.1,11,19,5,54191.432,46468.176,10527.782730769228,2804.5267307692266
2019-11-16 20:00:00,33.1,11,20,5,53690.745,45955.496,10754.831730769229,3019.5827307692234
2019-11-16 21:00:00,32.0,11,21,5,52413.276,44959.769,10689.482192307689,3235.975192307691
2019-11-16 22:00:00,30.0,11,22,5,50452.933,43526.953,10284.334769230763,3358.3547692307693
2019-11-16 23:00:00,30.0,11,23,5,48366.981,41802.701,9850.12823076923,3285.848230769232
2019-11-17 00:00:00,28.0,11,0,6,46842.352,40355.96,9491.780576923076,3005.3885769230765
2019-11-17 01:00:00,27.0,11,1,6,46085.203,39371.373,9618.816192307691,2904.9861923076896
2019-11-17 02:00:00,30.0,11,2,6,45717.883,38766.751,9725.991692307687,2774.859692307684
2019-11-17 03:00:00,28.0,11,3,6,45851.556,38430.069,9984.881769230764,2563.39476923077
2019-11-17 04:00:00,30.0,11,4,6,46583.378,38380.551,10363.154807692306,2160.327807692309
2019-11-17 05:00:00,28.0,11,5,6,48787.417,38967.59,11449.54392307692,1629.716923076914
2019-11-17 06:00:00,24.1,11,6,6,52494.036,39892.631,13250.54626923077,649.1412692307713
2019-11-17 07:00:00,25.0,11,7,6,54721.688,40990.388,13806.904307692312,75.6043076923088
2019-11-17 08:00:00,28.9,11,8,6,54547.572,41820.465,12677.455192307689,0.0
2019-11-17 09:00:00,33.1,11,9,6,53523.464,41931.958,11182.69669230769,0.0
2019-11-17 10:00:00,37.9,11,10,6,52508.004,41336.933,10045.815538461546,0.0
2019-11-17 11:00:00,41.0,11,11,6,51150.447,40696.928,8826.056999999993,0.0
2019-11-17 12:00:00,43.0,11,12,6,50078.78,40316.637,7987.596423076931,0.0
2019-11-17 13:00:00,46.9,11,13,6,49363.797,39884.381,7628.168884615392,0.0
2019-11-17 14:00:00,48.9,11,14,6,48409.626,39498.191,7090.3295,0.0
2019-11-17 15:00:00,50.0,11,15,6,47828.081,39642.483,6693.502923076921,0.0
2019-11-17 16:00:00,48.9,11,16,6,48336.641,40590.156,6789.663884615387,0.0
2019-11-17 17:00:00,46.9,11,17,6,50482.847,42919.398,7205.6875,0.0
2019-11-17 18:00:00,44.1,11,18,6,51639.281,43991.151,7511.191307692301,0.0
2019-11-17 19:00:00,44.1,11,19,6,51279.428,43807.241,7615.778730769227,143.5917307692289
2019-11-17 20:00:00,41.0,11,20,6,50801.787,43393.296,7865.873730769221,457.3827307692263
2019-11-17 21:00:00,41.0,11,21,6,49897.746,42261.335,8173.95219230769,537.5411923076899
2019-11-17 22:00:00,39.0,11,22,6,48183.924,40758.287,8015.325769230767,589.6887692307646
2019-11-17 23:00:00,39.0,11,23,6,46076.995,39216.382,7560.142230769234,699.5292307692289
2019-11-18 00:00:00,39.0,11,0,0,44486.72,38075.586,7136.148576923079,725.0145769230803
2019-11-18 01:00:00,39.0,11,1,0,43466.152,37563.4,6999.765192307692,1097.0131923076915
2019-11-18 02:00:00,39.9,11,2,0,43016.697,37589.12,7024.805692307687,1597.22869230769
2019-11-18 03:00:00,39.9,11,3,0,42963.192,37831.361,7096.51776923077,1964.686769230764
2019-11-18 04:00:00,39.0,11,4,0,43405.019,38879.268,7184.79580769231,2659.0448076923058
2019-11-18 05:00:00,37.0,11,5,0,44308.907,41211.332,6971.033923076917,3873.45892307692
2019-11-18 06:00:00,35.1,11,6,0,45861.713,44895.402,6618.223269230773,5651.912269230772
2019-11-18 07:00:00,33.1,11,7,0,47470.904,47703.886,6556.120307692312,6789.102307692308
2019-11-18 08:00:00,34.0,11,8,0,48189.748,48475.566,6319.631192307686,6605.449192307686
2019-11-18 09:00:00,39.9,11,9,0,47905.386,48578.346,5564.618692307689,6237.5786923076885
2019-11-18 10:00:00,42.1,11,10,0,47153.328,48449.284,4691.139538461546,5987.0955384615445
2019-11-18 11:00:00,44.1,11,11,0,46284.997,48029.535,3960.606999999996,5705.144999999997
2019-11-18 12:00:00,46.0,11,12,0,45060.111,47720.095,2968.9274230769297,5628.911423076934
2019-11-18 13:00:00,50.0,11,13,0,44051.793,47582.684,2316.164884615391,5847.0558846153945
2019-11-18 14:00:00,50.0,11,14,0,43141.71,47501.043,1822.4135000000024,6181.746500000001
2019-11-18 15:00:00,51.1,11,15,0,43077.624,47434.892,1943.0459230769263,6300.313923076923
2019-11-18 16:00:00,48.9,11,16,0,43907.545,48118.873,2360.5678846153824,6571.895884615384
2019-11-18 17:00:00,46.9,11,17,0,46552.597,50074.112,3275.4375,6796.952499999999
2019-11-18 18:00:00,45.0,11,18,0,47947.551,51130.648,3819.461307692298,7002.558307692299
2019-11-18 19:00:00,44.1,11,19,0,48034.864,50890.077,4371.2147307692285,7226.427730769225
2019-11-18 20:00:00,44.1,11,20,0,47741.424,50247.993,4805.510730769223,7312.079730769226
2019-11-18 21:00:00,44.1,11,21,0,47058.184,48873.371,5334.390192307692,7149.57719230769
2019-11-18 22:00:00,43.0,11,22,0,45927.346,47033.602,5758.747769230766,6865.003769230767
2019-11-18 23:00:00,42.1,11,23,0,44348.695,44915.482,5831.842230769231,6398.629230769235
2019-11-19 00:00:00,42.1,11,0,1,43299.609,43875.625,5949.037576923074,6525.053576923077
2019-11-19 01:00:00,41.0,11,1,1,42597.809,43222.862,6131.422192307691,6756.475192307691
2019-11-19 02:00:00,41.0,11,2,1,42308.688,43165.74,6316.796692307689,7173.848692307685
2019-11-19 03:00:00,41.0,11,3,1,42125.687,43461.176,6259.012769230765,7594.5017692307665
2019-11-19 04:00:00,39.9,11,4,1,42462.122,44464.23,6241.898807692312,8244.006807692313
2019-11-19 05:00:00,39.9,11,5,1,43078.466,46828.245,5740.592923076918,9490.37192307692
2019-11-19 06:00:00,39.9,11,6,1,44313.131,50368.198,5069.641269230771,11124.708269230769
2019-11-19 07:00:00,39.9,11,7,1,45505.773,53010.284,4590.989307692311,12095.50030769231
2019-11-19 08:00:00,39.9,11,8,1,46085.424,53936.728,4215.307192307686,12066.61119230769
2019-11-19 09:00:00,39.9,11,9,1,45939.528,54298.439,3598.760692307689,11957.67169230769
2019-11-19 10:00:00,39.9,11,10,1,45042.618,54549.711,2580.429538461547,12087.522538461548
2019-11-19 11:00:00,41.0,11,11,1,44063.304,54636.152,1738.9139999999898,12311.761999999995
2019-11-19 12:00:00,42.1,11,12,1,43411.609,54661.534,1320.4254230769293,12570.350423076932
2019-11-19 13:00:00,42.1,11,13,1,42680.476,54396.88,944.8478846153956,12661.25188461539
2019-11-19 14:00:00,43.0,11,14,1,42317.419,53917.909,998.122500000005,12598.612500000005
2019-11-19 15:00:00,46.0,11,15,1,42488.495,54023.699,1353.9169230769255,12889.120923076924
2019-11-19 16:00:00,45.0,11,16,1,43575.644,54810.149,2028.6668846153843,13263.171884615382
2019-11-19 17:00:00,43.0,11,17,1,46390.946,57498.502,3113.786500000002,14221.3425
2019-11-19 18:00:00,43.0,11,18,1,47310.998,58817.901,3182.908307692298,14689.811307692296
2019-11-19 19:00:00,41.0,11,19,1,47244.556,58565.156,3580.906730769224,14901.50673076923
2019-11-19 20:00:00,39.9,11,20,1,46896.027,58046.083,3960.113730769226,15110.169730769225
2019-11-19 21:00:00,39.0,11,21,1,45508.606,56539.616,3784.8121923076906,14815.822192307693
2019-11-19 22:00:00,37.9,11,22,1,43863.991,54377.786,3695.3927692307698,14209.187769230768
2019-11-19 23:00:00,37.9,11,23,1,42303.767,52549.598,3786.914230769231,14032.74523076923
2019-11-20 00:00:00,37.9,11,0,2,41098.442,51293.925,3747.87057692308,13943.35357692308
2019-11-20 01:00:00,39.0,11,1,2,40538.49,50715.618,4072.103192307688,14249.231192307692
2019-11-20 02:00:00,37.9,11,2,2,40516.167,50640.763,4524.275692307689,14648.871692307686
2019-11-20 03:00:00,37.0,11,3,2,40740.653,50631.194,4873.9787692307655,14764.51976923077
2019-11-20 04:00:00,37.9,11,4,2,41781.799,51701.781,5561.575807692308,15481.557807692312
2019-11-20 05:00:00,39.0,11,5,2,44324.176,54272.02,6986.302923076917,16934.146923076914
2019-11-20 06:00:00,39.0,11,6,2,48212.15,58064.244,8968.660269230772,18820.75426923077
2019-11-20 07:00:00,39.0,11,7,2,50903.818,60142.396,9989.034307692307,19227.61230769231
2019-11-20 08:00:00,37.9,11,8,2,51297.463,59595.81,9427.34619230769,17725.693192307685
2019-11-20 09:00:00,39.9,11,9,2,51163.22,58303.858,8822.452692307692,15963.090692307693
2019-11-20 10:00:00,44.1,11,10,2,50616.343,57319.723,8154.154538461546,14857.534538461545
2019-11-20 11:00:00,46.0,11,11,2,49879.089,56493.402,7554.698999999993,14169.011999999995
2019-11-20 12:00:00,48.0,11,12,2,49086.477,55604.62,6995.293423076932,13513.436423076935
2019-11-20 13:00:00,48.0,11,13,2,48700.511,54882.351,6964.882884615392,13146.722884615396
2019-11-20 14:00:00,51.1,11,14,2,48234.233,53808.472,6914.936500000003,12489.175500000005
2019-11-20 15:00:00,51.1,11,15,2,48027.584,53653.621,6893.005923076926,12519.042923076922
2019-11-20 16:00:00,48.0,11,16,2,48672.196,54403.386,7125.218884615388,12856.408884615385
2019-11-20 17:00:00,46.0,11,17,2,50803.447,56883.5,7526.2874999999985,13606.340499999998
2019-11-20 18:00:00,46.0,11,18,2,51556.022,58046.487,7427.932307692296,13918.3973076923
2019-11-20 19:00:00,43.0,11,19,2,51069.552,57614.887,7405.90273076923,13951.23773076923
2019-11-20 20:00:00,41.0,11,20,2,50305.54,57058.552,7369.626730769225,14122.638730769228
2019-11-20 21:00:00,41.0,11,21,2,48831.861,55464.035,7108.067192307688,13740.241192307694
2019-11-20 22:00:00,39.9,11,22,2,46583.654,53164.465,6415.05576923077,12995.866769230764
2019-11-20 23:00:00,39.0,11,23,2,44178.205,50874.286,5661.352230769233,12357.433230769231
2019-11-21 00:00:00,39.0,11,0,3,42522.039,49082.206,5171.467576923074,11731.634576923076
2019-11-21 01:00:00,39.9,11,1,3,41647.653,48171.23,5181.2661923076885,11704.843192307691
2019-11-21 02:00:00,39.0,11,2,3,41284.765,47663.738,5292.873692307687,11671.846692307685
2019-11-21 03:00:00,39.0,11,3,3,41332.644,47858.34,5465.969769230767,11991.665769230764
2019-11-21 04:00:00,39.0,11,4,3,42048.369,48432.204,5828.145807692308,12211.980807692307
2019-11-21 05:00:00,39.0,11,5,3,44246.126,50606.672,6908.252923076914,13268.798923076916
2019-11-21 06:00:00,39.0,11,6,3,47886.874,54155.954,8643.384269230773,14912.464269230768
2019-11-21 07:00:00,39.0,11,7,3,50465.773,56206.165,9550.98930769231,15291.38130769231
2019-11-21 08:00:00,39.9,11,8,3,50709.493,56100.373,8839.376192307689,14230.256192307686
2019-11-21 09:00:00,42.1,11,9,3,50620.112,55412.552,8279.344692307692,13071.784692307694
2019-11-21 10:00:00,45.0,11,10,3,50134.422,54494.584,7672.233538461543,12032.395538461547
2019-11-21 11:00:00,46.9,11,11,3,49627.363,53163.813,7302.972999999991,10839.422999999995
2019-11-21 12:00:00,50.0,11,12,3,48898.992,52178.039,6807.808423076931,10086.85542307693
2019-11-21 13:00:00,51.1,11,13,3,48717.893,51401.032,6982.26488461539,9665.403884615393
2019-11-21 14:00:00,52.0,11,14,3,48303.888,50854.785,6984.591500000002,9535.488500000009
2019-11-21 15:00:00,53.1,11,15,3,48037.076,50609.872,6902.497923076924,9475.293923076926
2019-11-21 16:00:00,54.0,11,16,3,48653.434,51241.938,7106.456884615385,9694.960884615386
2019-11-21 17:00:00,55.0,11,17,3,50522.414,53431.943,7245.2544999999955,10154.783499999998
2019-11-21 18:00:00,54.0,11,18,3,51117.743,54564.382,6989.653307692301,10436.292307692296
2019-11-21 19:00:00,54.0,11,19,3,50560.653,54191.432,6897.0037307692255,10527.782730769228
2019-11-21 20:00:00,53.1,11,20,3,49820.09,53690.745,6884.176730769221,10754.831730769229
2019-11-21 21:00:00,53.1,11,21,3,48311.412,52413.276,6587.618192307687,10689.482192307689
2019-11-21 22:00:00,54.0,11,22,3,45857.075,50452.933,5688.476769230765,10284.334769230763
2019-11-21 23:00:00,53.1,11,23,3,43557.245,48366.981,5040.392230769234,9850.12823076923
2019-11-22 00:00:00,53.1,11,0,4,41813.419,46842.352,4462.847576923079,9491.780576923076
2019-11-22 01:00:00,53.1,11,1,4,40729.658,46085.203,4263.271192307693,9618.816192307691
2019-11-22 02:00:00,53.1,11,2,4,40209.72,45717.883,4217.8286923076885,9725.991692307687
2019-11-22 03:00:00,51.1,11,3,4,40274.917,45851.556,4408.242769230768,9984.881769230764
2019-11-22 04:00:00,48.0,11,4,4,41092.268,46583.378,4872.044807692306,10363.154807692306
2019-11-22 05:00:00,45.0,11,5,4,43152.823,48787.417,5814.949923076914,11449.54392307692
2019-11-22 06:00:00,44.1,11,6,4,46763.294,52494.036,7519.804269230772,13250.54626923077
2019-11-22 07:00:00,42.1,11,7,4,49191.978,54721.688,8277.194307692313,13806.904307692312
2019-11-22 08:00:00,41.0,11,8,4,49503.587,54547.572,7633.470192307686,12677.455192307689
2019-11-22 09:00:00,41.0,11,9,4,49341.937,53523.464,7001.169692307689,11182.69669230769
2019-11-22 10:00:00,41.0,11,10,4,49098.332,52508.004,6636.143538461547,10045.815538461546
2019-11-22 11:00:00,41.0,11,11,4,48678.249,51150.447,6353.858999999997,8826.056999999993
2019-11-22 12:00:00,44.1,11,12,4,48298.903,50078.78,6207.719423076931,7987.596423076931
2019-11-22 13:00:00,42.1,11,13,4,47868.586,49363.797,6132.957884615396,7628.168884615392
2019-11-22 14:00:00,43.0,11,14,4,47542.1,48409.626,6222.803500000002,7090.3295
2019-11-22 15:00:00,43.0,11,15,4,47211.114,47828.081,6076.5359230769245,6693.502923076921
2019-11-22 16:00:00,41.0,11,16,4,47791.342,48336.641,6244.364884615381,6789.663884615387
2019-11-22 17:00:00,39.9,11,17,4,49956.927,50482.847,6679.767500000002,7205.6875
2019-11-22 18:00:00,37.0,11,18,4,50777.911,51639.281,6649.821307692298,7511.191307692301
2019-11-22 19:00:00,37.0,11,19,4,50285.436,51279.428,6621.786730769229,7615.778730769227
2019-11-22 20:00:00,33.1,11,20,4,49700.24,50801.787,6764.326730769222,7865.873730769221
2019-11-22 21:00:00,32.0,11,21,4,48494.001,49897.746,6770.207192307687,8173.95219230769
2019-11-22 22:00:00,30.9,11,22,4,46213.033,48183.924,6044.434769230771,8015.325769230767
2019-11-22 23:00:00,30.9,11,23,4,43999.639,46076.995,5482.786230769234,7560.142230769234
2019-11-23 00:00:00,28.9,11,0,5,42554.094,44486.72,5203.522576923075,7136.148576923079
2019-11-23 01:00:00,28.0,11,1,5,41690.252,43466.152,5223.86519230769,6999.765192307692
2019-11-23 02:00:00,28.0,11,2,5,41379.744,43016.697,5387.852692307686,7024.805692307687
2019-11-23 03:00:00,26.1,11,3,5,41433.246,42963.192,5566.571769230766,7096.51776923077
2019-11-23 04:00:00,27.0,11,4,5,42295.304,43405.019,6075.080807692306,7184.79580769231
2019-11-23 05:00:00,27.0,11,5,5,44569.825,44308.907,7231.951923076915,6971.033923076917
2019-11-23 06:00:00,28.0,11,6,5,48400.564,45861.713,9157.074269230769,6618.223269230773
2019-11-23 07:00:00,28.0,11,7,5,50794.294,47470.904,9879.510307692311,6556.120307692312
2019-11-23 08:00:00,30.0,11,8,5,50916.228,48189.748,9046.11119230769,6319.631192307686
2019-11-23 09:00:00,33.1,11,9,5,50346.984,47905.386,8006.216692307687,5564.618692307689
2019-11-23 10:00:00,37.0,11,10,5,49871.754,47153.328,7409.565538461546,4691.139538461546
2019-11-23 11:00:00,39.0,11,11,5,49152.857,46284.997,6828.466999999997,3960.606999999996
2019-11-23 12:00:00,41.0,11,12,5,48607.216,45060.111,6516.032423076933,2968.9274230769297
2019-11-23 13:00:00,43.0,11,13,5,48157.924,44051.793,6422.295884615392,2316.164884615391
2019-11-23 14:00:00,41.0,11,14,5,47651.435,43141.71,6332.138500000001,1822.4135000000024
2019-11-23 15:00:00,41.0,11,15,5,47382.812,43077.624,6248.233923076921,1943.0459230769263
2019-11-23 16:00:00,39.9,11,16,5,47908.399,43907.545,6361.421884615382,2360.5678846153824
2019-11-23 17:00:00,39.0,11,17,5,49458.949,46552.597,6181.789499999999,3275.4375
2019-11-23 18:00:00,37.9,11,18,5,49704.425,47947.551,5576.335307692301,3819.461307692298
2019-11-23 19:00:00,37.0,11,19,5,49112.166,48034.864,5448.5167307692245,4371.2147307692285
2019-11-23 20:00:00,37.9,11,20,5,48198.285,47741.424,5262.371730769228,4805.510730769223
2019-11-23 21:00:00,37.0,11,21,5,46620.46,47058.184,4896.66619230769,5334.390192307692
2019-11-23 22:00:00,36.0,11,22,5,44070.605,45927.346,3902.006769230771,5758.747769230766
2019-11-23 23:00:00,36.0,11,23,5,41572.268,44348.695,3055.4152307692275,5831.842230769231
2019-11-24 00:00:00,35.1,11,0,6,39915.405,43299.609,2564.833576923076,5949.037576923074
2019-11-24 01:00:00,35.1,11,1,6,38768.255,42597.809,2301.8681923076874,6131.422192307691
2019-11-24 02:00:00,35.1,11,2,6,38284.744,42308.688,2292.852692307686,6316.796692307689
2019-11-24 03:00:00,35.1,11,3,6,38236.28,42125.687,2369.605769230766,6259.012769230765
2019-11-24 04:00:00,35.1,11,4,6,39100.935,42462.122,2880.711807692307,6241.898807692312
2019-11-24 05:00:00,34.0,11,5,6,41241.76,43078.466,3903.88692307692,5740.592923076918
2019-11-24 06:00:00,32.0,11,6,6,44824.506,44313.131,5581.016269230771,5069.641269230771
2019-11-24 07:00:00,32.0,11,7,6,47733.172,45505.773,6818.388307692308,4590.989307692311
2019-11-24 08:00:00,30.9,11,8,6,48398.094,46085.424,6527.977192307684,4215.307192307686
2019-11-24 09:00:00,33.1,11,9,6,48987.644,45939.528,6646.876692307691,3598.760692307689
2019-11-24 10:00:00,36.0,11,10,6,49184.652,45042.618,6722.463538461547,2580.429538461547
2019-11-24 11:00:00,37.0,11,11,6,48672.547,44063.304,6348.156999999992,1738.9139999999898
2019-11-24 12:00:00,39.9,11,12,6,48187.593,43411.609,6096.409423076933,1320.4254230769293
2019-11-24 13:00:00,41.0,11,13,6,47581.372,42680.476,5845.743884615396,944.8478846153956
2019-11-24 14:00:00,41.0,11,14,6,47048.715,42317.419,5729.4185,998.122500000005
2019-11-24 15:00:00,42.1,11,15,6,46476.113,42488.495,5341.534923076921,1353.9169230769255
2019-11-24 16:00:00,44.1,11,16,6,46990.075,43575.644,5443.097884615381,2028.6668846153843
2019-11-24 17:00:00,43.0,11,17,6,49124.456,46390.946,5847.296499999997,3113.786500000002
2019-11-24 18:00:00,41.0,11,18,6,49839.138,47310.998,5711.048307692297,3182.908307692298
2019-11-24 19:00:00,39.9,11,19,6,49498.934,47244.556,5835.284730769228,3580.906730769224
2019-11-24 20:00:00,39.0,11,20,6,49096.273,46896.027,6160.359730769225,3960.113730769226
2019-11-24 21:00:00,39.0,11,21,6,48220.957,45508.606,6497.163192307693,3784.8121923076906
2019-11-24 22:00:00,37.9,11,22,6,46639.108,43863.991,6470.509769230768,3695.3927692307698
2019-11-24 23:00:00,36.0,11,23,6,44599.344,42303.767,6082.491230769228,3786.914230769231
2019-11-25 00:00:00,36.0,11,0,0,42965.934,41098.442,5615.362576923078,3747.87057692308
2019-11-25 01:00:00,35.1,11,1,0,42081.802,40538.49,5615.415192307693,4072.103192307688
2019-11-25 02:00:00,35.1,11,2,0,41781.094,40516.167,5789.202692307685,4524.275692307689
2019-11-25 03:00:00,37.0,11,3,0,41533.816,40740.653,5667.141769230766,4873.9787692307655
2019-11-25 04:00:00,37.0,11,4,0,41983.18,41781.799,5762.95680769231,5561.575807692308
2019-11-25 05:00:00,37.9,11,5,0,42892.365,44324.176,5554.491923076916,6986.302923076917
2019-11-25 06:00:00,37.0,11,6,0,44401.954,48212.15,5158.464269230768,8968.660269230772
2019-11-25 07:00:00,36.0,11,7,0,45916.342,50903.818,5001.558307692307,9989.034307692307
2019-11-25 08:00:00,36.0,11,8,0,47052.49,51297.463,5182.373192307685,9427.34619230769
2019-11-25 09:00:00,39.0,11,9,0,47472.878,51163.22,5132.110692307688,8822.452692307692
2019-11-25 10:00:00,41.0,11,10,0,47370.723,50616.343,4908.534538461543,8154.154538461546
2019-11-25 11:00:00,44.1,11,11,0,47049.621,49879.089,4725.2309999999925,7554.698999999993
2019-11-25 12:00:00,48.0,11,12,0,46470.633,49086.477,4379.449423076934,6995.293423076932
2019-11-25 13:00:00,52.0,11,13,0,45936.253,48700.511,4200.62488461539,6964.882884615392
2019-11-25 14:00:00,53.1,11,14,0,45494.022,48234.233,4174.7255000000005,6914.936500000003
2019-11-25 15:00:00,55.0,11,15,0,45253.201,48027.584,4118.622923076924,6893.005923076926
2019-11-25 16:00:00,55.0,11,16,0,45981.378,48672.196,4434.400884615381,7125.218884615388
2019-11-25 17:00:00,53.1,11,17,0,47554.459,50803.447,4277.299500000001,7526.2874999999985
2019-11-25 18:00:00,51.1,11,18,0,47814.116,51556.022,3686.0263076923,7427.932307692296
2019-11-25 19:00:00,48.9,11,19,0,47171.755,51069.552,3508.1057307692245,7405.90273076923
2019-11-25 20:00:00,48.0,11,20,0,46520.45,50305.54,3584.5367307692213,7369.626730769225
2019-11-25 21:00:00,46.9,11,21,0,45570.065,48831.861,3846.271192307693,7108.067192307688
2019-11-25 22:00:00,46.0,11,22,0,44135.63,46583.654,3967.031769230765,6415.05576923077
2019-11-25 23:00:00,44.1,11,23,0,42426.373,44178.205,3909.520230769231,5661.352230769233
2019-11-26 00:00:00,44.1,11,0,1,41079.057,42522.039,3728.485576923078,5171.467576923074
2019-11-26 01:00:00,45.0,11,1,1,40120.839,41647.653,3654.45219230769,5181.2661923076885
2019-11-26 02:00:00,43.0,11,2,1,39667.252,41284.765,3675.360692307688,5292.873692307687
2019-11-26 03:00:00,43.0,11,3,1,39458.406,41332.644,3591.7317692307697,5465.969769230767
2019-11-26 04:00:00,39.9,11,4,1,39744.21,42048.369,3523.9868076923085,5828.145807692308
2019-11-26 05:00:00,42.1,11,5,1,40390.168,44246.126,3052.2949230769154,6908.252923076914
2019-11-26 06:00:00,42.1,11,6,1,41692.39,47886.874,2448.900269230769,8643.384269230773
2019-11-26 07:00:00,39.9,11,7,1,42993.918,50465.773,2079.134307692308,9550.98930769231
2019-11-26 08:00:00,39.9,11,8,1,44170.883,50709.493,2300.7661923076885,8839.376192307689
2019-11-26 09:00:00,45.0,11,9,1,44820.787,50620.112,2480.019692307688,8279.344692307692
2019-11-26 10:00:00,48.9,11,10,1,44420.916,50134.422,1958.7275384615425,7672.233538461543
2019-11-26 11:00:00,52.0,11,11,1,43985.87,49627.363,1661.479999999996,7302.972999999991
2019-11-26 12:00:00,55.0,11,12,1,43452.138,48898.992,1360.9544230769316,6807.808423076931
2019-11-26 13:00:00,57.0,11,13,1,42810.078,48717.893,1074.4498846153947,6982.26488461539
2019-11-26 14:00:00,55.9,11,14,1,42289.307,48303.888,970.010500000004,6984.591500000002
2019-11-26 15:00:00,55.9,11,15,1,42194.688,48037.076,1060.109923076925,6902.497923076924
2019-11-26 16:00:00,55.0,11,16,1,43230.309,48653.434,1683.3318846153852,7106.456884615385
2019-11-26 17:00:00,54.0,11,17,1,46179.149,50522.414,2901.989499999996,7245.2544999999955
2019-11-26 18:00:00,53.1,11,18,1,47492.622,51117.743,3364.5323076923014,6989.653307692301
2019-11-26 19:00:00,53.1,11,19,1,47351.207,50560.653,3687.557730769229,6897.0037307692255
2019-11-26 20:00:00,52.0,11,20,1,47069.855,49820.09,4133.941730769227,6884.176730769221
2019-11-26 21:00:00,53.1,11,21,1,45928.958,48311.412,4205.1641923076895,6587.618192307687
2019-11-26 22:00:00,54.0,11,22,1,44303.179,45857.075,4134.580769230764,5688.476769230765
2019-11-26 23:00:00,54.0,11,23,1,42722.799,43557.245,4205.94623076923,5040.392230769234
2019-11-27 00:00:00,52.0,11,0,2,41641.959,41813.419,4291.38757692308,4462.847576923079
2019-11-27 01:00:00,48.9,11,1,2,41008.557,40729.658,4542.170192307691,4263.271192307693
2019-11-27 02:00:00,48.9,11,2,2,40807.4,40209.72,4815.508692307689,4217.8286923076885
2019-11-27 03:00:00,48.0,11,3,2,40992.339,40274.917,5125.664769230767,4408.242769230768
2019-11-27 04:00:00,50.0,11,4,2,41825.945,41092.268,5605.721807692309,4872.044807692306
2019-11-27 05:00:00,48.9,11,5,2,44109.753,43152.823,6771.879923076915,5814.949923076914
2019-11-27 06:00:00,50.0,11,6,2,47923.934,46763.294,8680.444269230771,7519.804269230772
2019-11-27 07:00:00,52.0,11,7,2,50571.875,49191.978,9657.09130769231,8277.194307692313
2019-11-27 08:00:00,53.1,11,8,2,50588.247,49503.587,8718.13019230769,7633.470192307686
2019-11-27 09:00:00,53.1,11,9,2,49753.958,49341.937,7413.1906923076895,7001.169692307689
2019-11-27 10:00:00,55.0,11,10,2,48817.856,49098.332,6355.667538461545,6636.143538461547
2019-11-27 11:00:00,55.9,11,11,2,47853.186,48678.249,5528.795999999995,6353.858999999997
2019-11-27 12:00:00,57.0,11,12,2,46927.348,48298.903,4836.164423076931,6207.719423076931
2019-11-27 13:00:00,51.1,11,13,2,46046.966,47868.586,4311.337884615394,6132.957884615396
2019-11-27 14:00:00,48.9,11,14,2,45381.099,47542.1,4061.802500000005,6222.803500000002
2019-11-27 15:00:00,46.9,11,15,2,44965.701,47211.114,3831.122923076924,6076.5359230769245
2019-11-27 16:00:00,45.0,11,16,2,45437.97,47791.342,3890.992884615385,6244.364884615381
2019-11-27 17:00:00,43.0,11,17,2,47899.624,49956.927,4622.464500000002,6679.767500000002
2019-11-27 18:00:00,43.0,11,18,2,49040.187,50777.911,4912.097307692296,6649.821307692298
2019-11-27 19:00:00,42.1,11,19,2,48907.53,50285.436,5243.880730769226,6621.786730769229
2019-11-27 20:00:00,42.1,11,20,2,48349.859,49700.24,5413.945730769221,6764.326730769222
2019-11-27 21:00:00,42.1,11,21,2,46929.365,48494.001,5205.571192307689,6770.207192307687
2019-11-27 22:00:00,39.9,11,22,2,44963.304,46213.033,4794.705769230764,6044.434769230771
2019-11-27 23:00:00,39.9,11,23,2,42671.601,43999.639,4154.7482307692335,5482.786230769234
2019-11-28 00:00:00,39.0,11,0,3,41215.771,42554.094,3865.199576923078,5203.522576923075
2019-11-28 01:00:00,37.9,11,1,3,40475.708,41690.252,4009.3211923076888,5223.86519230769
2019-11-28 02:00:00,37.9,11,2,3,40123.432,41379.744,4131.540692307688,5387.852692307686
2019-11-28 03:00:00,37.0,11,3,3,40402.207,41433.246,4535.532769230769,5566.571769230766
2019-11-28 04:00:00,37.0,11,4,3,41247.709,42295.304,5027.485807692312,6075.080807692306
2019-11-28 05:00:00,37.0,11,5,3,43478.748,44569.825,6140.874923076917,7231.951923076915
2019-11-28 06:00:00,37.0,11,6,3,47284.251,48400.564,8040.761269230767,9157.074269230769
2019-11-28 07:00:00,36.0,11,7,3,49854.527,50794.294,8939.743307692312,9879.510307692311
2019-11-28 08:00:00,36.0,11,8,3,49819.002,50916.228,7948.885192307687,9046.11119230769
2019-11-28 09:00:00,37.0,11,9,3,48879.075,50346.984,6538.307692307688,8006.216692307687
2019-11-28 10:00:00,37.0,11,10,3,47763.608,49871.754,5301.419538461545,7409.565538461546
2019-11-28 11:00:00,37.9,11,11,3,46700.926,49152.857,4376.535999999993,6828.466999999997
2019-11-28 12:00:00,39.0,11,12,3,45953.454,48607.216,3862.2704230769305,6516.032423076933
2019-11-28 13:00:00,39.0,11,13,3,45653.92,48157.924,3918.291884615392,6422.295884615392
2019-11-28 14:00:00,39.0,11,14,3,45353.869,47651.435,4034.572500000002,6332.138500000001
2019-11-28 15:00:00,37.9,11,15,3,45280.628,47382.812,4146.04992307692,6248.233923076921
2019-11-28 16:00:00,37.9,11,16,3,45880.023,47908.399,4333.045884615385,6361.421884615382
2019-11-28 17:00:00,37.0,11,17,3,47895.177,49458.949,4618.017500000002,6181.789499999999
2019-11-28 18:00:00,37.0,11,18,3,48264.1,49704.425,4136.010307692297,5576.335307692301
2019-11-28 19:00:00,37.0,11,19,3,47870.155,49112.166,4206.505730769226,5448.5167307692245
2019-11-28 20:00:00,37.0,11,20,3,47171.892,48198.285,4235.978730769224,5262.371730769228
2019-11-28 21:00:00,37.0,11,21,3,45697.96,46620.46,3974.16619230769,4896.66619230769
2019-11-28 22:00:00,37.0,11,22,3,43584.604,44070.605,3416.005769230768,3902.006769230771
2019-11-28 23:00:00,36.0,11,23,3,41402.209,41572.268,2885.3562307692337,3055.4152307692275
2019-11-29 00:00:00,36.0,11,0,4,39720.515,39915.405,2369.9435769230768,2564.833576923076
2019-11-29 01:00:00,35.1,11,1,4,38490.724,38768.255,2024.337192307692,2301.8681923076874
2019-11-29 02:00:00,34.0,11,2,4,37844.043,38284.744,1852.1516923076847,2292.852692307686
2019-11-29 03:00:00,35.1,11,3,4,37579.86,38236.28,1713.1857692307676,2369.605769230766
2019-11-29 04:00:00,35.1,11,4,4,38080.317,39100.935,1860.093807692312,2880.711807692307
2019-11-29 05:00:00,34.0,11,5,4,39670.662,41241.76,2332.788923076914,3903.88692307692
2019-11-29 06:00:00,34.0,11,6,4,42526.855,44824.506,3283.3652692307733,5581.016269230771
2019-11-29 07:00:00,34.0,11,7,4,44971.245,47733.172,4056.461307692312,6818.388307692308
2019-11-29 08:00:00,35.1,11,8,4,46217.015,48398.094,4346.898192307686,6527.977192307684
2019-11-29 09:00:00,36.0,11,9,4,46863.739,48987.644,4522.971692307692,6646.876692307691
2019-11-29 10:00:00,37.0,11,10,4,47191.561,49184.652,4729.372538461546,6722.463538461547
2019-11-29 11:00:00,39.0,11,11,4,47049.817,48672.547,4725.426999999996,6348.156999999992
2019-11-29 12:00:00,39.0,11,12,4,46854.0,48187.593,4762.816423076933,6096.409423076933
2019-11-29 13:00:00,39.9,11,13,4,46677.19,47581.372,4941.561884615396,5845.743884615396
2019-11-29 14:00:00,39.9,11,14,4,46348.207,47048.715,5028.910500000005,5729.4185
2019-11-29 15:00:00,41.0,11,15,4,46122.356,46476.113,4987.777923076923,5341.534923076921
2019-11-29 16:00:00,41.0,11,16,4,46586.757,46990.075,5039.779884615382,5443.097884615381
2019-11-29 17:00:00,39.9,11,17,4,48426.794,49124.456,5149.6345,5847.296499999997
2019-11-29 18:00:00,39.9,11,18,4,48879.615,49839.138,4751.525307692296,5711.048307692297
2019-11-29 19:00:00,39.9,11,19,4,48284.877,49498.934,4621.227730769228,5835.284730769228
2019-11-29 20:00:00,39.9,11,20,4,47424.535,49096.273,4488.621730769228,6160.359730769225
2019-11-29 21:00:00,39.0,11,21,4,46275.78,48220.957,4551.98619230769,6497.163192307693
2019-11-29 22:00:00,39.9,11,22,4,44314.82,46639.108,4146.221769230768,6470.509769230768
2019-11-29 23:00:00,39.0,11,23,4,41949.387,44599.344,3432.534230769233,6082.491230769228
2019-11-30 00:00:00,39.0,11,0,5,40051.984,42965.934,2701.412576923074,5615.362576923078
2019-11-30 01:00:00,39.0,11,1,5,38781.614,42081.802,2315.2271923076914,5615.415192307693
2019-11-30 02:00:00,37.9,11,2,5,38242.321,41781.094,2250.429692307691,5789.202692307685
2019-11-30 03:00:00,37.9,11,3,5,37934.699,41533.816,2068.024769230768,5667.141769230766
2019-11-30 04:00:00,37.9,11,4,5,38054.995,41983.18,1834.771807692312,5762.95680769231
2019-11-30 05:00:00,37.0,11,5,5,38744.03,42892.365,1406.1569230769164,5554.491923076916
2019-11-30 06:00:00,37.0,11,6,5,39955.028,44401.954,711.5382692307685,5158.464269230768
2019-11-30 07:00:00,37.0,11,7,5,41265.653,45916.342,350.8693076923082,5001.558307692307
2019-11-30 08:00:00,37.0,11,8,5,42756.017,47052.49,885.9001923076867,5182.373192307685
2019-11-30 09:00:00,37.9,11,9,5,44323.615,47472.878,1982.8476923076887,5132.110692307688
2019-11-30 10:00:00,39.0,11,10,5,45468.632,47370.723,3006.443538461542,4908.534538461543
2019-11-30 11:00:00,39.9,11,11,5,45692.106,47049.621,3367.715999999993,4725.2309999999925
2019-11-30 12:00:00,41.0,11,12,5,44646.1,46470.633,2554.916423076931,4379.449423076934
2019-11-30 13:00:00,42.1,11,13,5,43058.998,45936.253,1323.369884615393,4200.62488461539
2019-11-30 14:00:00,42.1,11,14,5,41844.375,45494.022,525.0785000000033,4174.7255000000005
2019-11-30 15:00:00,42.1,11,15,5,41048.389,45253.201,0.0,4118.622923076924
2019-11-30 16:00:00,42.1,11,16,5,41088.026,45981.378,0.0,4434.400884615381
2019-11-30 17:00:00,39.0,11,17,5,42130.499,47554.459,0.0,4277.299500000001
2019-11-30 18:00:00,39.0,11,18,5,42198.985,47814.116,0.0,3686.0263076923
2019-11-30 19:00:00,39.9,11,19,5,42124.654,47171.755,0.0,3508.1057307692245
2019-11-30 20:00:00,39.9,11,20,5,42137.861,46520.45,0.0,3584.5367307692213
2019-11-30 21:00:00,41.0,11,21,5,41627.223,45570.065,0.0,3846.271192307693
2019-11-30 22:00:00,41.0,11,22,5,40704.897,44135.63,536.2987692307652,3967.031769230765
2019-11-30 23:00:00,39.9,11,23,5,39448.967,42426.373,932.114230769228,3909.520230769231
2019-12-01 00:00:00,41.0,12,0,6,38333.135,41079.057,982.5635769230794,3728.485576923078
2019-12-01 01:00:00,41.0,12,1,6,37643.77,40120.839,1177.3831923076868,3654.45219230769
2019-12-01 02:00:00,42.1,12,2,6,37179.131,39667.252,1187.2396923076883,3675.360692307688
2019-12-01 03:00:00,43.0,12,3,6,37193.164,39458.406,1326.489769230764,3591.7317692307697
2019-12-01 04:00:00,45.0,12,4,6,37662.427,39744.21,1442.2038076923127,3523.9868076923085
2019-12-01 05:00:00,46.0,12,5,6,38793.224,40390.168,1455.3509230769196,3052.2949230769154
2019-12-01 06:00:00,46.9,12,6,6,40527.282,41692.39,1283.7922692307693,2448.900269230769
2019-12-01 07:00:00,51.1,12,7,6,41997.305,42993.918,1082.52130769231,2079.134307692308
2019-12-01 08:00:00,48.9,12,8,6,42839.598,44170.883,969.481192307685,2300.7661923076885
2019-12-01 09:00:00,48.9,12,9,6,43514.032,44820.787,1173.26469230769,2480.019692307688
2019-12-01 10:00:00,50.0,12,10,6,43657.324,44420.916,1195.1355384615454,1958.7275384615425
2019-12-01 11:00:00,53.1,12,11,6,43440.109,43985.87,1115.71899999999,1661.479999999996
2019-12-01 12:00:00,55.0,12,12,6,43070.421,43452.138,979.2374230769346,1360.9544230769316
2019-12-01 13:00:00,55.0,12,13,6,42666.348,42810.078,930.7198846153916,1074.4498846153947
2019-12-01 14:00:00,50.0,12,14,6,42372.203,42289.307,1052.9065000000046,970.010500000004
2019-12-01 15:00:00,43.0,12,15,6,42405.146,42194.688,1270.5679230769238,1060.109923076925
2019-12-01 16:00:00,42.1,12,16,6,43126.066,43230.309,1579.088884615383,1683.3318846153852
2019-12-01 17:00:00,37.9,12,17,6,45145.73,46179.149,1868.5705000000016,2901.989499999996
2019-12-01 18:00:00,37.9,12,18,6,45249.68,47492.622,1121.590307692299,3364.5323076923014
2019-12-01 19:00:00,37.9,12,19,6,44775.559,47351.207,1111.9097307692282,3687.557730769229
2019-12-01 20:00:00,37.0,12,20,6,44157.863,47069.855,1221.9497307692218,4133.941730769227
2019-12-01 21:00:00,37.0,12,21,6,43243.407,45928.958,1519.61319230769,4205.1641923076895
2019-12-01 22:00:00,37.0,12,22,6,41821.699,44303.179,1653.1007692307685,4134.580769230764
2019-12-01 23:00:00,36.0,12,23,6,40079.932,42722.799,1563.0792307692318,4205.94623076923
2019-12-02 00:00:00,35.1,12,0,0,38570.154,41641.959,1219.5825769230796,4291.38757692308
2019-12-02 01:00:00,35.1,12,1,0,37668.3,41008.557,1201.913192307693,4542.170192307691
2019-12-02 02:00:00,35.1,12,2,0,37159.694,40807.4,1167.8026923076904,4815.508692307689
2019-12-02 03:00:00,34.0,12,3,0,36834.308,40992.339,967.6337692307644,5125.664769230767
2019-12-02 04:00:00,33.1,12,4,0,37119.287,41825.945,899.063807692306,5605.721807692309
2019-12-02 05:00:00,34.0,12,5,0,37886.052,44109.753,548.1789230769209,6771.879923076915
2019-12-02 06:00:00,35.1,12,6,0,39160.378,47923.934,0.0,8680.444269230771
2019-12-02 07:00:00,36.0,12,7,0,41009.278,50571.875,94.4943076923082,9657.09130769231
2019-12-02 08:00:00,37.0,12,8,0,42461.201,50588.247,591.0841923076878,8718.13019230769
2019-12-02 09:00:00,36.0,12,9,0,43803.827,49753.958,1463.0596923076882,7413.1906923076895
2019-12-02 10:00:00,36.0,12,10,0,44589.114,48817.856,2126.9255384615462,6355.667538461545
2019-12-02 11:00:00,36.0,12,11,0,44671.225,47853.186,2346.834999999992,5528.795999999995
2019-12-02 12:00:00,36.0,12,12,0,44397.906,46927.348,2306.7224230769352,4836.164423076931
2019-12-02 13:00:00,36.0,12,13,0,43883.72,46046.966,2148.0918846153945,4311.337884615394
2019-12-02 14:00:00,36.0,12,14,0,43554.227,45381.099,2234.930500000002,4061.802500000005
2019-12-02 15:00:00,36.0,12,15,0,43494.411,44965.701,2359.832923076923,3831.122923076924
2019-12-02 16:00:00,35.1,12,16,0,44276.52,45437.97,2729.542884615381,3890.992884615385
2019-12-02 17:00:00,35.1,12,17,0,45898.873,47899.624,2621.713499999998,4622.464500000002
2019-12-02 18:00:00,34.0,12,18,0,46024.873,49040.187,1896.783307692298,4912.097307692296
2019-12-02 19:00:00,34.0,12,19,0,45496.018,48907.53,1832.368730769224,5243.880730769226
2019-12-02 20:00:00,33.1,12,20,0,44757.606,48349.859,1821.692730769224,5413.945730769221
2019-12-02 21:00:00,33.1,12,21,0,43605.306,46929.365,1881.512192307688,5205.571192307689
2019-12-02 22:00:00,32.0,12,22,0,41938.823,44963.304,1770.2247692307649,4794.705769230764
2019-12-02 23:00:00,33.1,12,23,0,39947.347,42671.601,1430.494230769233,4154.7482307692335
2019-12-03 00:00:00,33.1,12,0,1,38429.528,41215.771,46.1475999999966,3865.199576923078
2019-12-03 01:00:00,33.1,12,1,1,37370.605,40475.708,26.29200000000128,4009.3211923076888
2019-12-03 02:00:00,32.0,12,2,1,36718.576,40123.432,0.0,4131.540692307688
2019-12-03 03:00:00,32.0,12,3,1,36431.982,40402.207,0.0,4535.532769230769
2019-12-03 04:00:00,32.0,12,4,1,36134.433,41247.709,0.0,5027.485807692312
2019-12-03 05:00:00,32.0,12,5,1,36652.345,43478.748,0.0,6140.874923076917
2019-12-03 06:00:00,32.0,12,6,1,37515.091,47284.251,0.0,8040.761269230767
2019-12-03 07:00:00,32.0,12,7,1,38848.291,49854.527,0.0,8939.743307692312
2019-12-03 08:00:00,32.0,12,8,1,39767.546,49819.002,0.0,7948.885192307687
2019-12-03 09:00:00,32.0,12,9,1,40515.264,48879.075,0.0,6538.307692307688
2019-12-03 10:00:00,33.1,12,10,1,40867.314,47763.608,0.0,5301.419538461545
2019-12-03 11:00:00,33.1,12,11,1,41267.041,46700.926,0.0,4376.535999999993
2019-12-03 12:00:00,33.1,12,12,1,41729.876,45953.454,0.0,3862.2704230769305
2019-12-03 13:00:00,33.1,12,13,1,41811.71,45653.92,0.0,3918.291884615392
2019-12-03 14:00:00,33.1,12,14,1,41827.267,45353.869,164.99819999999454,4034.572500000002
2019-12-03 15:00:00,33.1,12,15,1,42284.006,45280.628,799.8198000000048,4146.04992307692
2019-12-03 16:00:00,33.1,12,16,1,43699.819,45880.023,1565.145700000001,4333.045884615385
2019-12-03 17:00:00,33.1,12,17,1,46484.13,47895.177,2035.4859,4618.017500000002
2019-12-03 18:00:00,33.1,12,18,1,47291.316,48264.1,2099.303500000002,4136.010307692297
2019-12-03 19:00:00,33.1,12,19,1,47303.041,47870.155,2438.684300000001,4206.505730769226
2019-12-03 20:00:00,32.0,12,20,1,46918.296,47171.892,2522.966399999997,4235.978730769224
2019-12-03 21:00:00,33.1,12,21,1,45769.067,45697.96,2300.7339,3974.16619230769
2019-12-03 22:00:00,32.0,12,22,1,43933.295,43584.604,1932.6281999999992,3416.005769230768
2019-12-03 23:00:00,32.0,12,23,1,42125.267,41402.209,1906.8194000000003,2885.3562307692337
2019-12-04 00:00:00,32.0,12,0,2,40937.768,39720.515,2554.3875999999946,2369.9435769230768
2019-12-04 01:00:00,30.9,12,1,2,40238.604,38490.724,2894.290999999997,2024.337192307692
2019-12-04 02:00:00,32.0,12,2,2,40113.22,37844.043,3341.738799999999,1852.1516923076847
2019-12-04 03:00:00,33.1,12,3,2,40375.429,37579.86,3741.631999999998,1713.1857692307676
2019-12-04 04:00:00,33.1,12,4,2,41250.45,38080.317,4340.338400000001,1860.093807692312
2019-12-04 05:00:00,33.1,12,5,2,43847.325,39670.662,5968.863899999997,2332.788923076914
2019-12-04 06:00:00,34.0,12,6,2,47610.684,42526.855,8087.55520000001,3283.3652692307733
2019-12-04 07:00:00,34.0,12,7,2,50640.277,44971.245,9275.230599999995,4056.461307692312
2019-12-04 08:00:00,33.1,12,8,2,51631.574,46217.015,9158.7961,4346.898192307686
2019-12-04 09:00:00,34.0,12,9,2,52163.373,46863.739,9080.073299999996,4522.971692307692
2019-12-04 10:00:00,35.1,12,10,2,52520.701,47191.561,9216.835800000008,4729.372538461546
2019-12-04 11:00:00,37.0,12,11,2,52326.644,47049.817,9236.664900000003,4725.426999999996
2019-12-04 12:00:00,39.0,12,12,2,52355.357,46854.0,9646.445300000009,4762.816423076933
2019-12-04 13:00:00,42.1,12,13,2,52286.668,46677.19,10102.833099999996,4941.561884615396
2019-12-04 14:00:00,46.0,12,14,2,52311.679,46348.207,10649.410199999991,5028.910500000005
2019-12-04 15:00:00,45.0,12,15,2,52174.64,46122.356,10690.453800000005,4987.777923076923
2019-12-04 16:00:00,46.0,12,16,2,52964.419,46586.757,10829.7457,5039.779884615382
2019-12-04 17:00:00,44.1,12,17,2,54966.47,48426.794,10517.825900000003,5149.6345
2019-12-04 18:00:00,43.0,12,18,2,55484.767,48879.615,10292.754500000005,4751.525307692296
2019-12-04 19:00:00,42.1,12,19,2,55038.068,48284.877,10173.711300000004,4621.227730769228
2019-12-04 20:00:00,41.0,12,20,2,54265.042,47424.535,9869.712399999997,4488.621730769228
2019-12-04 21:00:00,39.9,12,21,2,52525.28,46275.78,9056.946899999995,4551.98619230769
2019-12-04 22:00:00,39.0,12,22,2,50014.108,44314.82,8013.441200000001,4146.221769230768
2019-12-04 23:00:00,39.0,12,23,2,47319.91,41949.387,7101.462400000004,3432.534230769233
2019-12-05 00:00:00,37.9,12,0,3,45496.356,40051.984,7112.975599999998,2701.412576923074
2019-12-05 01:00:00,37.0,12,1,3,44338.995,38781.614,6994.682000000001,2315.2271923076914
2019-12-05 02:00:00,37.0,12,2,3,43837.663,38242.321,7066.181799999999,2250.429692307691
2019-12-05 03:00:00,36.0,12,3,3,43740.291,37934.699,7106.493999999999,2068.024769230768
2019-12-05 04:00:00,35.1,12,4,3,44566.86,38054.995,7656.748400000004,1834.771807692312
2019-12-05 05:00:00,30.9,12,5,3,46515.106,38744.03,8636.6449,1406.1569230769164
2019-12-05 06:00:00,32.0,12,6,3,50332.516,39955.028,10809.387200000012,711.5382692307685
2019-12-05 07:00:00,30.9,12,7,3,53148.367,41265.653,11783.320599999992,350.8693076923082
2019-12-05 08:00:00,30.9,12,8,3,53575.616,42756.017,11102.8381,885.9001923076867
2019-12-05 09:00:00,34.0,12,9,3,53659.694,44323.615,10576.3943,1982.8476923076887
2019-12-05 10:00:00,37.0,12,10,3,53585.095,45468.632,10281.229800000008,3006.443538461542
2019-12-05 11:00:00,39.9,12,11,3,53328.856,45692.106,10238.876900000005,3367.715999999993
2019-12-05 12:00:00,42.1,12,12,3,53115.682,44646.1,10406.770300000004,2554.916423076931
2019-12-05 13:00:00,44.1,12,13,3,52682.905,43058.998,10499.070099999995,1323.369884615393
2019-12-05 14:00:00,44.1,12,14,3,52241.739,41844.375,10579.470199999996,525.0785000000033
2019-12-05 15:00:00,44.1,12,15,3,51989.692,41048.389,10505.505800000006,0.0
2019-12-05 16:00:00,44.1,12,16,3,52726.309,41088.026,10591.6357,0.0
2019-12-05 17:00:00,43.0,12,17,3,54951.019,42130.499,10502.374900000004,0.0
2019-12-05 18:00:00,41.0,12,18,3,55640.807,42198.985,10448.794500000004,0.0
2019-12-05 19:00:00,39.9,12,19,3,55217.093,42124.654,10352.736300000004,0.0
2019-12-05 20:00:00,37.9,12,20,3,54500.021,42137.861,10104.691399999996,0.0
2019-12-05 21:00:00,37.0,12,21,3,52874.288,41627.223,9405.954899999995,0.0
2019-12-05 22:00:00,37.0,12,22,3,50363.677,40704.897,8363.010200000004,536.2987692307652
2019-12-05 23:00:00,37.0,12,23,3,47790.198,39448.967,7571.750399999997,932.114230769228
2019-12-06 00:00:00,37.0,12,0,4,45999.396,38333.135,7616.015599999999,982.5635769230794
2019-12-06 01:00:00,36.0,12,1,4,44941.366,37643.77,7597.053,1177.3831923076868
2019-12-06 02:00:00,37.0,12,2,4,44473.413,37179.131,7701.9317999999985,1187.2396923076883
2019-12-06 03:00:00,36.0,12,3,4,44508.916,37193.164,7875.118999999999,1326.489769230764
2019-12-06 04:00:00,36.0,12,4,4,45137.831,37662.427,8227.719400000002,1442.2038076923127
2019-12-06 05:00:00,37.0,12,5,4,47270.738,38793.224,9392.276899999995,1455.3509230769196
2019-12-06 06:00:00,37.9,12,6,4,50891.135,40527.282,11368.00620000001,1283.7922692307693
2019-12-06 07:00:00,37.9,12,7,4,53613.708,41997.305,12248.661599999992,1082.52130769231
2019-12-06 08:00:00,39.9,12,8,4,53823.814,42839.598,11351.036099999998,969.481192307685
2019-12-06 09:00:00,42.1,12,9,4,53107.54,43514.032,10024.240299999998,1173.26469230769
2019-12-06 10:00:00,43.0,12,10,4,52493.221,43657.324,9189.355800000005,1195.1355384615454
2019-12-06 11:00:00,45.0,12,11,4,51621.626,43440.109,8531.6469,1115.71899999999
2019-12-06 12:00:00,48.9,12,12,4,50830.479,43070.421,8121.567300000002,979.2374230769346
2019-12-06 13:00:00,46.9,12,13,4,50378.623,42666.348,8194.788099999998,930.7198846153916
2019-12-06 14:00:00,46.0,12,14,4,49821.399,42372.203,8159.130199999992,1052.9065000000046
2019-12-06 15:00:00,43.0,12,15,4,49538.365,42405.146,8054.1788000000015,1270.5679230769238
2019-12-06 16:00:00,43.0,12,16,4,50383.624,43126.066,8248.950700000001,1579.088884615383
2019-12-06 17:00:00,42.1,12,17,4,53007.752,45145.73,8559.107900000003,1868.5705000000016
2019-12-06 18:00:00,39.0,12,18,4,53911.22,45249.68,8719.207500000004,1121.590307692299
2019-12-06 19:00:00,37.0,12,19,4,53516.824,44775.559,8652.467300000004,1111.9097307692282
2019-12-06 20:00:00,33.1,12,20,4,52831.026,44157.863,8435.696399999993,1221.9497307692218
2019-12-06 21:00:00,30.9,12,21,4,51456.961,43243.407,7988.627899999999,1519.61319230769
2019-12-06 22:00:00,30.0,12,22,4,49019.36,41821.699,7018.6932000000015,1653.1007692307685
2019-12-06 23:00:00,28.9,12,23,4,46462.823,40079.932,6244.375399999997,1563.0792307692318
2019-12-07 00:00:00,28.0,12,0,5,44698.036,38570.154,6314.655599999998,1219.5825769230796
2019-12-07 01:00:00,26.1,12,1,5,43534.061,37668.3,6189.748,1201.913192307693
2019-12-07 02:00:00,27.0,12,2,5,43191.725,37159.694,6420.243799999997,1167.8026923076904
2019-12-07 03:00:00,25.0,12,3,5,43278.839,36834.308,6645.042000000001,967.6337692307644
2019-12-07 04:00:00,25.0,12,4,5,44109.767,37119.287,7199.655400000003,899.063807692306
2019-12-07 05:00:00,23.0,12,5,5,46311.785,37886.052,8433.323900000003,548.1789230769209
2019-12-07 06:00:00,23.0,12,6,5,50015.433,39160.378,10492.304200000006,0.0
2019-12-07 07:00:00,23.0,12,7,5,52811.717,41009.278,11446.67059999999,94.4943076923082
2019-12-07 08:00:00,19.9,12,8,5,52989.352,42461.201,10516.574099999998,591.0841923076878
2019-12-07 09:00:00,25.0,12,9,5,51981.613,43803.827,8898.313299999994,1463.0596923076882
2019-12-07 10:00:00,30.0,12,10,5,51060.878,44589.114,7757.012800000004,2126.9255384615462
2019-12-07 11:00:00,33.1,12,11,5,49947.471,44671.225,6857.491900000001,2346.834999999992
2019-12-07 12:00:00,37.0,12,12,5,49270.423,44397.906,6561.511300000006,2306.7224230769352
2019-12-07 13:00:00,37.9,12,13,5,48532.546,43883.72,6348.7111,2148.0918846153945
2019-12-07 14:00:00,39.9,12,14,5,47821.083,43554.227,6158.814199999993,2234.930500000002
2019-12-07 15:00:00,39.9,12,15,5,47448.422,43494.411,5964.235800000002,2359.832923076923
2019-12-07 16:00:00,39.9,12,16,5,48072.456,44276.52,5937.782699999996,2729.542884615381
2019-12-07 17:00:00,39.0,12,17,5,51233.924,45898.873,6785.279900000001,2621.713499999998
2019-12-07 18:00:00,36.0,12,18,5,52638.013,46024.873,7446.000500000002,1896.783307692298
2019-12-07 19:00:00,34.0,12,19,5,52703.458,45496.018,7839.101300000002,1832.368730769224
2019-12-07 20:00:00,33.1,12,20,5,52488.375,44757.606,8093.045399999995,1821.692730769224
2019-12-07 21:00:00,32.0,12,21,5,51235.638,43605.306,7767.3048999999955,1881.512192307688
2019-12-07 22:00:00,30.9,12,22,5,49049.168,41938.823,7048.501199999999,1770.2247692307649
2019-12-07 23:00:00,32.0,12,23,5,46616.735,39947.347,6398.287400000001,1430.494230769233
2019-12-08 00:00:00,30.9,12,0,6,44791.095,38429.528,6407.714599999999,46.1475999999966
2019-12-08 01:00:00,30.9,12,1,6,43789.226,37370.605,6444.9130000000005,26.29200000000128
2019-12-08 02:00:00,30.9,12,2,6,43176.94,36718.576,6405.4588,0.0
2019-12-08 03:00:00,30.9,12,3,6,43060.658,36431.982,6426.861000000004,0.0
2019-12-08 04:00:00,30.9,12,4,6,43675.768,36134.433,6765.6564,0.0
2019-12-08 05:00:00,30.9,12,5,6,45591.645,36652.345,7713.183899999996,0.0
2019-12-08 06:00:00,30.0,12,6,6,48970.931,37515.091,9447.802200000006,0.0
2019-12-08 07:00:00,30.0,12,7,6,51423.32,38848.291,10058.273599999991,0.0
2019-12-08 08:00:00,30.0,12,8,6,51720.436,39767.546,9247.6581,0.0
2019-12-08 09:00:00,33.1,12,9,6,51499.162,40515.264,8415.862299999993,0.0
2019-12-08 10:00:00,37.0,12,10,6,51104.462,40867.314,7800.596800000007,0.0
2019-12-08 11:00:00,42.1,12,11,6,50687.597,41267.041,7597.617900000005,0.0
2019-12-08 12:00:00,44.1,12,12,6,49834.492,41729.876,7125.580300000001,0.0
2019-12-08 13:00:00,48.0,12,13,6,49356.663,41811.71,7172.828099999999,0.0
2019-12-08 14:00:00,48.0,12,14,6,48755.066,41827.267,7092.797199999994,164.99819999999454
2019-12-08 15:00:00,50.0,12,15,6,48352.647,42284.006,6868.460800000001,799.8198000000048
2019-12-08 16:00:00,51.1,12,16,6,48749.249,43699.819,6614.575700000001,1565.145700000001
2019-12-08 17:00:00,51.1,12,17,6,50649.951,46484.13,6201.306900000003,2035.4859
2019-12-08 18:00:00,51.1,12,18,6,51079.563,47291.316,5887.550500000005,2099.303500000002
2019-12-08 19:00:00,51.1,12,19,6,50709.892,47303.041,5845.535300000003,2438.684300000001
2019-12-08 20:00:00,51.1,12,20,6,50216.206,46918.296,5820.876399999994,2522.966399999997
2019-12-08 21:00:00,52.0,12,21,6,49188.683,45769.067,5720.349899999994,2300.7339
2019-12-08 22:00:00,52.0,12,22,6,47733.521,43933.295,5732.854200000002,1932.6281999999992
2019-12-08 23:00:00,52.0,12,23,6,45587.721,42125.267,5369.273399999998,1906.8194000000003
2019-12-09 00:00:00,52.0,12,0,0,43777.106,40937.768,5393.725599999998,2554.3875999999946
2019-12-09 01:00:00,51.1,12,1,0,42677.738,40238.604,5333.424999999996,2894.290999999997
2019-12-09 02:00:00,52.0,12,2,0,42365.746,40113.22,5594.264799999997,3341.738799999999
2019-12-09 03:00:00,51.1,12,3,0,42328.163,40375.429,5694.366000000002,3741.631999999998
2019-12-09 04:00:00,50.0,12,4,0,42904.332,41250.45,5994.220400000006,4340.338400000001
2019-12-09 05:00:00,50.0,12,5,0,43852.27,43847.325,5973.808899999996,5968.863899999997
2019-12-09 06:00:00,50.0,12,6,0,45592.671,47610.684,6069.542200000011,8087.55520000001
2019-12-09 07:00:00,48.0,12,7,0,47517.817,50640.277,6152.770599999996,9275.230599999995
2019-12-09 08:00:00,48.0,12,8,0,48548.713,51631.574,6075.935100000002,9158.7961
2019-12-09 09:00:00,46.9,12,9,0,48429.706,52163.373,5346.406299999995,9080.073299999996
2019-12-09 10:00:00,48.9,12,10,0,47945.716,52520.701,4641.850800000007,9216.835800000008
2019-12-09 11:00:00,50.0,12,11,0,47013.753,52326.644,3923.7739,9236.664900000003
2019-12-09 12:00:00,50.0,12,12,0,45789.16,52355.357,3080.2483000000066,9646.445300000009
2019-12-09 13:00:00,51.1,12,13,0,44717.979,52286.668,2534.1440999999977,10102.833099999996
2019-12-09 14:00:00,52.0,12,14,0,43811.457,52311.679,2149.188199999997,10649.410199999991
2019-12-09 15:00:00,53.1,12,15,0,43661.016,52174.64,2176.829800000007,10690.453800000005
2019-12-09 16:00:00,54.0,12,16,0,44655.646,52964.419,2520.9726999999984,10829.7457
2019-12-09 17:00:00,55.0,12,17,0,47852.383,54966.47,3403.738900000004,10517.825900000003
2019-12-09 18:00:00,55.0,12,18,0,49098.694,55484.767,3906.681500000006,10292.754500000005
2019-12-09 19:00:00,55.0,12,19,0,49283.171,55038.068,4418.8143000000055,10173.711300000004
2019-12-09 20:00:00,55.0,12,20,0,49138.649,54265.042,4743.319399999993,9869.712399999997
2019-12-09 21:00:00,55.9,12,21,0,48536.805,52525.28,5068.471899999997,9056.946899999995
2019-12-09 22:00:00,55.9,12,22,0,47467.648,50014.108,5466.981200000002,8013.441200000001
2019-12-09 23:00:00,55.0,12,23,0,45787.207,47319.91,5568.759400000003,7101.462400000004
2019-12-10 00:00:00,54.0,12,0,1,44318.656,45496.356,5935.275600000001,7112.975599999998
2019-12-10 01:00:00,53.1,12,1,1,43245.119,44338.995,5900.805999999997,6994.682000000001
2019-12-10 02:00:00,50.0,12,2,1,42829.963,43837.663,6058.481800000001,7066.181799999999
2019-12-10 03:00:00,48.9,12,3,1,42626.43,43740.291,5992.633000000002,7106.493999999999
2019-12-10 04:00:00,45.0,12,4,1,42781.862,44566.86,5871.750400000004,7656.748400000004
2019-12-10 05:00:00,39.9,12,5,1,43424.278,46515.106,5545.816899999998,8636.6449
2019-12-10 06:00:00,36.0,12,6,1,44562.286,50332.516,5039.157200000009,10809.387200000012
2019-12-10 07:00:00,34.0,12,7,1,45939.918,53148.367,4574.871599999991,11783.320599999992
2019-12-10 08:00:00,32.0,12,8,1,46662.522,53575.616,4189.744099999996,11102.8381
2019-12-10 09:00:00,30.9,12,9,1,46487.847,53659.694,3404.5472999999984,10576.3943
2019-12-10 10:00:00,30.0,12,10,1,45596.629,53585.095,2292.763800000008,10281.229800000008
2019-12-10 11:00:00,28.9,12,11,1,44790.265,53328.856,1700.2859000000026,10238.876900000005
2019-12-10 12:00:00,27.0,12,12,1,44068.161,53115.682,1359.2493000000031,10406.770300000004
2019-12-10 13:00:00,26.1,12,13,1,43372.036,52682.905,1188.2010999999984,10499.070099999995
2019-12-10 14:00:00,26.1,12,14,1,43013.077,52241.739,1350.8081999999922,10579.470199999996
2019-12-10 15:00:00,27.0,12,15,1,43030.017,51989.692,1545.8308000000034,10505.505800000006
2019-12-10 16:00:00,27.0,12,16,1,44113.985,52726.309,1979.3116999999984,10591.6357
2019-12-10 17:00:00,27.0,12,17,1,47026.585,54951.019,2577.9409000000014,10502.374900000004
2019-12-10 18:00:00,27.0,12,18,1,47715.256,55640.807,2523.243500000004,10448.794500000004
2019-12-10 19:00:00,26.1,12,19,1,47549.685,55217.093,2685.328300000001,10352.736300000004
2019-12-10 20:00:00,26.1,12,20,1,46955.726,54500.021,2560.396399999998,10104.691399999996
2019-12-10 21:00:00,25.0,12,21,1,45595.453,52874.288,2127.119899999998,9405.954899999995
2019-12-10 22:00:00,24.1,12,22,1,43474.066,50363.677,1473.3991999999998,8363.010200000004
2019-12-10 23:00:00,24.1,12,23,1,41320.473,47790.198,1102.0253999999986,7571.750399999997
2019-12-11 00:00:00,23.0,12,0,2,39612.414,45999.396,1229.0335999999952,7616.015599999999
2019-12-11 01:00:00,21.9,12,1,2,38718.229,44941.366,1373.9159999999974,7597.053
2019-12-11 02:00:00,21.9,12,2,2,38191.575,44473.413,1420.093799999995,7701.9317999999985
2019-12-11 03:00:00,21.0,12,3,2,38240.289,44508.916,1606.4919999999984,7875.118999999999
2019-12-11 04:00:00,19.9,12,4,2,39080.426,45137.831,2170.314400000003,8227.719400000002
2019-12-11 05:00:00,19.9,12,5,2,41528.809,47270.738,3650.3479000000007,9392.276899999995
2019-12-11 06:00:00,19.0,12,6,2,45407.801,50891.135,5884.672200000008,11368.00620000001
2019-12-11 07:00:00,19.0,12,7,2,48445.35,53613.708,7080.303599999992,12248.661599999992
2019-12-11 08:00:00,19.0,12,8,2,49284.621,53823.814,6811.843099999998,11351.036099999998
2019-12-11 09:00:00,21.0,12,9,2,49692.573,53107.54,6609.2732999999935,10024.240299999998
2019-12-11 10:00:00,25.0,12,10,2,50009.145,52493.221,6705.279800000004,9189.355800000005
2019-12-11 11:00:00,28.0,12,11,2,49929.763,51621.626,6839.783900000002,8531.6469
2019-12-11 12:00:00,28.9,12,12,2,49740.834,50830.479,7031.922300000006,8121.567300000002
2019-12-11 13:00:00,28.9,12,13,2,49571.568,50378.623,7387.733099999998,8194.788099999998
2019-12-11 14:00:00,30.0,12,14,2,49287.065,49821.399,7624.796199999997,8159.130199999992
2019-12-11 15:00:00,30.0,12,15,2,48919.038,49538.365,7434.851800000004,8054.1788000000015
2019-12-11 16:00:00,30.9,12,16,2,49597.373,50383.624,7462.699699999997,8248.950700000001
2019-12-11 17:00:00,30.0,12,17,2,51131.442,53007.752,6682.797900000005,8559.107900000003
2019-12-11 18:00:00,28.0,12,18,2,51559.064,53911.22,6367.051500000001,8719.207500000004
2019-12-11 19:00:00,26.1,12,19,2,50800.729,53516.824,5936.372300000003,8652.467300000004
2019-12-11 20:00:00,25.0,12,20,2,49982.346,52831.026,5587.016399999993,8435.696399999993
2019-12-11 21:00:00,23.0,12,21,2,48448.864,51456.961,4980.530899999998,7988.627899999999
2019-12-11 22:00:00,23.0,12,22,2,45794.322,49019.36,3793.655200000001,7018.6932000000015
2019-12-11 23:00:00,19.9,12,23,2,43046.526,46462.823,2828.0783999999985,6244.375399999997
2019-12-12 00:00:00,21.0,12,0,3,41134.194,44698.036,2750.8136000000013,6314.655599999998
2019-12-12 01:00:00,19.0,12,1,3,39958.687,43534.061,2614.373999999996,6189.748
2019-12-12 02:00:00,19.9,12,2,3,39515.133,43191.725,2743.6518,6420.243799999997
2019-12-12 03:00:00,19.9,12,3,3,39715.723,43278.839,3081.9259999999995,6645.042000000001
2019-12-12 04:00:00,19.9,12,4,3,40776.887,44109.767,3866.775400000006,7199.655400000003
2019-12-12 05:00:00,19.9,12,5,3,43039.881,46311.785,5161.419900000001,8433.323900000003
2019-12-12 06:00:00,19.9,12,6,3,47138.339,50015.433,7615.210200000009,10492.304200000006
2019-12-12 07:00:00,21.0,12,7,3,50340.29,52811.717,8975.243599999994,11446.67059999999
2019-12-12 08:00:00,21.9,12,8,3,51294.165,52989.352,8821.3871,10516.574099999998
2019-12-12 09:00:00,25.0,12,9,3,51894.961,51981.613,8811.6613,8898.313299999994
2019-12-12 10:00:00,27.0,12,10,3,52268.917,51060.878,8965.051800000008,7757.012800000004
2019-12-12 11:00:00,30.0,12,11,3,52472.132,49947.471,9382.1529,6857.491900000001
2019-12-12 12:00:00,34.0,12,12,3,52461.361,49270.423,9752.4493,6561.511300000006
2019-12-12 13:00:00,37.0,12,13,3,52629.843,48532.546,10446.0081,6348.7111
2019-12-12 14:00:00,39.0,12,14,3,52500.63,47821.083,10838.361199999992,6158.814199999993
2019-12-12 15:00:00,41.0,12,15,3,52849.541,47448.422,11365.3548,5964.235800000002
2019-12-12 16:00:00,39.9,12,16,3,53860.074,48072.456,11725.400699999998,5937.782699999996
2019-12-12 17:00:00,37.9,12,17,3,56277.951,51233.924,11829.306900000003,6785.279900000001
2019-12-12 18:00:00,37.0,12,18,3,57221.853,52638.013,12029.840500000006,7446.000500000002
2019-12-12 19:00:00,37.0,12,19,3,57026.984,52703.458,12162.6273,7839.101300000002
2019-12-12 20:00:00,36.0,12,20,3,56645.654,52488.375,12250.324399999998,8093.045399999995
2019-12-12 21:00:00,33.1,12,21,3,55213.586,51235.638,11745.2529,7767.3048999999955
2019-12-12 22:00:00,34.0,12,22,3,52922.936,49049.168,10922.269200000002,7048.501199999999
2019-12-12 23:00:00,34.0,12,23,3,50346.928,46616.735,10128.4804,6398.287400000001
2019-12-13 00:00:00,34.0,12,0,4,48628.536,44791.095,10245.155599999998,6407.714599999999
2019-12-13 01:00:00,34.0,12,1,4,47740.399,43789.226,10396.085999999996,6444.9130000000005
2019-12-13 02:00:00,33.1,12,2,4,47428.868,43176.94,10657.3868,6405.4588
2019-12-13 03:00:00,32.0,12,3,4,47557.236,43060.658,10923.438999999998,6426.861000000004
2019-12-13 04:00:00,30.9,12,4,4,48527.706,43675.768,11617.594400000002,6765.6564
2019-12-13 05:00:00,30.9,12,5,4,50895.661,45591.645,13017.1999,7713.183899999996
2019-12-13 06:00:00,33.1,12,6,4,54906.58,48970.931,15383.45120000001,9447.802200000006
2019-12-13 07:00:00,35.1,12,7,4,57649.57,51423.32,16284.523599999991,10058.273599999991
2019-12-13 08:00:00,36.0,12,8,4,57925.234,51720.436,15452.456099999996,9247.6581
2019-12-13 09:00:00,37.9,12,9,4,56891.526,51499.162,13808.226299999997,8415.862299999993
2019-12-13 10:00:00,39.9,12,10,4,56228.833,51104.462,12924.967800000006,7800.596800000007
2019-12-13 11:00:00,41.0,12,11,4,55496.662,50687.597,12406.6829,7597.617900000005
2019-12-13 12:00:00,41.0,12,12,4,55016.758,49834.492,12307.846300000005,7125.580300000001
2019-12-13 13:00:00,43.0,12,13,4,54316.692,49356.663,12132.8571,7172.828099999999
2019-12-13 14:00:00,44.1,12,14,4,53978.768,48755.066,12316.499199999991,7092.797199999994
2019-12-13 15:00:00,45.0,12,15,4,53659.641,48352.647,12175.454800000009,6868.460800000001
2019-12-13 16:00:00,44.1,12,16,4,54552.63,48749.249,12417.956699999995,6614.575700000001
2019-12-13 17:00:00,44.1,12,17,4,57441.872,50649.951,12993.227900000004,6201.306900000003
2019-12-13 18:00:00,39.9,12,18,4,58831.571,51079.563,13639.558500000006,5887.550500000005
2019-12-13 19:00:00,41.0,12,19,4,58651.915,50709.892,13787.558300000004,5845.535300000003
2019-12-13 20:00:00,39.9,12,20,4,58211.566,50216.206,13816.236399999994,5820.876399999994
2019-12-13 21:00:00,39.9,12,21,4,57120.795,49188.683,13652.461899999997,5720.349899999994
2019-12-13 22:00:00,39.9,12,22,4,54602.468,47733.521,12601.801200000002,5732.854200000002
2019-12-13 23:00:00,39.0,12,23,4,52454.015,45587.721,12235.5674,5369.273399999998
2019-12-14 00:00:00,39.0,12,0,5,50749.637,43777.106,12366.2566,5393.725599999998
2019-12-14 01:00:00,37.9,12,1,5,49774.393,42677.738,12430.079999999994,5333.424999999996
2019-12-14 02:00:00,37.9,12,2,5,49420.52,42365.746,12649.038799999997,5594.264799999997
2019-12-14 03:00:00,37.9,12,3,5,49459.454,42328.163,12825.657,5694.366000000002
2019-12-14 04:00:00,37.9,12,4,5,50527.978,42904.332,13617.866400000006,5994.220400000006
2019-12-14 05:00:00,37.9,12,5,5,52675.073,43852.27,14796.611899999996,5973.808899999996
2019-12-14 06:00:00,37.0,12,6,5,56367.496,45592.671,16844.367200000008,6069.542200000011
2019-12-14 07:00:00,36.0,12,7,5,59048.292,47517.817,17683.245599999995,6152.770599999996
2019-12-14 08:00:00,35.1,12,8,5,58716.521,48548.713,16243.7431,6075.935100000002
2019-12-14 09:00:00,35.1,12,9,5,57246.068,48429.706,14162.768299999996,5346.406299999995
2019-12-14 10:00:00,37.0,12,10,5,55791.256,47945.716,12487.390800000008,4641.850800000007
2019-12-14 11:00:00,37.9,12,11,5,54290.179,47013.753,11200.1999,3923.7739
2019-12-14 12:00:00,39.0,12,12,5,52974.759,45789.16,10265.8473,3080.2483000000066
2019-12-14 13:00:00,39.9,12,13,5,52182.066,44717.979,9998.231099999995,2534.1440999999977
2019-12-14 14:00:00,41.0,12,14,5,51500.686,43811.457,9838.417199999996,2149.188199999997
2019-12-14 15:00:00,42.1,12,15,5,51305.138,43661.016,9820.951800000004,2176.829800000007
2019-12-14 16:00:00,42.1,12,16,5,52324.882,44655.646,10190.208699999996,2520.9726999999984
2019-12-14 17:00:00,41.0,12,17,5,55283.648,47852.383,10835.003900000003,3403.738900000004
2019-12-14 18:00:00,39.9,12,18,5,56083.81,49098.694,10891.7975,3906.681500000006
2019-12-14 19:00:00,41.0,12,19,5,55577.266,49283.171,10712.909300000008,4418.8143000000055
2019-12-14 20:00:00,41.0,12,20,5,55160.318,49138.649,10764.988399999997,4743.319399999993
2019-12-14 21:00:00,39.9,12,21,5,54003.153,48536.805,10534.819899999997,5068.471899999997
2019-12-14 22:00:00,39.9,12,22,5,51574.034,47467.648,9573.3672,5466.981200000002
2019-12-14 23:00:00,39.9,12,23,5,48784.906,45787.207,8566.458400000003,5568.759400000003
2019-12-15 00:00:00,39.0,12,0,6,46818.406,44318.656,8435.0256,5935.275600000001
2019-12-15 01:00:00,37.0,12,1,6,45709.722,43245.119,8365.409,5900.805999999997
2019-12-15 02:00:00,34.0,12,2,6,45050.365,42829.963,8278.883799999996,6058.481800000001
2019-12-15 03:00:00,32.0,12,3,6,44811.071,42626.43,8177.274000000005,5992.633000000002
2019-12-15 04:00:00,32.0,12,4,6,45222.019,42781.862,8311.907400000004,5871.750400000004
2019-12-15 05:00:00,32.0,12,5,6,47319.883,43424.278,9441.4219,5545.816899999998
2019-12-15 06:00:00,30.9,12,6,6,50602.136,44562.286,11079.007200000007,5039.157200000009
2019-12-15 07:00:00,30.0,12,7,6,53207.83,45939.918,11842.783599999995,4574.871599999991
2019-12-15 08:00:00,30.9,12,8,6,53597.308,46662.522,11124.530099999996,4189.744099999996
2019-12-15 09:00:00,30.0,12,9,6,53446.798,46487.847,10363.4983,3404.5472999999984
2019-12-15 10:00:00,30.0,12,10,6,53068.538,45596.629,9764.672800000008,2292.763800000008
2019-12-15 11:00:00,30.0,12,11,6,52341.48,44790.265,9251.500900000006,1700.2859000000026
2019-12-15 12:00:00,30.0,12,12,6,51271.213,44068.161,8562.301300000006,1359.2493000000031
2019-12-15 13:00:00,34.0,12,13,6,50585.508,43372.036,8401.6731,1188.2010999999984
2019-12-15 14:00:00,32.0,12,14,6,49791.266,43013.077,8128.997199999998,1350.8081999999922
2019-12-15 15:00:00,33.1,12,15,6,49286.412,43030.017,7802.2258,1545.8308000000034
2019-12-15 16:00:00,33.1,12,16,6,49755.072,44113.985,7620.398699999998,1979.3116999999984
2019-12-15 17:00:00,33.1,12,17,6,52018.275,47026.585,7569.630900000004,2577.9409000000014
2019-12-15 18:00:00,33.1,12,18,6,52042.104,47715.256,6850.091500000002,2523.243500000004
2019-12-15 19:00:00,33.1,12,19,6,51460.48,47549.685,6596.123300000007,2685.328300000001
2019-12-15 20:00:00,33.1,12,20,6,50705.249,46955.726,6309.919399999999,2560.396399999998
2019-12-15 21:00:00,33.1,12,21,6,49429.477,45595.453,5961.143899999996,2127.119899999998
2019-12-15 22:00:00,30.0,12,22,6,47395.372,43474.066,5394.705200000004,1473.3991999999998
2019-12-15 23:00:00,30.0,12,23,6,44939.975,41320.473,4721.527399999999,1102.0253999999986
2019-12-16 00:00:00,30.0,12,0,0,42923.894,39612.414,4540.513599999998,1229.0335999999952
2019-12-16 01:00:00,30.0,12,1,0,41524.292,38718.229,4179.978999999999,1373.9159999999974
2019-12-16 02:00:00,30.0,12,2,0,40859.205,38191.575,4087.7238,1420.093799999995
2019-12-16 03:00:00,30.0,12,3,0,40464.269,38240.289,3830.4720000000016,1606.4919999999984
2019-12-16 04:00:00,30.0,12,4,0,40657.135,39080.426,3747.0234000000055,2170.314400000003
2019-12-16 05:00:00,30.9,12,5,0,41263.774,41528.809,3385.312899999997,3650.3479000000007
2019-12-16 06:00:00,30.9,12,6,0,42616.781,45407.801,3093.652200000012,5884.672200000008
2019-12-16 07:00:00,30.9,12,7,0,44630.402,48445.35,3265.355599999996,7080.303599999992
2019-12-16 08:00:00,30.9,12,8,0,46094.631,49284.621,3621.8531,6811.843099999998
2019-12-16 09:00:00,32.0,12,9,0,47159.997,49692.573,4076.6973,6609.2732999999935
2019-12-16 10:00:00,32.0,12,10,0,47831.565,50009.145,4527.699800000009,6705.279800000004
2019-12-16 11:00:00,33.1,12,11,0,47851.714,49929.763,4761.734900000003,6839.783900000002
2019-12-16 12:00:00,33.1,12,12,0,47501.348,49740.834,4792.436300000001,7031.922300000006
2019-12-16 13:00:00,34.0,12,13,0,47142.25,49571.568,4958.415099999998,7387.733099999998
2019-12-16 14:00:00,34.0,12,14,0,46546.58,49287.065,4884.3111999999965,7624.796199999997
2019-12-16 15:00:00,34.0,12,15,0,46493.888,48919.038,5009.701800000003,7434.851800000004
2019-12-16 16:00:00,34.0,12,16,0,47175.415,49597.373,5040.741699999999,7462.699699999997
2019-12-16 17:00:00,34.0,12,17,0,49263.451,51131.442,4814.806900000003,6682.797900000005
2019-12-16 18:00:00,33.1,12,18,0,49617.091,51559.064,4425.078500000003,6367.051500000001
2019-12-16 19:00:00,33.1,12,19,0,49172.199,50800.729,4307.842300000004,5936.372300000003
2019-12-16 20:00:00,33.1,12,20,0,48598.019,49982.346,4202.689399999996,5587.016399999993
2019-12-16 21:00:00,33.1,12,21,0,47724.917,48448.864,4256.583899999998,4980.530899999998
2019-12-16 22:00:00,33.1,12,22,0,46176.531,45794.322,4175.864200000004,3793.655200000001
2019-12-16 23:00:00,33.1,12,23,0,44284.615,43046.526,4066.1674,2828.0783999999985
2019-12-17 00:00:00,33.1,12,0,1,42437.238,41134.194,4053.857599999996,2750.8136000000013
2019-12-17 01:00:00,32.0,12,1,1,41371.658,39958.687,4027.345000000001,2614.373999999996
2019-12-17 02:00:00,33.1,12,2,1,40852.079,39515.133,4080.597799999996,2743.6518
2019-12-17 03:00:00,33.1,12,3,1,40586.622,39715.723,3952.825000000005,3081.9259999999995
2019-12-17 04:00:00,33.1,12,4,1,40839.17,40776.887,3929.0584000000017,3866.775400000006
2019-12-17 05:00:00,33.1,12,5,1,41448.502,43039.881,3570.0409,5161.419900000001
2019-12-17 06:00:00,33.1,12,6,1,42801.488,47138.339,3278.3592000000062,7615.210200000009
2019-12-17 07:00:00,32.0,12,7,1,44473.256,50340.29,3108.2095999999947,8975.243599999994
2019-12-17 08:00:00,30.9,12,8,1,45750.633,51294.165,3277.8551000000007,8821.3871
2019-12-17 09:00:00,30.0,12,9,1,46638.051,51894.961,3554.7512999999963,8811.6613
2019-12-17 10:00:00,30.9,12,10,1,46837.409,52268.917,3533.5438000000067,8965.051800000008
2019-12-17 11:00:00,30.9,12,11,1,46604.274,52472.132,3514.294900000001,9382.1529
2019-12-17 12:00:00,30.0,12,12,1,46232.899,52461.361,3523.9873000000007,9752.4493
2019-12-17 13:00:00,30.9,12,13,1,45815.522,52629.843,3631.687099999996,10446.0081
2019-12-17 14:00:00,32.0,12,14,1,45696.728,52500.63,4034.4591999999975,10838.361199999992
2019-12-17 15:00:00,30.9,12,15,1,46041.993,52849.541,4557.806800000006,11365.3548
2019-12-17 16:00:00,30.0,12,16,1,47474.582,53860.074,5339.9087,11725.400699999998
2019-12-17 17:00:00,28.9,12,17,1,50428.384,56277.951,5979.7399000000005,11829.306900000003
2019-12-17 18:00:00,27.0,12,18,1,51678.305,57221.853,6486.292500000003,12029.840500000006
2019-12-17 19:00:00,25.0,12,19,1,51728.313,57026.984,6863.956300000005,12162.6273
2019-12-17 20:00:00,26.1,12,20,1,51382.107,56645.654,6986.777399999999,12250.324399999998
2019-12-17 21:00:00,25.0,12,21,1,50265.56,55213.586,6797.226899999994,11745.2529
2019-12-17 22:00:00,25.0,12,22,1,48507.333,52922.936,6506.6662,10922.269200000002
2019-12-17 23:00:00,24.1,12,23,1,46632.232,50346.928,6413.784400000004,10128.4804
2019-12-18 00:00:00,24.1,12,0,2,44875.217,48628.536,6491.836599999995,10245.155599999998
2019-12-18 01:00:00,23.0,12,1,2,43913.322,47740.399,6569.008999999998,10396.085999999996
2019-12-18 02:00:00,24.1,12,2,2,43483.385,47428.868,6711.9038,10657.3868
2019-12-18 03:00:00,24.1,12,3,2,43459.466,47557.236,6825.669000000002,10923.438999999998
2019-12-18 04:00:00,21.9,12,4,2,43952.534,48527.706,7042.422400000003,11617.594400000002
2019-12-18 05:00:00,21.0,12,5,2,46062.409,50895.661,8183.947899999999,13017.1999
2019-12-18 06:00:00,21.9,12,6,2,49679.253,54906.58,10156.124200000006,15383.45120000001
2019-12-18 07:00:00,23.0,12,7,2,52517.112,57649.57,11152.065599999994,16284.523599999991
2019-12-18 08:00:00,23.0,12,8,2,53323.41,57925.234,10850.632100000004,15452.456099999996
2019-12-18 09:00:00,24.1,12,9,2,53432.353,56891.526,10349.0533,13808.226299999997
2019-12-18 10:00:00,25.0,12,10,2,53584.838,56228.833,10280.97280000001,12924.967800000006
2019-12-18 11:00:00,27.0,12,11,2,53479.511,55496.662,10389.531900000002,12406.6829
2019-12-18 12:00:00,27.0,12,12,2,53229.656,55016.758,10520.744300000006,12307.846300000005
2019-12-18 13:00:00,28.0,12,13,2,53106.292,54316.692,10922.4571,12132.8571
2019-12-18 14:00:00,27.0,12,14,2,52930.648,53978.768,11268.379199999996,12316.499199999991
2019-12-18 15:00:00,28.0,12,15,2,52935.928,53659.641,11451.741800000003,12175.454800000009
2019-12-18 16:00:00,25.0,12,16,2,53718.166,54552.63,11583.492699999995,12417.956699999995
2019-12-18 17:00:00,24.1,12,17,2,56030.582,57441.872,11581.937900000004,12993.227900000004
2019-12-18 18:00:00,21.9,12,18,2,56382.014,58831.571,11190.001500000006,13639.558500000006
2019-12-18 19:00:00,21.0,12,19,2,55726.086,58651.915,10861.729300000006,13787.558300000004
2019-12-18 20:00:00,19.0,12,20,2,54828.568,58211.566,10433.238399999997,13816.236399999994
2019-12-18 21:00:00,19.0,12,21,2,53217.767,57120.795,9749.433899999996,13652.461899999997
2019-12-18 22:00:00,18.0,12,22,2,50625.088,54602.468,8624.421200000004,12601.801200000002
2019-12-18 23:00:00,17.1,12,23,2,47930.225,52454.015,7711.777399999999,12235.5674
2019-12-19 00:00:00,16.0,12,0,3,45792.46,50749.637,7409.079599999997,12366.2566
2019-12-19 01:00:00,16.0,12,1,3,44871.518,49774.393,7527.204999999994,12430.079999999994
2019-12-19 02:00:00,14.0,12,2,3,44172.781,49420.52,7401.299800000001,12649.038799999997
2019-12-19 03:00:00,14.0,12,3,3,44222.984,49459.454,7589.186999999998,12825.657
2019-12-19 04:00:00,14.0,12,4,3,44975.216,50527.978,8065.104400000004,13617.866400000006
2019-12-19 05:00:00,14.0,12,5,3,47064.546,52675.073,9186.084900000002,14796.611899999996
2019-12-19 06:00:00,14.0,12,6,3,50632.25,56367.496,11109.121200000009,16844.367200000008
2019-12-19 07:00:00,12.9,12,7,3,53676.769,59048.292,12311.722599999994,17683.245599999995
2019-12-19 08:00:00,12.9,12,8,3,54324.201,58716.521,11851.4231,16243.7431
2019-12-19 09:00:00,15.1,12,9,3,54279.101,57246.068,11195.8013,14162.768299999996
2019-12-19 10:00:00,18.0,12,10,3,54350.508,55791.256,11046.642800000009,12487.390800000008
2019-12-19 11:00:00,21.0,12,11,3,53981.919,54290.179,10891.939900000005,11200.1999
2019-12-19 12:00:00,24.1,12,12,3,53683.398,52974.759,10974.486300000004,10265.8473
2019-12-19 13:00:00,27.0,12,13,3,53290.575,52182.066,11106.740099999995,9998.231099999995
2019-12-19 14:00:00,28.9,12,14,3,53008.068,51500.686,11345.799199999994,9838.417199999996
2019-12-19 15:00:00,30.9,12,15,3,52868.209,51305.138,11384.022800000006,9820.951800000004
2019-12-19 16:00:00,30.9,12,16,3,53747.319,52324.882,11612.6457,10190.208699999996
2019-12-19 17:00:00,30.9,12,17,3,56537.843,55283.648,12089.198900000005,10835.003900000003
2019-12-19 18:00:00,30.0,12,18,3,57519.376,56083.81,12327.3635,10891.7975
2019-12-19 19:00:00,28.9,12,19,3,57177.237,55577.266,12312.880300000004,10712.909300000008
2019-12-19 20:00:00,28.0,12,20,3,56849.523,55160.318,12454.193399999996,10764.988399999997
2019-12-19 21:00:00,26.1,12,21,3,55618.865,54003.153,12150.531899999994,10534.819899999997
2019-12-19 22:00:00,25.0,12,22,3,53411.124,51574.034,11410.457200000004,9573.3672
2019-12-19 23:00:00,24.1,12,23,3,50980.16,48784.906,10761.712400000004,8566.458400000003
2019-12-20 00:00:00,24.1,12,0,4,49296.475,46818.406,10913.094599999997,8435.0256
2019-12-20 01:00:00,21.9,12,1,4,48393.731,45709.722,11049.417999999998,8365.409
2019-12-20 02:00:00,23.0,12,2,4,47989.282,45050.365,11217.800799999995,8278.883799999996
2019-12-20 03:00:00,21.9,12,3,4,48135.768,44811.071,11501.970999999998,8177.274000000005
2019-12-20 04:00:00,21.0,12,4,4,48995.947,45222.019,12085.835400000004,8311.907400000004
2019-12-20 05:00:00,21.0,12,5,4,51349.207,47319.883,13470.745900000002,9441.4219
2019-12-20 06:00:00,21.0,12,6,4,54848.738,50602.136,15325.609200000006,11079.007200000007
2019-12-20 07:00:00,21.0,12,7,4,57769.289,53207.83,16404.24259999999,11842.783599999995
2019-12-20 08:00:00,21.9,12,8,4,57974.298,53597.308,15501.520100000002,11124.530099999996
2019-12-20 09:00:00,25.0,12,9,4,57510.338,53446.798,14427.0383,10363.4983
2019-12-20 10:00:00,28.9,12,10,4,57245.531,53068.538,13941.66580000001,9764.672800000008
2019-12-20 11:00:00,33.1,12,11,4,56803.726,52341.48,13713.746900000006,9251.500900000006
2019-12-20 12:00:00,37.0,12,12,4,56382.159,51271.213,13673.247300000005,8562.301300000006
2019-12-20 13:00:00,39.0,12,13,4,55918.41,50585.508,13734.575100000002,8401.6731
2019-12-20 14:00:00,39.9,12,14,4,55531.875,49791.266,13869.606199999997,8128.997199999998
2019-12-20 15:00:00,41.0,12,15,4,55514.052,49286.412,14029.865800000009,7802.2258
2019-12-20 16:00:00,39.9,12,16,4,56683.802,49755.072,14549.1287,7620.398699999998
2019-12-20 17:00:00,39.0,12,17,4,59858.897,52018.275,15410.2529,7569.630900000004
2019-12-20 18:00:00,36.0,12,18,4,61197.448,52042.104,16005.4355,6850.091500000002
2019-12-20 19:00:00,33.1,12,19,4,60992.994,51460.48,16128.637300000002,6596.123300000007
2019-12-20 20:00:00,32.0,12,20,4,60582.859,50705.249,16187.529399999992,6309.919399999999
2019-12-20 21:00:00,30.0,12,21,4,59572.841,49429.477,16104.507899999997,5961.143899999996
2019-12-20 22:00:00,30.0,12,22,4,57379.269,47395.372,15378.6022,5394.705200000004
2019-12-20 23:00:00,28.9,12,23,4,54877.175,44939.975,14658.727400000003,4721.527399999999
2019-12-21 00:00:00,30.0,12,0,5,53167.198,42923.894,14783.817599999997,4540.513599999998
2019-12-21 01:00:00,28.0,12,1,5,52191.424,41524.292,14847.110999999995,4179.978999999999
2019-12-21 02:00:00,28.9,12,2,5,51931.051,40859.205,15159.569799999996,4087.7238
2019-12-21 03:00:00,27.0,12,3,5,52149.261,40464.269,15515.464,3830.4720000000016
2019-12-21 04:00:00,28.0,12,4,5,53100.718,40657.135,16190.606400000004,3747.0234000000055
2019-12-21 05:00:00,28.0,12,5,5,55427.459,41263.774,17548.997900000002,3385.312899999997
2019-12-21 06:00:00,28.0,12,6,5,59134.506,42616.781,19611.37720000001,3093.652200000012
2019-12-21 07:00:00,28.0,12,7,5,61822.878,44630.402,20457.83159999999,3265.355599999996
2019-12-21 08:00:00,30.0,12,8,5,61737.096,46094.631,19264.3181,3621.8531
2019-12-21 09:00:00,30.9,12,9,5,60200.615,47159.997,17117.315299999995,4076.6973
2019-12-21 10:00:00,33.1,12,10,5,58712.51,47831.565,15408.64480000001,4527.699800000009
2019-12-21 11:00:00,37.9,12,11,5,56938.378,47851.714,13848.3989,4761.734900000003
2019-12-21 12:00:00,44.1,12,12,5,55358.228,47501.348,12649.316300000006,4792.436300000001
2019-12-21 13:00:00,46.0,12,13,5,54149.057,47142.25,11965.2221,4958.415099999998
2019-12-21 14:00:00,46.9,12,14,5,53125.724,46546.58,11463.455199999997,4884.3111999999965
2019-12-21 15:00:00,48.0,12,15,5,52499.85,46493.888,11015.663800000002,5009.701800000003
2019-12-21 16:00:00,46.9,12,16,5,53531.379,47175.415,11396.7057,5040.741699999999
2019-12-21 17:00:00,44.1,12,17,5,56900.695,49263.451,12452.050900000002,4814.806900000003
2019-12-21 18:00:00,39.9,12,18,5,58389.354,49617.091,13197.341500000002,4425.078500000003
2019-12-21 19:00:00,36.0,12,19,5,58394.901,49172.199,13530.5443,4307.842300000004
2019-12-21 20:00:00,34.0,12,20,5,57968.522,48598.019,13573.192399999993,4202.689399999996
2019-12-21 21:00:00,30.0,12,21,5,56919.935,47724.917,13451.601899999994,4256.583899999998
2019-12-21 22:00:00,30.0,12,22,5,54686.119,46176.531,12685.4522,4175.864200000004
2019-12-21 23:00:00,28.9,12,23,5,52014.581,44284.615,11796.1334,4066.1674
2019-12-22 00:00:00,28.9,12,0,6,50069.954,42437.238,11686.573599999996,4053.857599999996
2019-12-22 01:00:00,28.0,12,1,6,49051.876,41371.658,11707.562999999996,4027.345000000001
2019-12-22 02:00:00,26.1,12,2,6,48823.97,40852.079,12052.4888,4080.597799999996
2019-12-22 03:00:00,26.1,12,3,6,48911.96,40586.622,12278.163,3952.825000000005
2019-12-22 04:00:00,26.1,12,4,6,49894.426,40839.17,12984.314400000005,3929.0584000000017
2019-12-22 05:00:00,26.1,12,5,6,52058.267,41448.502,14179.8059,3570.0409
2019-12-22 06:00:00,27.0,12,6,6,55570.141,42801.488,16047.012200000012,3278.3592000000062
2019-12-22 07:00:00,26.1,12,7,6,58648.443,44473.256,17283.396599999993,3108.2095999999947
2019-12-22 08:00:00,26.1,12,8,6,58655.88,45750.633,16183.102099999996,3277.8551000000007
2019-12-22 09:00:00,27.0,12,9,6,57130.258,46638.051,14046.958299999998,3554.7512999999963
2019-12-22 10:00:00,34.0,12,10,6,54965.162,46837.409,11661.296800000004,3533.5438000000067
2019-12-22 11:00:00,39.0,12,11,6,53137.677,46604.274,10047.697900000006,3514.294900000001
2019-12-22 12:00:00,42.1,12,12,6,51467.747,46232.899,8758.835300000006,3523.9873000000007
2019-12-22 13:00:00,46.9,12,13,6,50373.283,45815.522,8189.448100000001,3631.687099999996
2019-12-22 14:00:00,48.0,12,14,6,49628.59,45696.728,7966.321199999991,4034.4591999999975
2019-12-22 15:00:00,48.9,12,15,6,49332.489,46041.993,7848.302800000005,4557.806800000006
2019-12-22 16:00:00,48.9,12,16,6,50070.471,47474.582,7935.7976999999955,5339.9087
2019-12-22 17:00:00,46.0,12,17,6,52995.318,50428.384,8546.673900000002,5979.7399000000005
2019-12-22 18:00:00,43.0,12,18,6,53980.991,51678.305,8788.978500000005,6486.292500000003
2019-12-22 19:00:00,37.9,12,19,6,53647.375,51728.313,8783.018300000003,6863.956300000005
2019-12-22 20:00:00,35.1,12,20,6,53079.924,51382.107,8684.594399999994,6986.777399999999
2019-12-22 21:00:00,33.1,12,21,6,52282.374,50265.56,8814.0409,6797.226899999994
2019-12-22 22:00:00,32.0,12,22,6,50618.88,48507.333,8618.213199999998,6506.6662
2019-12-22 23:00:00,28.0,12,23,6,48292.907,46632.232,8074.4594,6413.784400000004
2019-12-23 00:00:00,30.0,12,0,0,46209.618,44875.217,7826.2376,6491.836599999995
2019-12-23 01:00:00,28.0,12,1,0,45012.996,43913.322,7668.682999999997,6569.008999999998
2019-12-23 02:00:00,28.0,12,2,0,44448.362,43483.385,7676.880799999999,6711.9038
2019-12-23 03:00:00,27.0,12,3,0,44094.128,43459.466,7460.330999999998,6825.669000000002
2019-12-23 04:00:00,27.0,12,4,0,44357.574,43952.534,7447.462400000004,7042.422400000003
2019-12-23 05:00:00,25.0,12,5,0,44951.863,46062.409,7073.401899999997,8183.947899999999
2019-12-23 06:00:00,26.1,12,6,0,46499.268,49679.253,6976.139200000005,10156.124200000006
2019-12-23 07:00:00,27.0,12,7,0,48342.752,52517.112,6977.705599999994,11152.065599999994
2019-12-23 08:00:00,26.1,12,8,0,49623.94,53323.41,7151.162100000001,10850.632100000004
2019-12-23 09:00:00,28.0,12,9,0,49967.333,53432.353,6884.033299999996,10349.0533
2019-12-23 10:00:00,36.0,12,10,0,49070.059,53584.838,5766.193800000008,10280.97280000001
2019-12-23 11:00:00,43.0,12,11,0,47609.257,53479.511,4519.277900000001,10389.531900000002
2019-12-23 12:00:00,48.0,12,12,0,45898.598,53229.656,3189.686300000001,10520.744300000006
2019-12-23 13:00:00,52.0,12,13,0,44725.599,53106.292,2541.7641000000003,10922.4571
2019-12-23 14:00:00,55.9,12,14,0,43523.552,52930.648,1861.283199999998,11268.379199999996
2019-12-23 15:00:00,57.0,12,15,0,43206.857,52935.928,1722.6708000000071,11451.741800000003
2019-12-23 16:00:00,57.0,12,16,0,44052.287,53718.166,1917.6136999999944,11583.492699999995
2019-12-23 17:00:00,53.1,12,17,0,47063.737,56030.582,2615.092900000004,11581.937900000004
2019-12-23 18:00:00,48.0,12,18,0,48506.697,56382.014,3314.684500000003,11190.001500000006
2019-12-23 19:00:00,43.0,12,19,0,48819.118,55726.086,3954.7613000000056,10861.729300000006
2019-12-23 20:00:00,39.9,12,20,0,48846.359,54828.568,4451.029399999992,10433.238399999997
2019-12-23 21:00:00,37.0,12,21,0,48385.228,53217.767,4916.894899999999,9749.433899999996
2019-12-23 22:00:00,35.1,12,22,0,47207.836,50625.088,5207.169200000004,8624.421200000004
2019-12-23 23:00:00,35.1,12,23,0,45619.217,47930.225,5400.769399999997,7711.777399999999
2019-12-24 00:00:00,33.1,12,0,1,44379.946,45792.46,5996.565600000002,7409.079599999997
2019-12-24 01:00:00,30.9,12,1,1,43245.248,44871.518,5900.934999999998,7527.204999999994
2019-12-24 02:00:00,30.9,12,2,1,42785.895,44172.781,6014.413799999995,7401.299800000001
2019-12-24 03:00:00,30.0,12,3,1,42727.908,44222.984,6094.111000000004,7589.186999999998
2019-12-24 04:00:00,28.9,12,4,1,42888.466,44975.216,5978.354400000004,8065.104400000004
2019-12-24 05:00:00,28.9,12,5,1,43752.153,47064.546,5873.691899999998,9186.084900000002
2019-12-24 06:00:00,28.0,12,6,1,44885.526,50632.25,5362.397200000007,11109.121200000009
2019-12-24 07:00:00,28.0,12,7,1,46684.321,53676.769,5319.274599999997,12311.722599999994
2019-12-24 08:00:00,28.0,12,8,1,47514.034,54324.201,5041.256099999999,11851.4231
2019-12-24 09:00:00,28.9,12,9,1,47199.158,54279.101,4115.8583,11195.8013
2019-12-24 10:00:00,30.0,12,10,1,45937.071,54350.508,2633.20580000001,11046.642800000009
2019-12-24 11:00:00,33.1,12,11,1,44702.221,53981.919,1612.241900000001,10891.939900000005
2019-12-24 12:00:00,35.1,12,12,1,43587.305,53683.398,878.3933000000034,10974.486300000004
2019-12-24 13:00:00,43.0,12,13,1,42721.968,53290.575,538.1330999999991,11106.740099999995
2019-12-24 14:00:00,48.0,12,14,1,41913.224,53008.068,250.9551999999967,11345.799199999994
2019-12-24 15:00:00,48.9,12,15,1,41641.12,52868.209,156.93380000000616,11384.022800000006
2019-12-24 16:00:00,50.0,12,16,1,42613.918,53747.319,479.2446999999957,11612.6457
2019-12-24 17:00:00,48.0,12,17,1,45710.242,56537.843,1261.597900000001,12089.198900000005
2019-12-24 18:00:00,43.0,12,18,1,47281.043,57519.376,2089.0305000000008,12327.3635
2019-12-24 19:00:00,37.9,12,19,1,47447.539,57177.237,2583.1823000000004,12312.880300000004
2019-12-24 20:00:00,36.0,12,20,1,47441.426,56849.523,3046.096399999995,12454.193399999996
2019-12-24 21:00:00,30.9,12,21,1,46834.004,55618.865,3365.6708999999973,12150.531899999994
2019-12-24 22:00:00,32.0,12,22,1,45438.843,53411.124,3438.1762000000017,11410.457200000004
2019-12-24 23:00:00,33.1,12,23,1,43604.119,50980.16,3385.6714,10761.712400000004
2019-12-25 00:00:00,32.0,12,0,2,42081.876,49296.475,3698.4955999999934,10913.094599999997
2019-12-25 01:00:00,30.9,12,1,2,41268.521,48393.731,3924.207999999999,11049.417999999998
2019-12-25 02:00:00,30.0,12,2,2,40948.786,47989.282,4177.304799999998,11217.800799999995
2019-12-25 03:00:00,28.9,12,3,2,41154.453,48135.768,4520.656000000003,11501.970999999998
2019-12-25 04:00:00,30.0,12,4,2,41915.543,48995.947,5005.431400000001,12085.835400000004
2019-12-25 05:00:00,28.0,12,5,2,43705.556,51349.207,5827.094899999996,13470.745900000002
2019-12-25 06:00:00,27.0,12,6,2,46501.574,54848.738,6978.445200000009,15325.609200000006
2019-12-25 07:00:00,28.0,12,7,2,49153.139,57769.289,7788.092599999996,16404.24259999999
2019-12-25 08:00:00,28.0,12,8,2,49893.638,57974.298,7420.860099999998,15501.520100000002
2019-12-25 09:00:00,30.0,12,9,2,49762.035,57510.338,6678.7353,14427.0383
2019-12-25 10:00:00,36.0,12,10,2,48675.415,57245.531,5371.549800000008,13941.66580000001
2019-12-25 11:00:00,42.1,12,11,2,47181.756,56803.726,4091.776900000005,13713.746900000006
2019-12-25 12:00:00,46.9,12,12,2,45712.635,56382.159,3003.723300000005,13673.247300000005
2019-12-25 13:00:00,51.1,12,13,2,44656.086,55918.41,2472.2511000000013,13734.575100000002
2019-12-25 14:00:00,53.1,12,14,2,43756.141,55531.875,2093.872199999998,13869.606199999997
2019-12-25 15:00:00,55.0,12,15,2,43192.264,55514.052,1708.0778000000064,14029.865800000009
2019-12-25 16:00:00,55.0,12,16,2,43579.16,56683.802,1444.4867000000013,14549.1287
2019-12-25 17:00:00,53.1,12,17,2,46287.925,59858.897,1839.2809000000047,15410.2529
2019-12-25 18:00:00,48.9,12,18,2,47798.561,61197.448,2606.5485000000044,16005.4355
2019-12-25 19:00:00,50.0,12,19,2,47561.043,60992.994,2696.686300000001,16128.637300000002
2019-12-25 20:00:00,46.0,12,20,2,47285.242,60582.859,2889.912399999994,16187.529399999992
2019-12-25 21:00:00,43.0,12,21,2,46647.945,59572.841,3179.611899999996,16104.507899999997
2019-12-25 22:00:00,42.1,12,22,2,45085.913,57379.269,3085.2462000000014,15378.6022
2019-12-25 23:00:00,39.0,12,23,2,42862.391,54877.175,2643.943400000004,14658.727400000003
2019-12-26 00:00:00,37.9,12,0,3,41159.155,53167.198,2775.774599999997,14783.817599999997
2019-12-26 01:00:00,37.0,12,1,3,40140.527,52191.424,2796.214,14847.110999999995
2019-12-26 02:00:00,37.0,12,2,3,39606.109,51931.051,2834.6277999999947,15159.569799999996
2019-12-26 03:00:00,35.1,12,3,3,39512.655,52149.261,2878.858,15515.464
2019-12-26 04:00:00,35.1,12,4,3,39939.7,53100.718,3029.5884000000005,16190.606400000004
2019-12-26 05:00:00,36.0,12,5,3,41071.839,55427.459,3193.3778999999995,17548.997900000002
2019-12-26 06:00:00,37.0,12,6,3,43021.278,59134.506,3498.149200000007,19611.37720000001
2019-12-26 07:00:00,37.0,12,7,3,44927.536,61822.878,3562.489599999993,20457.83159999999
2019-12-26 08:00:00,39.9,12,8,3,45984.313,61737.096,3511.535100000001,19264.3181
2019-12-26 09:00:00,42.1,12,9,3,46287.687,60200.615,3204.387299999995,17117.315299999995
2019-12-26 10:00:00,48.9,12,10,3,45540.017,58712.51,2236.151800000007,15408.64480000001
2019-12-26 11:00:00,55.0,12,11,3,44292.715,56938.378,1202.7358999999997,13848.3989
2019-12-26 12:00:00,57.0,12,12,3,42886.066,55358.228,177.15430000000197,12649.316300000006
2019-12-26 13:00:00,57.9,12,13,3,41790.631,54149.057,0.0,11965.2221
2019-12-26 14:00:00,59.0,12,14,3,40910.986,53125.724,0.0,11463.455199999997
2019-12-26 15:00:00,60.1,12,15,3,40292.899,52499.85,0.0,11015.663800000002
2019-12-26 16:00:00,60.1,12,16,3,40539.044,53531.379,0.0,11396.7057
2019-12-26 17:00:00,57.9,12,17,3,42617.995,56900.695,0.0,12452.050900000002
2019-12-26 18:00:00,57.9,12,18,3,43009.022,58389.354,0.0,13197.341500000002
2019-12-26 19:00:00,57.0,12,19,3,42521.702,58394.901,0.0,13530.5443
2019-12-26 20:00:00,57.0,12,20,3,42381.205,57968.522,0.0,13573.192399999993
2019-12-26 21:00:00,55.9,12,21,3,42197.353,56919.935,0.0,13451.601899999994
2019-12-26 22:00:00,55.0,12,22,3,41556.164,54686.119,0.0,12685.4522
2019-12-26 23:00:00,55.9,12,23,3,40399.011,52014.581,180.5633999999991,11796.1334
2019-12-27 00:00:00,55.0,12,0,4,39116.345,50069.954,732.9645999999993,11686.573599999996
2019-12-27 01:00:00,54.0,12,1,4,38238.28,49051.876,893.9669999999969,11707.562999999996
2019-12-27 02:00:00,55.0,12,2,4,37838.41,48823.97,1066.9288000000015,12052.4888
2019-12-27 03:00:00,53.1,12,3,4,37894.637,48911.96,1260.8400000000038,12278.163
2019-12-27 04:00:00,55.0,12,4,4,38319.349,49894.426,1409.2374000000054,12984.314400000005
2019-12-27 05:00:00,55.0,12,5,4,39240.724,52058.267,1362.2629000000015,14179.8059
2019-12-27 06:00:00,54.0,12,6,4,40595.935,55570.141,1072.8062000000064,16047.012200000012
2019-12-27 07:00:00,54.0,12,7,4,42184.854,58648.443,819.8075999999928,17283.396599999993
2019-12-27 08:00:00,52.0,12,8,4,43013.577,58655.88,540.7990999999965,16183.102099999996
2019-12-27 09:00:00,54.0,12,9,4,42770.16,57130.258,0.0,14046.958299999998
2019-12-27 10:00:00,55.0,12,10,4,41616.523,54965.162,0.0,11661.296800000004
2019-12-27 11:00:00,55.9,12,11,4,40299.729,53137.677,0.0,10047.697900000006
2019-12-27 12:00:00,57.9,12,12,4,38923.708,51467.747,0.0,8758.835300000006
2019-12-27 13:00:00,59.0,12,13,4,37567.126,50373.283,0.0,8189.448100000001
2019-12-27 14:00:00,59.0,12,14,4,36533.006,49628.59,0.0,7966.321199999991
2019-12-27 15:00:00,59.0,12,15,4,36032.114,49332.489,0.0,7848.302800000005
2019-12-27 16:00:00,57.0,12,16,4,36305.834,50070.471,0.0,7935.7976999999955
2019-12-27 17:00:00,54.0,12,17,4,38547.27,52995.318,0.0,8546.673900000002
2019-12-27 18:00:00,52.0,12,18,4,39754.684,53980.991,0.0,8788.978500000005
2019-12-27 19:00:00,48.0,12,19,4,39976.703,53647.375,0.0,8783.018300000003
2019-12-27 20:00:00,45.0,12,20,4,40079.297,53079.924,0.0,8684.594399999994
2019-12-27 21:00:00,42.1,12,21,4,39795.102,52282.374,0.0,8814.0409
2019-12-27 22:00:00,39.9,12,22,4,38897.498,50618.88,0.0,8618.213199999998
2019-12-27 23:00:00,39.9,12,23,4,37549.504,48292.907,0.0,8074.4594
2019-12-28 00:00:00,39.9,12,0,5,36491.047,46209.618,0.0,7826.2376
2019-12-28 01:00:00,39.0,12,1,5,35778.488,45012.996,0.0,7668.682999999997
2019-12-28 02:00:00,37.9,12,2,5,35528.587,44448.362,0.0,7676.880799999999
2019-12-28 03:00:00,37.9,12,3,5,35673.259,44094.128,0.0,7460.330999999998
2019-12-28 04:00:00,37.0,12,4,5,36430.837,44357.574,0.0,7447.462400000004
2019-12-28 05:00:00,37.0,12,5,5,38153.457,44951.863,274.9959000000017,7073.401899999997
2019-12-28 06:00:00,37.0,12,6,5,40810.513,46499.268,1287.3842000000077,6976.139200000005
2019-12-28 07:00:00,37.0,12,7,5,43475.099,48342.752,2110.0525999999954,6977.705599999994
2019-12-28 08:00:00,37.0,12,8,5,44557.475,49623.94,2084.6970999999976,7151.162100000001
2019-12-28 09:00:00,37.0,12,9,5,44673.767,49967.333,1590.4672999999966,6884.033299999996
2019-12-28 10:00:00,39.0,12,10,5,44378.799,49070.059,1074.9338000000062,5766.193800000008
2019-12-28 11:00:00,39.9,12,11,5,43748.136,47609.257,658.1569000000018,4519.277900000001
2019-12-28 12:00:00,42.1,12,12,5,43174.104,45898.598,465.1923000000024,3189.686300000001
2019-12-28 13:00:00,44.1,12,13,5,42534.873,44725.599,351.03809999999794,2541.7641000000003
2019-12-28 14:00:00,46.0,12,14,5,42017.757,43523.552,355.4881999999925,1861.283199999998
2019-12-28 15:00:00,46.9,12,15,5,41478.61,43206.857,0.0,1722.6708000000071
2019-12-28 16:00:00,46.9,12,16,5,41840.917,44052.287,0.0,1917.6136999999944
2019-12-28 17:00:00,46.9,12,17,5,44195.091,47063.737,0.0,2615.092900000004
2019-12-28 18:00:00,46.0,12,18,5,45189.181,48506.697,0.0,3314.684500000003
2019-12-28 19:00:00,46.9,12,19,5,44785.582,48819.118,0.0,3954.7613000000056
2019-12-28 20:00:00,46.0,12,20,5,44224.775,48846.359,0.0,4451.029399999992
2019-12-28 21:00:00,46.9,12,21,5,43108.161,48385.228,0.0,4916.894899999999
2019-12-28 22:00:00,46.9,12,22,5,41328.664,47207.836,0.0,5207.169200000004
2019-12-28 23:00:00,46.9,12,23,5,39183.638,45619.217,0.0,5400.769399999997
2019-12-29 00:00:00,48.0,12,0,6,37570.278,44379.946,0.0,5996.565600000002
2019-12-29 01:00:00,48.0,12,1,6,36487.534,43245.248,0.0,5900.934999999998
2019-12-29 02:00:00,48.0,12,2,6,35904.258,42785.895,0.0,6014.413799999995
2019-12-29 03:00:00,48.9,12,3,6,35803.021,42727.908,0.0,6094.111000000004
2019-12-29 04:00:00,50.0,12,4,6,36309.07,42888.466,0.0,5978.354400000004
2019-12-29 05:00:00,50.0,12,5,6,37669.784,43752.153,0.0,5873.691899999998
2019-12-29 06:00:00,48.9,12,6,6,40120.367,44885.526,597.238200000007,5362.397200000007
2019-12-29 07:00:00,50.0,12,7,6,42608.696,46684.321,1243.649599999997,5319.274599999997
2019-12-29 08:00:00,50.0,12,8,6,43848.513,47514.034,1375.735099999998,5041.256099999999
2019-12-29 09:00:00,51.1,12,9,6,44456.659,47199.158,1373.3592999999964,4115.8583
2019-12-29 10:00:00,53.1,12,10,6,44904.976,45937.071,1601.1108000000097,2633.20580000001
2019-12-29 11:00:00,54.0,12,11,6,44825.465,44702.221,1735.4858999999997,1612.241900000001
2019-12-29 12:00:00,55.9,12,12,6,44548.252,43587.305,1839.340300000004,878.3933000000034
2019-12-29 13:00:00,55.9,12,13,6,43980.109,42721.968,1796.274099999995,538.1330999999991
2019-12-29 14:00:00,57.0,12,14,6,43360.303,41913.224,1698.0341999999946,250.9551999999967
2019-12-29 15:00:00,57.0,12,15,6,42851.782,41641.12,1367.5958000000028,156.93380000000616
2019-12-29 16:00:00,57.0,12,16,6,43081.308,42613.918,946.6346999999952,479.2446999999957
2019-12-29 17:00:00,57.0,12,17,6,45246.727,45710.242,798.0829000000012,1261.597900000001
2019-12-29 18:00:00,55.9,12,18,6,45924.74,47281.043,732.7275000000009,2089.0305000000008
2019-12-29 19:00:00,55.9,12,19,6,45542.888,47447.539,678.5313000000024,2583.1823000000004
2019-12-29 20:00:00,55.9,12,20,6,45047.261,47441.426,651.931399999994,3046.096399999995
2019-12-29 21:00:00,55.0,12,21,6,44043.589,46834.004,575.2558999999965,3365.6708999999973
2019-12-29 22:00:00,55.0,12,22,6,42431.851,45438.843,431.1842000000033,3438.1762000000017
2019-12-29 23:00:00,54.0,12,23,6,40585.626,43604.119,367.17839999999705,3385.6714
2019-12-30 00:00:00,54.0,12,0,0,38937.019,42081.876,553.6385999999984,3698.4955999999934
2019-12-30 01:00:00,54.0,12,1,0,37769.556,41268.521,425.2429999999949,3924.207999999999
2019-12-30 02:00:00,55.0,12,2,0,37088.226,40948.786,316.7448000000004,4177.304799999998
2019-12-30 03:00:00,55.0,12,3,0,36964.271,41154.453,330.474000000002,4520.656000000003
2019-12-30 04:00:00,55.9,12,4,0,37303.656,41915.543,393.5444000000061,5005.431400000001
2019-12-30 05:00:00,57.0,12,5,0,37957.107,43705.556,78.64590000000317,5827.094899999996
2019-12-30 06:00:00,50.0,12,6,0,39318.779,46501.574,0.0,6978.445200000009
2019-12-30 07:00:00,50.0,12,7,0,40855.804,49153.139,0.0,7788.092599999996
2019-12-30 08:00:00,50.0,12,8,0,42025.776,49893.638,0.0,7420.860099999998
2019-12-30 09:00:00,46.0,12,9,0,42964.193,49762.035,0.0,6678.7353
2019-12-30 10:00:00,46.0,12,10,0,43366.272,48675.415,62.406800000004296,5371.549800000008
2019-12-30 11:00:00,44.1,12,11,0,43075.842,47181.756,0.0,4091.776900000005
2019-12-30 12:00:00,44.1,12,12,0,42486.213,45712.635,0.0,3003.723300000005
2019-12-30 13:00:00,43.0,12,13,0,41655.568,44656.086,0.0,2472.2511000000013
2019-12-30 14:00:00,42.1,12,14,0,40849.916,43756.141,0.0,2093.872199999998
2019-12-30 15:00:00,41.0,12,15,0,40662.427,43192.264,0.0,1708.0778000000064
2019-12-30 16:00:00,39.9,12,16,0,41209.044,43579.16,0.0,1444.4867000000013
2019-12-30 17:00:00,39.9,12,17,0,43469.906,46287.925,0.0,1839.2809000000047
2019-12-30 18:00:00,39.0,12,18,0,44094.993,47798.561,0.0,2606.5485000000044
2019-12-30 19:00:00,37.9,12,19,0,43799.591,47561.043,0.0,2696.686300000001
2019-12-30 20:00:00,39.0,12,20,0,43255.5,47285.242,0.0,2889.912399999994
2019-12-30 21:00:00,39.0,12,21,0,42145.828,46647.945,0.0,3179.611899999996
2019-12-30 22:00:00,36.0,12,22,0,40907.799,45085.913,0.0,3085.2462000000014
2019-12-30 23:00:00,37.0,12,23,0,39091.58,42862.391,0.0,2643.943400000004
2019-12-31 00:00:00,37.0,12,0,1,37602.863,41159.155,0.0,2775.774599999997
2019-12-31 01:00:00,37.0,12,1,1,36233.602,40140.527,0.0,2796.214
2019-12-31 02:00:00,37.0,12,2,1,35469.768,39606.109,0.0,2834.6277999999947
2019-12-31 03:00:00,37.0,12,3,1,35102.214,39512.655,0.0,2878.858
2019-12-31 04:00:00,37.0,12,4,1,35058.367,39939.7,0.0,3029.5884000000005
2019-12-31 05:00:00,37.0,12,5,1,35510.591,41071.839,0.0,3193.3778999999995
2019-12-31 06:00:00,37.0,12,6,1,36239.085,43021.278,0.0,3498.149200000007
2019-12-31 07:00:00,37.0,12,7,1,37400.601,44927.536,0.0,3562.489599999993
2019-12-31 08:00:00,37.0,12,8,1,38465.52,45984.313,0.0,3511.535100000001
2019-12-31 09:00:00,37.0,12,9,1,39400.867,46287.687,0.0,3204.387299999995
2019-12-31 10:00:00,36.0,12,10,1,40013.141,45540.017,0.0,2236.151800000007
2019-12-31 11:00:00,36.0,12,11,1,40422.812,44292.715,0.0,1202.7358999999997
2019-12-31 12:00:00,35.1,12,12,1,40609.486,42886.066,0.0,177.15430000000197
2019-12-31 13:00:00,33.1,12,13,1,40581.635,41790.631,0.0,0.0
2019-12-31 14:00:00,34.0,12,14,1,40247.959,40910.986,0.0,0.0
2019-12-31 15:00:00,34.0,12,15,1,40269.131,40292.899,0.0,0.0
2019-12-31 16:00:00,33.1,12,16,1,40927.98,40539.044,0.0,0.0
2019-12-31 17:00:00,33.1,12,17,1,42819.961,42617.995,0.0,0.0
2019-12-31 18:00:00,33.1,12,18,1,43452.31,43009.022,0.0,0.0
2019-12-31 19:00:00,33.1,12,19,1,42981.431,42521.702,0.0,0.0
2019-12-31 20:00:00,33.1,12,20,1,42260.559,42381.205,0.0,0.0
2019-12-31 21:00:00,34.0,12,21,1,41074.417,42197.353,0.0,0.0
2019-12-31 22:00:00,34.0,12,22,1,39600.208,41556.164,0.0,0.0
2019-12-31 23:00:00,33.1,12,23,1,37687.068,40399.011,0.0,180.5633999999991
2020-01-01 00:00:00,33.1,1,0,2,36074.421,39116.345,0.0,732.9645999999993
2020-01-01 01:00:00,33.1,1,1,2,35213.244,38238.28,0.0,893.9669999999969
2020-01-01 02:00:00,33.1,1,2,2,34665.909,37838.41,0.0,1066.9288000000015
2020-01-01 03:00:00,33.1,1,3,2,34568.761,37894.637,0.0,1260.8400000000038
2020-01-01 04:00:00,33.1,1,4,2,34841.206,38319.349,0.0,1409.2374000000054
2020-01-01 05:00:00,32.0,1,5,2,36482.841,39240.724,0.0,1362.2629000000015
2020-01-01 06:00:00,32.0,1,6,2,39240.616,40595.935,0.0,1072.8062000000064
2020-01-01 07:00:00,32.0,1,7,2,42028.446,42184.854,663.399599999997,819.8075999999928
2020-01-01 08:00:00,33.1,1,8,2,43418.65,43013.577,945.8721000000004,540.7990999999965
2020-01-01 09:00:00,34.0,1,9,2,44310.284,42770.16,1226.9842999999964,0.0
2020-01-01 10:00:00,35.1,1,10,2,45543.484,41616.523,2239.618800000004,0.0
2020-01-01 11:00:00,36.0,1,11,2,46031.536,40299.729,2941.556900000003,0.0
2020-01-01 12:00:00,37.0,1,12,2,46332.251,38923.708,3623.3393,0.0
2020-01-01 13:00:00,39.0,1,13,2,46375.399,37567.126,4191.564099999996,0.0
2020-01-01 14:00:00,39.9,1,14,2,46237.447,36533.006,4575.178199999995,0.0
2020-01-01 15:00:00,43.0,1,15,2,46348.561,36032.114,4864.374800000005,0.0
2020-01-01 16:00:00,44.1,1,16,2,47007.823,36305.834,4873.1496999999945,0.0
2020-01-01 17:00:00,43.0,1,17,2,49046.611,38547.27,4597.966899999999,0.0
2020-01-01 18:00:00,39.9,1,18,2,49664.699,39754.684,4472.686500000003,0.0
2020-01-01 19:00:00,37.9,1,19,2,49037.954,39976.703,4173.597300000001,0.0
2020-01-01 20:00:00,37.9,1,20,2,48438.677,40079.297,4043.347399999999,0.0
2020-01-01 21:00:00,37.0,1,21,2,47229.754,39795.102,3761.420899999997,0.0
2020-01-01 22:00:00,37.0,1,22,2,45404.894,38897.498,3404.227200000001,0.0
2020-01-01 23:00:00,35.1,1,23,2,43190.705,37549.504,2972.2574000000022,0.0
2020-01-02 00:00:00,36.0,1,0,3,41389.725,36491.047,3006.3445999999967,0.0
2020-01-02 01:00:00,36.0,1,1,3,40352.055,35778.488,3007.7419999999984,0.0
2020-01-02 02:00:00,36.0,1,2,3,39957.889,35528.587,3186.407800000001,0.0
2020-01-02 03:00:00,36.0,1,3,3,39868.753,35673.259,3234.9559999999983,0.0
2020-01-02 04:00:00,36.0,1,4,3,40213.788,36430.837,3303.676400000004,0.0
2020-01-02 05:00:00,35.1,1,5,3,41769.359,38153.457,3890.897899999996,274.9959000000017
2020-01-02 06:00:00,36.0,1,6,3,44141.489,40810.513,4618.36020000001,1287.3842000000077
2020-01-02 07:00:00,35.1,1,7,3,46249.32,43475.099,4884.273599999993,2110.0525999999954
2020-01-02 08:00:00,37.0,1,8,3,47338.077,44557.475,4865.2990999999965,2084.6970999999976
2020-01-02 09:00:00,37.9,1,9,3,48396.876,44673.767,5313.576299999993,1590.4672999999966
2020-01-02 10:00:00,41.0,1,10,3,49137.051,44378.799,5833.185800000007,1074.9338000000062
2020-01-02 11:00:00,42.1,1,11,3,49411.657,43748.136,6321.677900000002,658.1569000000018
2020-01-02 12:00:00,44.1,1,12,3,49226.519,43174.104,6517.607300000003,465.1923000000024
2020-01-02 13:00:00,46.9,1,13,3,48955.242,42534.873,6771.407099999997,351.03809999999794
2020-01-02 14:00:00,48.0,1,14,3,48662.697,42017.757,7000.428199999995,355.4881999999925
2020-01-02 15:00:00,48.0,1,15,3,48327.666,41478.61,6843.479800000001,0.0
2020-01-02 16:00:00,48.0,1,16,3,48718.695,41840.917,6584.0216999999975,0.0
2020-01-02 17:00:00,46.9,1,17,3,50401.116,44195.091,5952.471900000004,0.0
2020-01-02 18:00:00,48.0,1,18,3,50555.839,45189.181,5363.826500000003,0.0
2020-01-02 19:00:00,48.0,1,19,3,49258.613,44785.582,4394.256300000001,0.0
2020-01-02 20:00:00,46.9,1,20,3,47886.874,44224.775,3491.544399999999,0.0
2020-01-02 21:00:00,46.9,1,21,3,46582.286,43108.161,3113.9528999999966,0.0
2020-01-02 22:00:00,46.9,1,22,3,45132.982,41328.664,3132.315200000005,0.0
2020-01-02 23:00:00,48.0,1,23,3,43501.529,39183.638,3283.0814000000028,0.0
2020-01-03 00:00:00,48.9,1,0,4,42342.635,37570.278,169.56522222222702,0.0
2020-01-03 01:00:00,48.9,1,1,4,41442.732,36487.534,308.6561851851802,0.0
2020-01-03 02:00:00,48.9,1,2,4,40629.045,35904.258,50.113148148149776,0.0
2020-01-03 03:00:00,48.0,1,3,4,40294.0,35803.021,0.0,0.0
2020-01-03 04:00:00,46.9,1,4,4,40315.929,36309.07,0.0,0.0
2020-01-03 05:00:00,48.0,1,5,4,40668.759,37669.784,0.0,0.0
2020-01-03 06:00:00,48.0,1,6,4,41480.263,40120.367,0.0,597.238200000007
2020-01-03 07:00:00,48.0,1,7,4,42427.015,42608.696,0.0,1243.649599999997
2020-01-03 08:00:00,48.9,1,8,4,42725.166,43848.513,0.0,1375.735099999998
2020-01-03 09:00:00,48.9,1,9,4,43230.152,44456.659,0.0,1373.3592999999964
2020-01-03 10:00:00,48.9,1,10,4,43451.88,44904.976,0.0,1601.1108000000097
2020-01-03 11:00:00,50.0,1,11,4,43280.618,44825.465,0.0,1735.4858999999997
2020-01-03 12:00:00,50.0,1,12,4,42786.362,44548.252,0.0,1839.340300000004
2020-01-03 13:00:00,51.1,1,13,4,42020.046,43980.109,0.0,1796.274099999995
2020-01-03 14:00:00,51.1,1,14,4,41246.491,43360.303,0.0,1698.0341999999946
2020-01-03 15:00:00,52.0,1,15,4,41120.509,42851.782,0.0,1367.5958000000028
2020-01-03 16:00:00,52.0,1,16,4,41893.162,43081.308,0.0,946.6346999999952
2020-01-03 17:00:00,52.0,1,17,4,45004.579,45246.727,0.0,798.0829000000012
2020-01-03 18:00:00,51.1,1,18,4,46727.588,45924.74,0.0,732.7275000000009
2020-01-03 19:00:00,48.9,1,19,4,46911.482,45542.888,0.0,678.5313000000024
2020-01-03 20:00:00,48.0,1,20,4,46646.849,45047.261,0.0,651.931399999994
2020-01-03 21:00:00,48.0,1,21,4,45880.557,44043.589,0.0,575.2558999999965
2020-01-03 22:00:00,46.9,1,22,4,44425.836,42431.851,0.0,431.1842000000033
2020-01-03 23:00:00,46.9,1,23,4,42827.212,40585.626,0.0,367.17839999999705
2020-01-04 00:00:00,46.0,1,0,5,41753.807,38937.019,0.0,553.6385999999984
2020-01-04 01:00:00,46.0,1,1,5,41185.012,37769.556,50.936185185179056,425.2429999999949
2020-01-04 02:00:00,44.1,1,2,5,41000.527,37088.226,421.5951481481534,316.7448000000004
2020-01-04 03:00:00,43.0,1,3,5,41107.872,36964.271,695.7125555555613,330.474000000002
2020-01-04 04:00:00,43.0,1,4,5,42031.863,37303.656,1168.3506666666726,393.5444000000061
2020-01-04 05:00:00,43.0,1,5,5,44021.079,37957.107,1771.3088518518489,78.64590000000317
2020-01-04 06:00:00,42.1,1,6,5,47135.851,39318.779,2512.999555555558,0.0
2020-01-04 07:00:00,42.1,1,7,5,49998.402,40855.804,3157.8868148148176,0.0
2020-01-04 08:00:00,41.0,1,8,5,50637.203,42025.776,2941.965111111116,0.0
2020-01-04 09:00:00,39.9,1,9,5,50474.902,42964.193,2367.772000000012,0.0
2020-01-04 10:00:00,39.9,1,10,5,50197.373,43366.272,1877.459407407412,62.406800000004296
2020-01-04 11:00:00,39.9,1,11,5,49434.902,43075.842,1289.1957407407465,0.0
2020-01-04 12:00:00,39.0,1,12,5,48864.27,42486.213,1026.515518518514,0.0
2020-01-04 13:00:00,37.9,1,13,5,48308.12,41655.568,956.0744444444426,0.0
2020-01-04 14:00:00,36.0,1,14,5,47773.921,40849.916,922.3624444444358,0.0
2020-01-04 15:00:00,36.0,1,15,5,47453.633,40662.427,866.1550740740786,0.0
2020-01-04 16:00:00,36.0,1,16,5,47840.846,41209.044,751.9420370370353,0.0
2020-01-04 17:00:00,34.0,1,17,5,49730.615,43469.906,681.2862222222102,0.0
2020-01-04 18:00:00,34.0,1,18,5,50095.573,44094.993,0.0,0.0
2020-01-04 19:00:00,33.1,1,19,5,49310.709,43799.591,0.0,0.0
2020-01-04 20:00:00,33.1,1,20,5,48346.223,43255.5,0.0,0.0
2020-01-04 21:00:00,34.0,1,21,5,46799.438,42145.828,0.0,0.0
2020-01-04 22:00:00,34.0,1,22,5,44730.732,40907.799,0.0,0.0
2020-01-04 23:00:00,34.0,1,23,5,42420.389,39091.58,0.0,0.0
2020-01-05 00:00:00,34.0,1,0,6,40628.156,37602.863,0.0,0.0
2020-01-05 01:00:00,33.1,1,1,6,39564.998,36233.602,0.0,0.0
2020-01-05 02:00:00,32.0,1,2,6,38835.78,35469.768,0.0,0.0
2020-01-05 03:00:00,32.0,1,3,6,38580.489,35102.214,0.0,0.0
2020-01-05 04:00:00,32.0,1,4,6,39084.284,35058.367,0.0,0.0
2020-01-05 05:00:00,32.0,1,5,6,40577.633,35510.591,0.0,0.0
2020-01-05 06:00:00,32.0,1,6,6,43413.315,36239.085,0.0,0.0
2020-01-05 07:00:00,32.0,1,7,6,45813.046,37400.601,0.0,0.0
2020-01-05 08:00:00,32.0,1,8,6,46914.728,38465.52,0.0,0.0
2020-01-05 09:00:00,32.0,1,9,6,47263.43,39400.867,0.0,0.0
2020-01-05 10:00:00,32.0,1,10,6,47758.967,40013.141,0.0,0.0
2020-01-05 11:00:00,32.0,1,11,6,47719.589,40422.812,0.0,0.0
2020-01-05 12:00:00,33.1,1,12,6,47669.601,40609.486,0.0,0.0
2020-01-05 13:00:00,35.1,1,13,6,47480.227,40581.635,128.18144444443897,0.0
2020-01-05 14:00:00,37.0,1,14,6,47160.072,40247.959,308.51344444443384,0.0
2020-01-05 15:00:00,39.0,1,15,6,46787.17,40269.131,199.6920740740752,0.0
2020-01-05 16:00:00,39.9,1,16,6,47057.443,40927.98,0.0,0.0
2020-01-05 17:00:00,39.9,1,17,6,48471.653,42819.961,0.0,0.0
2020-01-05 18:00:00,39.9,1,18,6,48412.383,43452.31,0.0,0.0
2020-01-05 19:00:00,39.9,1,19,6,47608.704,42981.431,0.0,0.0
2020-01-05 20:00:00,39.9,1,20,6,46640.331,42260.559,0.0,0.0
2020-01-05 21:00:00,39.9,1,21,6,45462.675,41074.417,0.0,0.0
2020-01-05 22:00:00,41.0,1,22,6,43665.837,39600.208,0.0,0.0
2020-01-05 23:00:00,41.0,1,23,6,41446.911,37687.068,0.0,0.0
2020-01-06 00:00:00,41.0,1,0,0,39607.319,36074.421,0.0,0.0
2020-01-06 01:00:00,41.0,1,1,0,38359.497,35213.244,0.0,0.0
2020-01-06 02:00:00,39.0,1,2,0,37637.101,34665.909,0.0,0.0
2020-01-06 03:00:00,37.9,1,3,0,37224.253,34568.761,0.0,0.0
2020-01-06 04:00:00,37.0,1,4,0,37464.338,34841.206,0.0,0.0
2020-01-06 05:00:00,36.0,1,5,0,38212.205,36482.841,0.0,0.0
2020-01-06 06:00:00,35.1,1,6,0,39483.746,39240.616,0.0,0.0
2020-01-06 07:00:00,32.0,1,7,0,41135.677,42028.446,0.0,663.399599999997
2020-01-06 08:00:00,32.0,1,8,0,42452.321,43418.65,0.0,945.8721000000004
2020-01-06 09:00:00,32.0,1,9,0,43647.298,44310.284,0.0,1226.9842999999964
2020-01-06 10:00:00,34.0,1,10,0,44707.615,45543.484,0.0,2239.618800000004
2020-01-06 11:00:00,36.0,1,11,0,45341.06,46031.536,0.0,2941.556900000003
2020-01-06 12:00:00,37.9,1,12,0,45484.323,46332.251,0.0,3623.3393
2020-01-06 13:00:00,39.9,1,13,0,45606.206,46375.399,0.0,4191.564099999996
2020-01-06 14:00:00,42.1,1,14,0,45455.26,46237.447,0.0,4575.178199999995
2020-01-06 15:00:00,44.1,1,15,0,45692.986,46348.561,0.0,4864.374800000005
2020-01-06 16:00:00,44.1,1,16,0,46414.253,47007.823,0.0,4873.1496999999945
2020-01-06 17:00:00,43.0,1,17,0,48191.076,49046.611,0.0,4597.966899999999
2020-01-06 18:00:00,39.9,1,18,0,48812.214,49664.699,0.0,4472.686500000003
2020-01-06 19:00:00,39.0,1,19,0,48529.671,49037.954,0.0,4173.597300000001
2020-01-06 20:00:00,37.9,1,20,0,48077.066,48438.677,0.0,4043.347399999999
2020-01-06 21:00:00,37.0,1,21,0,47231.772,47229.754,0.0,3761.420899999997
2020-01-06 22:00:00,34.0,1,22,0,46068.958,45404.894,0.0,3404.227200000001
2020-01-06 23:00:00,33.1,1,23,0,44353.582,43190.705,234.7463703703761,2972.2574000000022
2020-01-07 00:00:00,32.0,1,0,1,42880.205,41389.725,707.1352222222267,3006.3445999999967
2020-01-07 01:00:00,30.0,1,1,1,41930.891,40352.055,796.8151851851799,3007.7419999999984
2020-01-07 02:00:00,30.9,1,2,1,41443.409,39957.889,864.4771481481512,3186.407800000001
2020-01-07 03:00:00,28.0,1,3,1,41117.386,39868.753,705.2265555555568,3234.9559999999983
2020-01-07 04:00:00,27.0,1,4,1,41386.764,40213.788,523.2516666666779,3303.676400000004
2020-01-07 05:00:00,27.0,1,5,1,41861.204,41769.359,0.0,3890.897899999996
2020-01-07 06:00:00,28.9,1,6,1,42858.183,44141.489,0.0,4618.36020000001
2020-01-07 07:00:00,30.0,1,7,1,44321.177,46249.32,0.0,4884.273599999993
2020-01-07 08:00:00,30.0,1,8,1,45387.774,47338.077,0.0,4865.2990999999965
2020-01-07 09:00:00,30.0,1,9,1,46078.8,48396.876,0.0,5313.576299999993
2020-01-07 10:00:00,34.0,1,10,1,46290.199,49137.051,0.0,5833.185800000007
2020-01-07 11:00:00,39.0,1,11,1,46182.236,49411.657,0.0,6321.677900000002
2020-01-07 12:00:00,42.1,1,12,1,45999.836,49226.519,0.0,6517.607300000003
2020-01-07 13:00:00,44.1,1,13,1,45443.1,48955.242,0.0,6771.407099999997
2020-01-07 14:00:00,46.0,1,14,1,44817.318,48662.697,0.0,7000.428199999995
2020-01-07 15:00:00,46.0,1,15,1,44728.092,48327.666,0.0,6843.479800000001
2020-01-07 16:00:00,45.0,1,16,1,45836.145,48718.695,0.0,6584.0216999999975
2020-01-07 17:00:00,44.1,1,17,1,48430.353,50401.116,0.0,5952.471900000004
2020-01-07 18:00:00,41.0,1,18,1,49727.338,50555.839,0.0,5363.826500000003
2020-01-07 19:00:00,41.0,1,19,1,49588.591,49258.613,0.0,4394.256300000001
2020-01-07 20:00:00,39.9,1,20,1,49282.578,47886.874,161.1278148148267,3491.544399999999
2020-01-07 21:00:00,39.0,1,21,1,47899.932,46582.286,0.0,3113.9528999999966
2020-01-07 22:00:00,37.0,1,22,1,46015.651,45132.982,0.0,3132.315200000005
2020-01-07 23:00:00,37.9,1,23,1,44265.254,43501.529,146.41837037037476,3283.0814000000028
2020-01-08 00:00:00,37.0,1,0,2,42913.052,42342.635,739.9822222222283,169.56522222222702
2020-01-08 01:00:00,37.9,1,1,2,42026.384,41442.732,892.3081851851748,308.6561851851802
2020-01-08 02:00:00,37.0,1,2,2,41657.686,40629.045,1078.754148148153,50.113148148149776
2020-01-08 03:00:00,37.0,1,3,2,41906.795,40294.0,1494.6355555555565,0.0
2020-01-08 04:00:00,36.0,1,4,2,43011.025,40315.929,2147.5126666666765,0.0
2020-01-08 05:00:00,35.1,1,5,2,45254.015,40668.759,3004.2448518518504,0.0
2020-01-08 06:00:00,33.1,1,6,2,49292.55,41480.263,4669.698555555558,0.0
2020-01-08 07:00:00,33.1,1,7,2,52135.142,42427.015,5294.626814814816,0.0
2020-01-08 08:00:00,30.0,1,8,2,52596.097,42725.166,4900.859111111116,0.0
2020-01-08 09:00:00,30.0,1,9,2,52032.34,43230.152,3925.2100000000064,0.0
2020-01-08 10:00:00,32.0,1,10,2,51205.042,43451.88,2885.1284074074138,0.0
2020-01-08 11:00:00,32.0,1,11,2,50004.964,43280.618,1859.2577407407443,0.0
2020-01-08 12:00:00,34.0,1,12,2,49186.896,42786.362,1349.1415185185178,0.0
2020-01-08 13:00:00,33.1,1,13,2,48408.645,42020.046,1056.5994444444368,0.0
2020-01-08 14:00:00,32.0,1,14,2,47427.158,41246.491,575.5994444444368,0.0
2020-01-08 15:00:00,32.0,1,15,2,46976.929,41120.509,389.4510740740734,0.0
2020-01-08 16:00:00,30.9,1,16,2,47618.134,41893.162,529.2300370370358,0.0
2020-01-08 17:00:00,30.0,1,17,2,50282.838,45004.579,1233.5092222222156,0.0
2020-01-08 18:00:00,26.1,1,18,2,52377.253,46727.588,2237.784592592594,0.0
2020-01-08 19:00:00,27.0,1,19,2,52400.38,46911.482,2621.530777777778,0.0
2020-01-08 20:00:00,25.0,1,20,2,51833.846,46646.849,2712.395814814823,0.0
2020-01-08 21:00:00,23.0,1,21,2,50744.219,45880.557,2829.5500740740754,0.0
2020-01-08 22:00:00,23.0,1,22,2,48715.506,44425.836,2595.3439629629647,0.0
2020-01-08 23:00:00,23.0,1,23,2,46648.182,42827.212,2529.346370370374,0.0
2020-01-09 00:00:00,21.9,1,0,3,45060.963,41753.807,2887.8932222222284,0.0
2020-01-09 01:00:00,23.0,1,1,3,44256.685,41185.012,3122.6091851851743,50.936185185179056
2020-01-09 02:00:00,23.0,1,2,3,43907.358,41000.527,3328.426148148152,421.5951481481534
2020-01-09 03:00:00,23.0,1,3,3,43959.025,41107.872,3546.86555555556,695.7125555555613
2020-01-09 04:00:00,23.0,1,4,3,44770.429,42031.863,3906.916666666672,1168.3506666666726
2020-01-09 05:00:00,23.0,1,5,3,46745.043,44021.079,4495.272851851849,1771.3088518518489
2020-01-09 06:00:00,24.1,1,6,3,50145.073,47135.851,5522.221555555552,2512.999555555558
2020-01-09 07:00:00,24.1,1,7,3,52907.563,49998.402,6067.047814814818,3157.8868148148176
2020-01-09 08:00:00,24.1,1,8,3,53471.426,50637.203,5776.188111111114,2941.965111111116
2020-01-09 09:00:00,26.1,1,9,3,53094.261,50474.902,4987.1310000000085,2367.772000000012
2020-01-09 10:00:00,30.9,1,10,3,52260.886,50197.373,3940.972407407411,1877.459407407412
2020-01-09 11:00:00,36.0,1,11,3,51385.231,49434.902,3239.524740740744,1289.1957407407465
2020-01-09 12:00:00,41.0,1,12,3,50659.086,48864.27,2821.33151851852,1026.515518518514
2020-01-09 13:00:00,45.0,1,13,3,49892.385,48308.12,2540.339444444442,956.0744444444426
2020-01-09 14:00:00,48.9,1,14,3,49108.791,47773.921,2257.232444444431,922.3624444444358
2020-01-09 15:00:00,50.0,1,15,3,48658.721,47453.633,2071.2430740740747,866.1550740740786
2020-01-09 16:00:00,54.0,1,16,3,49392.039,47840.846,2303.135037037034,751.9420370370353
2020-01-09 17:00:00,52.0,1,17,3,51766.267,49730.615,2716.938222222212,681.2862222222102
2020-01-09 18:00:00,50.0,1,18,3,53363.945,50095.573,3224.4765925925967,0.0
2020-01-09 19:00:00,50.0,1,19,3,53219.711,49310.709,3440.861777777784,0.0
2020-01-09 20:00:00,48.9,1,20,3,52738.985,48346.223,3617.534814814826,0.0
2020-01-09 21:00:00,52.0,1,21,3,51235.762,46799.438,3321.0930740740805,0.0
2020-01-09 22:00:00,53.1,1,22,3,49238.438,44730.732,3118.2759629629654,0.0
2020-01-09 23:00:00,53.1,1,23,3,47052.788,42420.389,2933.9523703703744,0.0
2020-01-10 00:00:00,54.0,1,0,4,45483.34,40628.156,3310.270222222221,0.0
2020-01-10 01:00:00,53.1,1,1,4,44654.999,39564.998,3520.92318518518,0.0
2020-01-10 02:00:00,53.1,1,2,4,44292.533,38835.78,3713.6011481481546,0.0
2020-01-10 03:00:00,53.1,1,3,4,44298.257,38580.489,3886.097555555556,0.0
2020-01-10 04:00:00,52.0,1,4,4,45190.453,39084.284,4326.940666666676,0.0
2020-01-10 05:00:00,48.0,1,5,4,47409.367,40577.633,5159.596851851849,0.0
2020-01-10 06:00:00,46.0,1,6,4,51064.748,43413.315,6441.896555555555,0.0
2020-01-10 07:00:00,46.0,1,7,4,53983.549,45813.046,7143.033814814815,0.0
2020-01-10 08:00:00,46.0,1,8,4,54328.867,46914.728,6633.629111111113,0.0
2020-01-10 09:00:00,46.9,1,9,4,53610.263,47263.43,5503.133000000009,0.0
2020-01-10 10:00:00,46.9,1,10,4,53010.345,47758.967,4690.431407407414,0.0
2020-01-10 11:00:00,46.9,1,11,4,52439.398,47719.589,4293.691740740745,0.0
2020-01-10 12:00:00,48.9,1,12,4,51895.801,47669.601,4058.0465185185167,0.0
2020-01-10 13:00:00,50.0,1,13,4,51484.85,47480.227,4132.804444444439,128.18144444443897
2020-01-10 14:00:00,50.0,1,14,4,50787.999,47160.072,3936.440444444437,308.51344444443384
2020-01-10 15:00:00,52.0,1,15,4,50471.16,46787.17,3883.68207407408,199.6920740740752
2020-01-10 16:00:00,52.0,1,16,4,51335.875,47057.443,4246.971037037038,0.0
2020-01-10 17:00:00,54.0,1,17,4,53731.845,48471.653,4682.516222222213,0.0
2020-01-10 18:00:00,53.1,1,18,4,55698.235,48412.383,5558.766592592598,0.0
2020-01-10 19:00:00,55.0,1,19,4,55574.85,47608.704,5796.000777777779,0.0
2020-01-10 20:00:00,55.0,1,20,4,55238.517,46640.331,6117.066814814825,0.0
2020-01-10 21:00:00,55.9,1,21,4,54050.353,45462.675,6135.684074074081,0.0
2020-01-10 22:00:00,57.0,1,22,4,51888.248,43665.837,5768.085962962963,0.0
2020-01-10 23:00:00,55.9,1,23,4,49909.546,41446.911,5790.710370370376,0.0
2020-01-11 00:00:00,54.0,1,0,5,48496.336,39607.319,6323.266222222228,0.0
2020-01-11 01:00:00,54.0,1,1,5,47657.563,38359.497,6523.4871851851785,0.0
2020-01-11 02:00:00,55.0,1,2,5,47375.439,37637.101,6796.50714814815,0.0
2020-01-11 03:00:00,55.0,1,3,5,47542.1,37224.253,7129.940555555557,0.0
2020-01-11 04:00:00,55.9,1,4,5,48536.0,37464.338,7672.487666666675,0.0
2020-01-11 05:00:00,57.0,1,5,5,50646.104,38212.205,8396.33385185185,0.0
2020-01-11 06:00:00,59.0,1,6,5,54456.798,39483.746,9833.946555555558,0.0
2020-01-11 07:00:00,57.0,1,7,5,57100.356,41135.677,10259.840814814816,0.0
2020-01-11 08:00:00,61.0,1,8,5,57030.53,42452.321,9335.292111111114,0.0
2020-01-11 09:00:00,62.1,1,9,5,55673.707,43647.298,7566.577000000012,0.0
2020-01-11 10:00:00,63.0,1,10,5,54393.294,44707.615,6073.380407407414,0.0
2020-01-11 11:00:00,64.9,1,11,5,52881.599,45341.06,4735.892740740746,0.0
2020-01-11 12:00:00,66.9,1,12,5,51744.396,45484.323,3906.641518518518,0.0
2020-01-11 13:00:00,68.0,1,13,5,50912.863,45606.206,3560.8174444444376,0.0
2020-01-11 14:00:00,70.0,1,14,5,49905.641,45455.26,3054.082444444437,0.0
2020-01-11 15:00:00,61.0,1,15,5,49263.071,45692.986,2675.5930740740805,0.0
2020-01-11 16:00:00,61.0,1,16,5,49643.191,46414.253,2554.2870370370365,0.0
2020-01-11 17:00:00,60.1,1,17,5,51397.638,48191.076,2348.3092222222112,0.0
2020-01-11 18:00:00,60.1,1,18,5,52507.707,48812.214,2368.238592592599,0.0
2020-01-11 19:00:00,59.0,1,19,5,52054.725,48529.671,2275.875777777779,0.0
2020-01-11 20:00:00,59.0,1,20,5,51226.447,48077.066,2104.996814814825,0.0
2020-01-11 21:00:00,59.0,1,21,5,49514.351,47231.772,1599.6820740740804,0.0
2020-01-11 22:00:00,60.1,1,22,5,47135.447,46068.958,1015.2849629629636,0.0
2020-01-11 23:00:00,61.0,1,23,5,44698.912,44353.582,580.0763703703706,234.7463703703761
2020-01-12 00:00:00,57.9,1,0,6,42908.949,42880.205,735.8792222222255,707.1352222222267
2020-01-12 01:00:00,54.0,1,1,6,41565.083,41930.891,431.0071851851753,796.8151851851799
2020-01-12 02:00:00,46.9,1,2,6,40774.993,41443.409,196.06114814815373,864.4771481481512
2020-01-12 03:00:00,44.1,1,3,6,40287.535,41117.386,0.0,705.2265555555568
2020-01-12 04:00:00,42.1,1,4,6,40757.732,41386.764,0.0,523.2516666666779
2020-01-12 05:00:00,41.0,1,5,6,42614.002,41861.204,364.2318518518514,0.0
2020-01-12 06:00:00,39.9,1,6,6,45850.053,42858.183,1227.2015555555554,0.0
2020-01-12 07:00:00,39.0,1,7,6,48549.465,44321.177,1708.9498148148125,0.0
2020-01-12 08:00:00,39.0,1,8,6,49045.568,45387.774,1350.330111111114,0.0
2020-01-12 09:00:00,37.9,1,9,6,48970.003,46078.8,862.8730000000069,0.0
2020-01-12 10:00:00,37.9,1,10,6,49010.359,46290.199,690.4454074074092,0.0
2020-01-12 11:00:00,39.0,1,11,6,48543.637,46182.236,397.9307407407469,0.0
2020-01-12 12:00:00,39.0,1,12,6,48111.207,45999.836,273.4525185185193,0.0
2020-01-12 13:00:00,37.9,1,13,6,47668.587,45443.1,316.54144444443955,0.0
2020-01-12 14:00:00,39.9,1,14,6,47133.141,44817.318,281.582444444437,0.0
2020-01-12 15:00:00,39.9,1,15,6,46506.971,44728.092,0.0,0.0
2020-01-12 16:00:00,39.9,1,16,6,46772.643,45836.145,0.0,0.0
2020-01-12 17:00:00,41.0,1,17,6,47989.293,48430.353,0.0,0.0
2020-01-12 18:00:00,41.0,1,18,6,48047.186,49727.338,0.0,0.0
2020-01-12 19:00:00,41.0,1,19,6,47350.48,49588.591,0.0,0.0
2020-01-12 20:00:00,41.0,1,20,6,46417.414,49282.578,0.0,161.1278148148267
2020-01-12 21:00:00,39.9,1,21,6,45101.757,47899.932,0.0,0.0
2020-01-12 22:00:00,39.0,1,22,6,43150.258,46015.651,0.0,0.0
2020-01-12 23:00:00,37.9,1,23,6,40822.547,44265.254,0.0,146.41837037037476
2020-01-13 00:00:00,37.0,1,0,0,39011.649,42913.052,0.0,739.9822222222283
2020-01-13 01:00:00,39.0,1,1,0,37656.612,42026.384,0.0,892.3081851851748
2020-01-13 02:00:00,39.0,1,2,0,36932.268,41657.686,0.0,1078.754148148153
2020-01-13 03:00:00,39.0,1,3,0,36536.126,41906.795,0.0,1494.6355555555565
2020-01-13 04:00:00,39.0,1,4,0,36471.614,43011.025,0.0,2147.5126666666765
2020-01-13 05:00:00,39.0,1,5,0,37133.753,45254.015,0.0,3004.2448518518504
2020-01-13 06:00:00,37.9,1,6,0,38246.843,49292.55,0.0,4669.698555555558
2020-01-13 07:00:00,37.9,1,7,0,39814.535,52135.142,0.0,5294.626814814816
2020-01-13 08:00:00,39.9,1,8,0,40949.57,52596.097,0.0,4900.859111111116
2020-01-13 09:00:00,41.0,1,9,0,42128.024,52032.34,0.0,3925.2100000000064
2020-01-13 10:00:00,43.0,1,10,0,42836.544,51205.042,0.0,2885.1284074074138
2020-01-13 11:00:00,44.1,1,11,0,43122.552,50004.964,0.0,1859.2577407407443
2020-01-13 12:00:00,45.0,1,12,0,42989.718,49186.896,0.0,1349.1415185185178
2020-01-13 13:00:00,46.0,1,13,0,42483.269,48408.645,0.0,1056.5994444444368
2020-01-13 14:00:00,46.0,1,14,0,42023.477,47427.158,0.0,575.5994444444368
2020-01-13 15:00:00,46.0,1,15,0,41792.32,46976.929,0.0,389.4510740740734
2020-01-13 16:00:00,46.0,1,16,0,42268.813,47618.134,0.0,529.2300370370358
2020-01-13 17:00:00,44.1,1,17,0,43972.395,50282.838,0.0,1233.5092222222156
2020-01-13 18:00:00,42.1,1,18,0,44346.265,52377.253,0.0,2237.784592592594
2020-01-13 19:00:00,37.9,1,19,0,43742.589,52400.38,0.0,2621.530777777778
2020-01-13 20:00:00,36.0,1,20,0,42986.807,51833.846,0.0,2712.395814814823
2020-01-13 21:00:00,37.0,1,21,0,41779.534,50744.219,0.0,2829.5500740740754
2020-01-13 22:00:00,35.1,1,22,0,40223.542,48715.506,0.0,2595.3439629629647
2020-01-13 23:00:00,36.0,1,23,0,38471.601,46648.182,0.0,2529.346370370374
2020-01-14 00:00:00,37.0,1,0,1,36927.875,45060.963,0.0,2887.8932222222284
2020-01-14 01:00:00,37.9,1,1,1,35983.568,44256.685,0.0,3122.6091851851743
2020-01-14 02:00:00,37.9,1,2,1,35443.882,43907.358,0.0,3328.426148148152
2020-01-14 03:00:00,39.0,1,3,1,35291.481,43959.025,0.0,3546.86555555556
2020-01-14 04:00:00,39.0,1,4,1,35470.547,44770.429,0.0,3906.916666666672
2020-01-14 05:00:00,39.9,1,5,1,36186.583,46745.043,0.0,4495.272851851849
2020-01-14 06:00:00,41.0,1,6,1,37280.86,50145.073,0.0,5522.221555555552
2020-01-14 07:00:00,42.1,1,7,1,38955.56,52907.563,0.0,6067.047814814818
2020-01-14 08:00:00,39.0,1,8,1,40568.266,53471.426,0.0,5776.188111111114
2020-01-14 09:00:00,39.9,1,9,1,41668.676,53094.261,0.0,4987.1310000000085
2020-01-14 10:00:00,42.1,1,10,1,42505.822,52260.886,0.0,3940.972407407411
2020-01-14 11:00:00,43.0,1,11,1,42880.239,51385.231,0.0,3239.524740740744
2020-01-14 12:00:00,48.0,1,12,1,43086.774,50659.086,0.0,2821.33151851852
2020-01-14 13:00:00,51.1,1,13,1,42874.643,49892.385,0.0,2540.339444444442
2020-01-14 14:00:00,48.0,1,14,1,42783.536,49108.791,0.0,2257.232444444431
2020-01-14 15:00:00,46.0,1,15,1,42912.816,48658.721,0.0,2071.2430740740747
2020-01-14 16:00:00,46.9,1,16,1,43693.686,49392.039,0.0,2303.135037037034
2020-01-14 17:00:00,46.0,1,17,1,45993.538,51766.267,0.0,2716.938222222212
2020-01-14 18:00:00,44.1,1,18,1,47187.504,53363.945,0.0,3224.4765925925967
2020-01-14 19:00:00,43.0,1,19,1,46994.296,53219.711,0.0,3440.861777777784
2020-01-14 20:00:00,41.0,1,20,1,46490.09,52738.985,0.0,3617.534814814826
2020-01-14 21:00:00,42.1,1,21,1,45388.984,51235.762,0.0,3321.0930740740805
2020-01-14 22:00:00,41.0,1,22,1,43716.142,49238.438,0.0,3118.2759629629654
2020-01-14 23:00:00,37.9,1,23,1,42015.299,47052.788,0.0,2933.9523703703744
2020-01-15 00:00:00,36.0,1,0,2,40771.739,45483.34,0.0,3310.270222222221
2020-01-15 01:00:00,35.1,1,1,2,40276.354,44654.999,0.0,3520.92318518518
2020-01-15 02:00:00,33.1,1,2,2,39962.512,44292.533,0.0,3713.6011481481546
2020-01-15 03:00:00,33.1,1,3,2,40097.456,44298.257,0.0,3886.097555555556
2020-01-15 04:00:00,32.0,1,4,2,41020.65,45190.453,157.13766666667652,4326.940666666676
2020-01-15 05:00:00,33.1,1,5,2,43387.624,47409.367,1137.8538518518544,5159.596851851849
2020-01-15 06:00:00,33.1,1,6,2,47210.802,51064.748,2587.950555555559,6441.896555555555
2020-01-15 07:00:00,30.9,1,7,2,50374.279,53983.549,3533.763814814818,7143.033814814815
2020-01-15 08:00:00,30.0,1,8,2,51046.821,54328.867,3351.5831111111183,6633.629111111113
2020-01-15 09:00:00,30.0,1,9,2,51032.789,53610.263,2925.659000000007,5503.133000000009
2020-01-15 10:00:00,34.0,1,10,2,50660.542,53010.345,2340.6284074074138,4690.431407407414
2020-01-15 11:00:00,37.0,1,11,2,50165.063,52439.398,2019.3567407407463,4293.691740740745
2020-01-15 12:00:00,41.0,1,12,2,49530.603,51895.801,1692.84851851852,4058.0465185185167
2020-01-15 13:00:00,42.1,1,13,2,48741.854,51484.85,1389.8084444444394,4132.804444444439
2020-01-15 14:00:00,43.0,1,14,2,48111.425,50787.999,1259.8664444444366,3936.440444444437
2020-01-15 15:00:00,45.0,1,15,2,47485.701,50471.16,898.2230740740779,3883.68207407408
2020-01-15 16:00:00,46.9,1,16,2,47689.179,51335.875,600.275037037034,4246.971037037038
2020-01-15 17:00:00,46.9,1,17,2,49767.476,53731.845,718.1472222222146,4682.516222222213
2020-01-15 18:00:00,48.0,1,18,2,51393.67,55698.235,1254.2015925925953,5558.766592592598
2020-01-15 19:00:00,50.0,1,19,2,51220.415,55574.85,1441.5657777777817,5796.000777777779
2020-01-15 20:00:00,51.1,1,20,2,50481.755,55238.517,1360.3048148148227,6117.066814814825
2020-01-15 21:00:00,50.0,1,21,2,49047.166,54050.353,1132.4970740740755,6135.684074074081
2020-01-15 22:00:00,48.9,1,22,2,46927.432,51888.248,807.2699629629642,5768.085962962963
2020-01-15 23:00:00,46.9,1,23,2,44738.527,49909.546,619.6913703703758,5790.710370370376
2020-01-16 00:00:00,46.0,1,0,3,42933.882,48496.336,760.8122222222228,6323.266222222228
2020-01-16 01:00:00,44.1,1,1,3,41779.136,47657.563,645.0601851851752,6523.4871851851785
2020-01-16 02:00:00,42.1,1,2,3,41203.368,47375.439,624.4361481481537,6796.50714814815
2020-01-16 03:00:00,39.9,1,3,3,41118.808,47542.1,706.6485555555555,7129.940555555557
2020-01-16 04:00:00,39.0,1,4,3,41829.259,48536.0,965.7466666666731,7672.487666666675
2020-01-16 05:00:00,39.0,1,5,3,43998.9,50646.104,1749.1298518518524,8396.33385185185
2020-01-16 06:00:00,39.0,1,6,3,47377.827,54456.798,2754.975555555553,9833.946555555558
2020-01-16 07:00:00,37.9,1,7,3,50192.929,57100.356,3352.413814814812,10259.840814814816
2020-01-16 08:00:00,37.9,1,8,3,50491.1,57030.53,2795.8621111111133,9335.292111111114
2020-01-16 09:00:00,36.0,1,9,3,50327.589,55673.707,2220.45900000001,7566.577000000012
2020-01-16 10:00:00,36.0,1,10,3,50040.152,54393.294,1720.2384074074143,6073.380407407414
2020-01-16 11:00:00,36.0,1,11,3,49805.431,52881.599,1659.7247407407413,4735.892740740746
2020-01-16 12:00:00,36.0,1,12,3,49270.769,51744.396,1433.0145185185174,3906.641518518518
2020-01-16 13:00:00,35.1,1,13,3,48668.34,50912.863,1316.2944444444363,3560.8174444444376
2020-01-16 14:00:00,35.1,1,14,3,47986.174,49905.641,1134.6154444444328,3054.082444444437
2020-01-16 15:00:00,36.0,1,15,3,47363.685,49263.071,776.2070740740746,2675.5930740740805
2020-01-16 16:00:00,34.0,1,16,3,47364.407,49643.191,275.50303703703685,2554.2870370370365
2020-01-16 17:00:00,34.0,1,17,3,48916.299,51397.638,0.0,2348.3092222222112
2020-01-16 18:00:00,30.9,1,18,3,50598.307,52507.707,458.8385925925977,2368.238592592599
2020-01-16 19:00:00,30.0,1,19,3,50321.713,52054.725,542.863777777784,2275.875777777779
2020-01-16 20:00:00,28.9,1,20,3,49662.785,51226.447,541.3348148148289,2104.996814814825
2020-01-16 21:00:00,28.0,1,21,3,48401.216,49514.351,486.5470740740784,1599.6820740740804
2020-01-16 22:00:00,27.0,1,22,3,46490.735,47135.447,370.5729629629641,1015.2849629629636
2020-01-16 23:00:00,26.1,1,23,3,44271.098,44698.912,152.26237037037208,580.0763703703706
2020-01-17 00:00:00,26.1,1,0,4,42700.569,42908.949,527.4992222222281,735.8792222222255
2020-01-17 01:00:00,25.0,1,1,4,41875.228,41565.083,741.1521851851794,431.0071851851753
2020-01-17 02:00:00,25.0,1,2,4,41387.435,40774.993,808.5031481481492,196.06114814815373
2020-01-17 03:00:00,25.0,1,3,4,41474.007,40287.535,1061.847555555556,0.0
2020-01-17 04:00:00,24.1,1,4,4,42200.409,40757.732,1336.8966666666747,0.0
2020-01-17 05:00:00,24.1,1,5,4,44251.452,42614.002,2001.6818518518485,364.2318518518514
2020-01-17 06:00:00,24.1,1,6,4,47730.601,45850.053,3107.749555555558,1227.2015555555554
2020-01-17 07:00:00,21.9,1,7,4,50634.601,48549.465,3794.085814814818,1708.9498148148125
2020-01-17 08:00:00,21.9,1,8,4,50997.26,49045.568,3302.022111111117,1350.330111111114
2020-01-17 09:00:00,24.1,1,9,4,50678.509,48970.003,2571.379000000008,862.8730000000069
2020-01-17 10:00:00,25.0,1,10,4,50255.145,49010.359,1935.2314074074093,690.4454074074092
2020-01-17 11:00:00,26.1,1,11,4,49475.598,48543.637,1329.8917407407423,397.9307407407469
2020-01-17 12:00:00,28.0,1,12,4,48805.362,48111.207,967.6075185185182,273.4525185185193
2020-01-17 13:00:00,28.9,1,13,4,48259.746,47668.587,907.7004444444392,316.54144444443955
2020-01-17 14:00:00,30.9,1,14,4,47607.834,47133.141,756.2754444444363,281.582444444437
2020-01-17 15:00:00,30.9,1,15,4,47212.65,46506.971,625.1720740740784,0.0
2020-01-17 16:00:00,30.9,1,16,4,47648.024,46772.643,559.1200370370352,0.0
2020-01-17 17:00:00,30.0,1,17,4,49190.301,47989.293,140.9722222222117,0.0
2020-01-17 18:00:00,30.0,1,18,4,49972.025,48047.186,0.0,0.0
2020-01-17 19:00:00,30.0,1,19,4,49451.34,47350.48,0.0,0.0
2020-01-17 20:00:00,30.0,1,20,4,48559.753,46417.414,0.0,0.0
2020-01-17 21:00:00,30.0,1,21,4,47147.519,45101.757,0.0,0.0
2020-01-17 22:00:00,30.9,1,22,4,44937.418,43150.258,0.0,0.0
2020-01-17 23:00:00,30.0,1,23,4,42720.312,40822.547,0.0,0.0
2020-01-18 00:00:00,30.9,1,0,5,41296.326,39011.649,0.0,0.0
2020-01-18 01:00:00,30.0,1,1,5,40391.64,37656.612,0.0,0.0
2020-01-18 02:00:00,30.0,1,2,5,40070.771,36932.268,0.0,0.0
2020-01-18 03:00:00,30.0,1,3,5,40286.436,36536.126,0.0,0.0
2020-01-18 04:00:00,30.9,1,4,5,41058.595,36471.614,195.08266666667623,0.0
2020-01-18 05:00:00,30.9,1,5,5,43181.58,37133.753,931.8098518518528,0.0
2020-01-18 06:00:00,30.9,1,6,5,47184.246,38246.843,2561.3945555555547,0.0
2020-01-18 07:00:00,32.0,1,7,5,50582.792,39814.535,3742.276814814817,0.0
2020-01-18 08:00:00,33.1,1,8,5,51432.526,40949.57,3737.288111111113,0.0
2020-01-18 09:00:00,33.1,1,9,5,51686.141,42128.024,3579.011000000013,0.0
2020-01-18 10:00:00,34.0,1,10,5,51646.33,42836.544,3326.416407407414,0.0
2020-01-18 11:00:00,34.0,1,11,5,51202.85,43122.552,3057.143740740743,0.0
2020-01-18 12:00:00,35.1,1,12,5,50875.295,42989.718,3037.5405185185155,0.0
2020-01-18 13:00:00,37.0,1,13,5,50492.515,42483.269,3140.4694444444394,0.0
2020-01-18 14:00:00,39.9,1,14,5,50069.02,42023.477,3217.4614444444305,0.0
2020-01-18 15:00:00,43.0,1,15,5,49850.154,41792.32,3262.676074074079,0.0
2020-01-18 16:00:00,46.9,1,16,5,50497.169,42268.813,3408.26503703704,0.0
2020-01-18 17:00:00,48.0,1,17,5,52924.454,43972.395,3875.12522222221,0.0
2020-01-18 18:00:00,42.1,1,18,5,54949.309,44346.265,4809.840592592598,0.0
2020-01-18 19:00:00,39.9,1,19,5,55062.533,43742.589,5283.683777777784,0.0
2020-01-18 20:00:00,39.0,1,20,5,54653.106,42986.807,5531.655814814825,0.0
2020-01-18 21:00:00,39.0,1,21,5,53621.327,41779.534,5706.658074074076,0.0
2020-01-18 22:00:00,37.0,1,22,5,51579.412,40223.542,5459.24996296296,0.0
2020-01-18 23:00:00,33.1,1,23,5,49434.638,38471.601,5315.802370370373,0.0
2020-01-19 00:00:00,30.0,1,0,6,47924.348,36927.875,5751.278222222223,0.0
2020-01-19 01:00:00,28.0,1,1,6,47024.444,35983.568,5890.36818518518,0.0
2020-01-19 02:00:00,27.0,1,2,6,46824.563,35443.882,6245.631148148153,0.0
2020-01-19 03:00:00,21.9,1,3,6,46929.198,35291.481,6517.038555555555,0.0
2020-01-19 04:00:00,21.9,1,4,6,47778.926,35470.547,6915.4136666666745,0.0
2020-01-19 05:00:00,21.9,1,5,6,49832.566,36186.583,7582.79585185185,0.0
2020-01-19 06:00:00,19.9,1,6,6,53579.936,37280.86,8957.084555555557,0.0
2020-01-19 07:00:00,19.9,1,7,6,56205.594,38955.56,9365.078814814811,0.0
2020-01-19 08:00:00,17.1,1,8,6,56671.098,40568.266,8975.860111111113,0.0
2020-01-19 09:00:00,16.0,1,9,6,56494.406,41668.676,8387.276000000013,0.0
2020-01-19 10:00:00,16.0,1,10,6,56149.762,42505.822,7829.848407407415,0.0
2020-01-19 11:00:00,17.1,1,11,6,55045.298,42880.239,6899.591740740747,0.0
2020-01-19 12:00:00,16.0,1,12,6,54057.501,43086.774,6219.746518518514,0.0
2020-01-19 13:00:00,15.1,1,13,6,53316.37,42874.643,5964.324444444443,0.0
2020-01-19 14:00:00,15.1,1,14,6,52751.294,42783.536,5899.735444444435,0.0
2020-01-19 15:00:00,15.1,1,15,6,52383.626,42912.816,5796.1480740740735,0.0
2020-01-19 16:00:00,15.1,1,16,6,52837.992,43693.686,5749.088037037036,0.0
2020-01-19 17:00:00,15.1,1,17,6,54526.006,45993.538,5476.6772222222135,0.0
2020-01-19 18:00:00,15.1,1,18,6,55343.404,47187.504,5203.935592592599,0.0
2020-01-19 19:00:00,15.1,1,19,6,54711.968,46994.296,4933.118777777781,0.0
2020-01-19 20:00:00,15.1,1,20,6,53720.711,46490.09,4599.260814814828,0.0
2020-01-19 21:00:00,15.1,1,21,6,52481.411,45388.984,4566.742074074078,0.0
2020-01-19 22:00:00,15.1,1,22,6,50776.638,43716.142,4656.4759629629625,0.0
2020-01-19 23:00:00,15.1,1,23,6,48341.022,42015.299,4222.186370370371,0.0
2020-01-20 00:00:00,15.1,1,0,0,46450.901,40771.739,4277.831222222223,0.0
2020-01-20 01:00:00,16.0,1,1,0,45307.051,40276.354,4172.975185185176,0.0
2020-01-20 02:00:00,16.0,1,2,0,44655.296,39962.512,4076.3641481481536,0.0
2020-01-20 03:00:00,17.1,1,3,0,44256.106,40097.456,3843.946555555558,0.0
2020-01-20 04:00:00,15.1,1,4,0,44422.837,41020.65,3559.3246666666746,157.13766666667652
2020-01-20 05:00:00,14.0,1,5,0,44963.263,43387.624,2713.49285185185,1137.8538518518544
2020-01-20 06:00:00,12.9,1,6,0,46152.103,47210.802,1529.2515555555583,2587.950555555559
2020-01-20 07:00:00,12.0,1,7,0,47740.671,50374.279,900.1558148148179,3533.763814814818
2020-01-20 08:00:00,12.0,1,8,0,48857.17,51046.821,1161.932111111113,3351.5831111111183
2020-01-20 09:00:00,14.0,1,9,0,49797.938,51032.789,1690.8080000000118,2925.659000000007
2020-01-20 10:00:00,17.1,1,10,0,50660.524,50660.542,2340.61040740741,2340.6284074074138
2020-01-20 11:00:00,19.9,1,11,0,50725.73,50165.063,2580.023740740748,2019.3567407407463
2020-01-20 12:00:00,23.0,1,12,0,50371.417,49530.603,2533.6625185185185,1692.84851851852
2020-01-20 13:00:00,24.1,1,13,0,49605.388,48741.854,2253.342444444439,1389.8084444444394
2020-01-20 14:00:00,25.0,1,14,0,48985.51,48111.425,2133.951444444436,1259.8664444444366
2020-01-20 15:00:00,25.0,1,15,0,48630.854,47485.701,2043.3760740740763,898.2230740740779
2020-01-20 16:00:00,27.0,1,16,0,48929.201,47689.179,1840.2970370370383,600.275037037034
2020-01-20 17:00:00,25.0,1,17,0,50092.844,49767.476,1043.5152222222096,718.1472222222146
2020-01-20 18:00:00,24.1,1,18,0,50649.498,51393.67,510.0295925925966,1254.2015925925953
2020-01-20 19:00:00,24.1,1,19,0,49977.494,51220.415,198.64477777777932,1441.5657777777817
2020-01-20 20:00:00,24.1,1,20,0,49278.27,50481.755,156.81981481482217,1360.3048148148227
2020-01-20 21:00:00,23.0,1,21,0,48308.084,49047.166,393.4150740740806,1132.4970740740755
2020-01-20 22:00:00,23.0,1,22,0,47106.895,46927.432,986.7329629629604,807.2699629629642
2020-01-20 23:00:00,23.0,1,23,0,45831.637,44738.527,1712.8013703703764,619.6913703703758
2020-01-21 00:00:00,21.0,1,0,1,44730.915,42933.882,2557.845222222226,760.8122222222228
2020-01-21 01:00:00,19.9,1,1,1,44269.852,41779.136,3135.776185185176,645.0601851851752
2020-01-21 02:00:00,18.0,1,2,1,44018.898,41203.368,3439.966148148153,624.4361481481537
2020-01-21 03:00:00,17.1,1,3,1,44196.975,41118.808,3784.815555555557,706.6485555555555
2020-01-21 04:00:00,16.0,1,4,1,44601.104,41829.259,3737.5916666666735,965.7466666666731
2020-01-21 05:00:00,16.0,1,5,1,45649.455,43998.9,3399.6848518518527,1749.1298518518524
2020-01-21 06:00:00,15.1,1,6,1,46926.585,47377.827,2303.733555555554,2754.975555555553
2020-01-21 07:00:00,14.0,1,7,1,48734.143,50192.929,1893.627814814812,3352.413814814812
2020-01-21 08:00:00,14.0,1,8,1,50232.764,50491.1,2537.5261111111176,2795.8621111111133
2020-01-21 09:00:00,17.1,1,9,1,51573.715,50327.589,3466.5850000000064,2220.45900000001
2020-01-21 10:00:00,21.0,1,10,1,52172.318,50040.152,3852.404407407412,1720.2384074074143
2020-01-21 11:00:00,25.0,1,11,1,52306.651,49805.431,4160.944740740742,1659.7247407407413
2020-01-21 12:00:00,24.1,1,12,1,52166.392,49270.769,4328.637518518517,1433.0145185185174
2020-01-21 13:00:00,27.0,1,13,1,51961.369,48668.34,4609.323444444439,1316.2944444444363
2020-01-21 14:00:00,26.1,1,14,1,51872.742,47986.174,5021.183444444432,1134.6154444444328
2020-01-21 15:00:00,28.0,1,15,1,51936.264,47363.685,5348.78607407408,776.2070740740746
2020-01-21 16:00:00,28.9,1,16,1,52880.278,47364.407,5791.374037037036,275.50303703703685
2020-01-21 17:00:00,28.0,1,17,1,54912.945,48916.299,5863.616222222212,0.0
2020-01-21 18:00:00,25.0,1,18,1,56804.031,50598.307,6664.5625925926,458.8385925925977
2020-01-21 19:00:00,23.0,1,19,1,56698.409,50321.713,6919.55977777778,542.863777777784
2020-01-21 20:00:00,24.1,1,20,1,56141.636,49662.785,7020.185814814824,541.3348148148289
2020-01-21 21:00:00,23.0,1,21,1,55136.49,48401.216,7221.821074074076,486.5470740740784
2020-01-21 22:00:00,21.0,1,22,1,53544.058,46490.735,7423.895962962961,370.5729629629641
2020-01-21 23:00:00,19.0,1,23,1,52019.525,44271.098,7900.689370370375,152.26237037037208
2020-01-22 00:00:00,18.0,1,0,2,50842.677,42700.569,8669.607222222228,527.4992222222281
2020-01-22 01:00:00,19.0,1,1,2,50255.01,41875.228,9120.93418518518,741.1521851851794
2020-01-22 02:00:00,17.1,1,2,2,50100.603,41387.435,9521.671148148154,808.5031481481492
2020-01-22 03:00:00,17.1,1,3,2,50251.987,41474.007,9839.82755555556,1061.847555555556
2020-01-22 04:00:00,15.1,1,4,2,51041.946,42200.409,10178.43366666668,1336.8966666666747
2020-01-22 05:00:00,16.0,1,5,2,52985.629,44251.452,10735.858851851852,2001.6818518518485
2020-01-22 06:00:00,14.0,1,6,2,55750.972,47730.601,11128.120555555555,3107.749555555558
2020-01-22 07:00:00,15.1,1,7,2,58338.766,50634.601,11498.25081481482,3794.085814814818
2020-01-22 08:00:00,16.0,1,8,2,59210.982,50997.26,11515.744111111118,3302.022111111117
2020-01-22 09:00:00,19.0,1,9,2,59286.756,50678.509,11179.626000000011,2571.379000000008
2020-01-22 10:00:00,25.0,1,10,2,58670.723,50255.145,10350.80940740741,1935.2314074074093
2020-01-22 11:00:00,28.9,1,11,2,57728.566,49475.598,9582.859740740743,1329.8917407407423
2020-01-22 12:00:00,30.9,1,12,2,56718.109,48805.362,8880.354518518514,967.6075185185182
2020-01-22 13:00:00,33.1,1,13,2,55809.249,48259.746,8457.203444444443,907.7004444444392
2020-01-22 14:00:00,35.1,1,14,2,55150.573,47607.834,8299.01444444443,756.2754444444363
2020-01-22 15:00:00,35.1,1,15,2,54730.029,47212.65,8142.551074074079,625.1720740740784
2020-01-22 16:00:00,36.0,1,16,2,55177.602,47648.024,8088.698037037037,559.1200370370352
2020-01-22 17:00:00,36.0,1,17,2,57296.524,49190.301,8247.19522222221,140.9722222222117
2020-01-22 18:00:00,35.1,1,18,2,59227.118,49972.025,9087.6495925926,0.0
2020-01-22 19:00:00,32.0,1,19,2,59047.232,49451.34,9268.382777777784,0.0
2020-01-22 20:00:00,30.0,1,20,2,58320.074,48559.753,9198.623814814826,0.0
2020-01-22 21:00:00,30.0,1,21,2,56919.788,47147.519,9005.119074074079,0.0
2020-01-22 22:00:00,30.9,1,22,2,54662.949,44937.418,8542.786962962964,0.0
2020-01-22 23:00:00,30.9,1,23,2,52542.427,42720.312,8423.591370370377,0.0
2020-01-23 00:00:00,32.0,1,0,3,51121.066,41296.326,8947.996222222224,0.0
2020-01-23 01:00:00,28.0,1,1,3,50315.735,40391.64,9181.659185185175,0.0
2020-01-23 02:00:00,27.0,1,2,3,50181.32,40070.771,9602.388148148151,0.0
2020-01-23 03:00:00,27.0,1,3,3,50367.276,40286.436,9955.116555555556,0.0
2020-01-23 04:00:00,28.9,1,4,3,51377.836,41058.595,10514.323666666678,195.08266666667623
2020-01-23 05:00:00,30.0,1,5,3,53701.313,43181.58,11451.542851851853,931.8098518518528
2020-01-23 06:00:00,30.0,1,6,3,57547.02,47184.246,12924.168555555552,2561.3945555555547
2020-01-23 07:00:00,30.9,1,7,3,60367.42,50582.792,13526.904814814814,3742.276814814817
2020-01-23 08:00:00,30.9,1,8,3,60303.498,51432.526,12608.260111111114,3737.288111111113
2020-01-23 09:00:00,32.0,1,9,3,59126.073,51686.141,11018.943000000008,3579.011000000013
2020-01-23 10:00:00,35.1,1,10,3,58022.092,51646.33,9702.17840740741,3326.416407407414
2020-01-23 11:00:00,36.0,1,11,3,56746.728,51202.85,8601.021740740747,3057.143740740743
2020-01-23 12:00:00,39.0,1,12,3,55622.682,50875.295,7784.927518518518,3037.5405185185155
2020-01-23 13:00:00,39.9,1,13,3,54656.772,50492.515,7304.726444444437,3140.4694444444394
2020-01-23 14:00:00,42.1,1,14,3,53619.32,50069.02,6767.761444444433,3217.4614444444305
2020-01-23 15:00:00,43.0,1,15,3,52795.625,49850.154,6208.147074074077,3262.676074074079
2020-01-23 16:00:00,43.0,1,16,3,53245.231,50497.169,6156.327037037037,3408.26503703704
2020-01-23 17:00:00,41.0,1,17,3,55503.918,52924.454,6454.58922222221,3875.12522222221
2020-01-23 18:00:00,39.9,1,18,3,58220.283,54949.309,8080.8145925926,4809.840592592598
2020-01-23 19:00:00,39.9,1,19,3,58373.354,55062.533,8594.50477777778,5283.683777777784
2020-01-23 20:00:00,39.9,1,20,3,58118.288,54653.106,8996.837814814826,5531.655814814825
2020-01-23 21:00:00,41.0,1,21,3,56975.385,53621.327,9060.71607407408,5706.658074074076
2020-01-23 22:00:00,41.0,1,22,3,54907.682,51579.412,8787.519962962964,5459.24996296296
2020-01-23 23:00:00,42.1,1,23,3,53020.156,49434.638,8901.320370370377,5315.802370370373
2020-01-24 00:00:00,42.1,1,0,4,51692.263,47924.348,9519.193222222224,5751.278222222223
2020-01-24 01:00:00,43.0,1,1,4,51119.687,47024.444,9985.611185185177,5890.36818518518
2020-01-24 02:00:00,41.0,1,2,4,51092.858,46824.563,10513.926148148152,6245.631148148153
2020-01-24 03:00:00,42.1,1,3,4,51404.69,46929.198,10992.53055555556,6517.038555555555
2020-01-24 04:00:00,39.9,1,4,4,52334.686,47778.926,11471.173666666677,6915.4136666666745
2020-01-24 05:00:00,39.0,1,5,4,54742.745,49832.566,12492.974851851854,7582.79585185185
2020-01-24 06:00:00,39.9,1,6,4,58556.211,53579.936,13933.359555555558,8957.084555555557
2020-01-24 07:00:00,41.0,1,7,4,61268.733,56205.594,14428.217814814816,9365.078814814811
2020-01-24 08:00:00,42.1,1,8,4,60788.279,56671.098,13093.041111111115,8975.860111111113
2020-01-24 09:00:00,43.0,1,9,4,58917.887,56494.406,10810.757000000012,8387.276000000013
2020-01-24 10:00:00,44.1,1,10,4,56953.33,56149.762,8633.416407407414,7829.848407407415
2020-01-24 11:00:00,45.0,1,11,4,54990.373,55045.298,6844.666740740744,6899.591740740747
2020-01-24 12:00:00,45.0,1,12,4,53602.582,54057.501,5764.827518518519,6219.746518518514
2020-01-24 13:00:00,46.0,1,13,4,52465.449,53316.37,5113.4034444444405,5964.324444444443
2020-01-24 14:00:00,46.9,1,14,4,51491.977,52751.294,4640.418444444433,5899.735444444435
2020-01-24 15:00:00,48.0,1,15,4,50978.65,52383.626,4391.172074074078,5796.1480740740735
2020-01-24 16:00:00,46.9,1,16,4,51386.818,52837.992,4297.914037037037,5749.088037037036
2020-01-24 17:00:00,45.0,1,17,4,53441.95,54526.006,4392.621222222209,5476.6772222222135
2020-01-24 18:00:00,44.1,1,18,4,55638.311,55343.404,5498.842592592599,5203.935592592599
2020-01-24 19:00:00,44.1,1,19,4,55607.338,54711.968,5828.488777777784,4933.118777777781
2020-01-24 20:00:00,43.0,1,20,4,55109.761,53720.711,5988.310814814824,4599.260814814828
2020-01-24 21:00:00,42.1,1,21,4,53820.013,52481.411,5905.344074074077,4566.742074074078
2020-01-24 22:00:00,42.1,1,22,4,51578.734,50776.638,5458.57196296296,4656.4759629629625
2020-01-24 23:00:00,41.0,1,23,4,49456.058,48341.022,5337.222370370371,4222.186370370371
2020-01-25 00:00:00,41.0,1,0,5,47924.738,46450.901,5751.668222222223,4277.831222222223
2020-01-25 01:00:00,39.9,1,1,5,47118.799,45307.051,5984.723185185176,4172.975185185176
2020-01-25 02:00:00,39.9,1,2,5,46605.913,44655.296,6026.981148148152,4076.3641481481536
2020-01-25 03:00:00,39.0,1,3,5,46800.886,44256.106,6388.726555555557,3843.946555555558
2020-01-25 04:00:00,39.0,1,4,5,47563.631,44422.837,6700.118666666676,3559.3246666666746
2020-01-25 05:00:00,37.9,1,5,5,49688.159,44963.263,7438.388851851851,2713.49285185185
2020-01-25 06:00:00,37.9,1,6,5,53307.539,46152.103,8684.687555555553,1529.2515555555583
2020-01-25 07:00:00,37.0,1,7,5,55939.223,47740.671,9098.707814814814,900.1558148148179
2020-01-25 08:00:00,37.0,1,8,5,56032.131,48857.17,8336.893111111116,1161.932111111113
2020-01-25 09:00:00,37.0,1,9,5,55352.995,49797.938,7245.8650000000125,1690.8080000000118
2020-01-25 10:00:00,37.0,1,10,5,54692.676,50660.524,6372.762407407412,2340.61040740741
2020-01-25 11:00:00,37.9,1,11,5,53324.807,50725.73,5179.100740740745,2580.023740740748
2020-01-25 12:00:00,37.9,1,12,5,52397.969,50371.417,4560.2145185185145,2533.6625185185185
2020-01-25 13:00:00,37.9,1,13,5,51601.086,49605.388,4249.040444444443,2253.342444444439
2020-01-25 14:00:00,37.9,1,14,5,50840.102,48985.51,3988.5434444444327,2133.951444444436
2020-01-25 15:00:00,37.0,1,15,5,50294.187,48630.854,3706.709074074075,2043.3760740740763
2020-01-25 16:00:00,36.0,1,16,5,50730.049,48929.201,3641.1450370370367,1840.2970370370383
2020-01-25 17:00:00,35.1,1,17,5,52298.965,50092.844,3249.6362222222087,1043.5152222222096
2020-01-25 18:00:00,34.0,1,18,5,53617.432,50649.498,3477.9635925925977,510.0295925925966
2020-01-25 19:00:00,34.0,1,19,5,53342.007,49977.494,3563.1577777777784,198.64477777777932
2020-01-25 20:00:00,34.0,1,20,5,52431.042,49278.27,3309.591814814826,156.81981481482217
2020-01-25 21:00:00,34.0,1,21,5,50983.479,48308.084,3068.8100740740774,393.4150740740806
2020-01-25 22:00:00,33.1,1,22,5,48651.203,47106.895,2531.040962962965,986.7329629629604
2020-01-25 23:00:00,34.0,1,23,5,46221.762,45831.637,2102.9263703703764,1712.8013703703764
2020-01-26 00:00:00,33.1,1,0,6,44603.694,44730.915,2430.624222222228,2557.845222222226
2020-01-26 01:00:00,33.1,1,1,6,43530.162,44269.852,2396.086185185173,3135.776185185176
2020-01-26 02:00:00,33.1,1,2,6,42853.364,44018.898,2274.432148148153,3439.966148148153
2020-01-26 03:00:00,32.0,1,3,6,42715.327,44196.975,2303.167555555556,3784.815555555557
2020-01-26 04:00:00,32.0,1,4,6,43399.038,44601.104,2535.5256666666755,3737.5916666666735
2020-01-26 05:00:00,32.0,1,5,6,45347.348,45649.455,3097.577851851849,3399.6848518518527
2020-01-26 06:00:00,32.0,1,6,6,48710.058,46926.585,4087.2065555555528,2303.733555555554
2020-01-26 07:00:00,32.0,1,7,6,51454.127,48734.143,4613.611814814816,1893.627814814812
2020-01-26 08:00:00,32.0,1,8,6,51883.017,50232.764,4187.779111111115,2537.5261111111176
2020-01-26 09:00:00,32.0,1,9,6,51946.93,51573.715,3839.80000000001,3466.5850000000064
2020-01-26 10:00:00,32.0,1,10,6,51996.456,52172.318,3676.542407407411,3852.404407407412
2020-01-26 11:00:00,33.1,1,11,6,51711.087,52306.651,3565.380740740744,4160.944740740742
2020-01-26 12:00:00,33.1,1,12,6,51259.492,52166.392,3421.737518518516,4328.637518518517
2020-01-26 13:00:00,34.0,1,13,6,50665.968,51961.369,3313.9224444444408,4609.323444444439
2020-01-26 14:00:00,34.0,1,14,6,50032.989,51872.742,3181.430444444435,5021.183444444432
2020-01-26 15:00:00,34.0,1,15,6,49446.23,51936.264,2858.75207407408,5348.78607407408
2020-01-26 16:00:00,34.0,1,16,6,49501.108,52880.278,2412.204037037038,5791.374037037036
2020-01-26 17:00:00,34.0,1,17,6,50258.912,54912.945,1209.5832222222089,5863.616222222212
2020-01-26 18:00:00,35.1,1,18,6,50596.874,56804.031,457.4055925926005,6664.5625925926
2020-01-26 19:00:00,35.1,1,19,6,49745.155,56698.409,0.0,6919.55977777778
2020-01-26 20:00:00,35.1,1,20,6,49008.079,56141.636,0.0,7020.185814814824
2020-01-26 21:00:00,35.1,1,21,6,47664.612,55136.49,0.0,7221.821074074076
2020-01-26 22:00:00,35.1,1,22,6,45845.455,53544.058,0.0,7423.895962962961
2020-01-26 23:00:00,35.1,1,23,6,43539.119,52019.525,0.0,7900.689370370375
2020-01-27 00:00:00,35.1,1,0,0,41940.607,50842.677,0.0,8669.607222222228
2020-01-27 01:00:00,35.1,1,1,0,40705.006,50255.01,0.0,9120.93418518518
2020-01-27 02:00:00,35.1,1,2,0,40091.157,50100.603,0.0,9521.671148148154
2020-01-27 03:00:00,34.0,1,3,0,39847.947,50251.987,0.0,9839.82755555556
2020-01-27 04:00:00,34.0,1,4,0,39963.355,51041.946,0.0,10178.43366666668
2020-01-27 05:00:00,34.0,1,5,0,40918.31,52985.629,0.0,10735.858851851852
2020-01-27 06:00:00,34.0,1,6,0,42451.665,55750.972,0.0,11128.120555555555
2020-01-27 07:00:00,34.0,1,7,0,44379.598,58338.766,0.0,11498.25081481482
2020-01-27 08:00:00,34.0,1,8,0,45781.073,59210.982,0.0,11515.744111111118
2020-01-27 09:00:00,34.0,1,9,0,47045.774,59286.756,0.0,11179.626000000011
2020-01-27 10:00:00,35.1,1,10,0,47767.792,58670.723,0.0,10350.80940740741
2020-01-27 11:00:00,35.1,1,11,0,47938.46,57728.566,0.0,9582.859740740743
2020-01-27 12:00:00,35.1,1,12,0,47751.178,56718.109,0.0,8880.354518518514
2020-01-27 13:00:00,35.1,1,13,0,47415.377,55809.249,63.33144444444042,8457.203444444443
2020-01-27 14:00:00,36.0,1,14,0,47083.276,55150.573,231.7174444444317,8299.01444444443
2020-01-27 15:00:00,36.0,1,15,0,46913.402,54730.029,325.9240740740788,8142.551074074079
2020-01-27 16:00:00,36.0,1,16,0,47202.978,55177.602,114.0740370370404,8088.698037037037
2020-01-27 17:00:00,35.1,1,17,0,48509.699,57296.524,0.0,8247.19522222221
2020-01-27 18:00:00,33.1,1,18,0,49478.43,59227.118,0.0,9087.6495925926
2020-01-27 19:00:00,34.0,1,19,0,49014.856,59047.232,0.0,9268.382777777784
2020-01-27 20:00:00,33.1,1,20,0,48269.217,58320.074,0.0,9198.623814814826
2020-01-27 21:00:00,33.1,1,21,0,47381.43,56919.788,0.0,9005.119074074079
2020-01-27 22:00:00,33.1,1,22,0,45940.535,54662.949,0.0,8542.786962962964
2020-01-27 23:00:00,33.1,1,23,0,44225.704,52542.427,106.86837037037184,8423.591370370377
2020-01-28 00:00:00,33.1,1,0,1,42876.744,51121.066,703.6742222222238,8947.996222222224
2020-01-28 01:00:00,33.1,1,1,1,41872.739,50315.735,738.663185185178,9181.659185185175
2020-01-28 02:00:00,33.1,1,2,1,41356.936,50181.32,778.004148148153,9602.388148148151
2020-01-28 03:00:00,33.1,1,3,1,41162.901,50367.276,750.7415555555563,9955.116555555556
2020-01-28 04:00:00,33.1,1,4,1,41226.109,51377.836,362.5966666666718,10514.323666666678
2020-01-28 05:00:00,33.1,1,5,1,41839.014,53701.313,0.0,11451.542851851853
2020-01-28 06:00:00,33.1,1,6,1,42756.661,57547.02,0.0,12924.168555555552
2020-01-28 07:00:00,33.1,1,7,1,44304.024,60367.42,0.0,13526.904814814814
2020-01-28 08:00:00,33.1,1,8,1,45483.255,60303.498,0.0,12608.260111111114
2020-01-28 09:00:00,33.1,1,9,1,46484.25,59126.073,0.0,11018.943000000008
2020-01-28 10:00:00,33.1,1,10,1,46974.834,58022.092,0.0,9702.17840740741
2020-01-28 11:00:00,33.1,1,11,1,47017.907,56746.728,0.0,8601.021740740747
2020-01-28 12:00:00,35.1,1,12,1,46980.989,55622.682,0.0,7784.927518518518
2020-01-28 13:00:00,35.1,1,13,1,46623.806,54656.772,0.0,7304.726444444437
2020-01-28 14:00:00,36.0,1,14,1,46196.179,53619.32,0.0,6767.761444444433
2020-01-28 15:00:00,35.1,1,15,1,46213.987,52795.625,0.0,6208.147074074077
2020-01-28 16:00:00,34.0,1,16,1,47022.621,53245.231,0.0,6156.327037037037
2020-01-28 17:00:00,34.0,1,17,1,48622.952,55503.918,0.0,6454.58922222221
2020-01-28 18:00:00,33.1,1,18,1,50273.201,58220.283,133.73259259259794,8080.8145925926
2020-01-28 19:00:00,33.1,1,19,1,50342.176,58373.354,563.3267777777801,8594.50477777778
2020-01-28 20:00:00,33.1,1,20,1,49651.478,58118.288,530.0278148148282,8996.837814814826
2020-01-28 21:00:00,32.0,1,21,1,48470.354,56975.385,555.6850740740774,9060.71607407408
2020-01-28 22:00:00,32.0,1,22,1,46731.077,54907.682,610.914962962961,8787.519962962964
2020-01-28 23:00:00,32.0,1,23,1,45128.73,53020.156,1009.8943703703771,8901.320370370377
2020-01-29 00:00:00,32.0,1,0,2,43918.925,51692.263,1745.855222222228,9519.193222222224
2020-01-29 01:00:00,32.0,1,1,2,43150.612,51119.687,2016.5361851851776,9985.611185185177
2020-01-29 02:00:00,32.0,1,2,2,42980.175,51092.858,2401.2431481481544,10513.926148148152
2020-01-29 03:00:00,32.0,1,3,2,42893.541,51404.69,2481.381555555556,10992.53055555556
2020-01-29 04:00:00,32.0,1,4,2,43940.484,52334.686,3076.971666666672,11471.173666666677
2020-01-29 05:00:00,32.0,1,5,2,46308.496,54742.745,4058.72585185185,12492.974851851854
2020-01-29 06:00:00,32.0,1,6,2,49994.135,58556.211,5371.2835555555575,13933.359555555558
2020-01-29 07:00:00,32.0,1,7,2,53016.267,61268.733,6175.751814814816,14428.217814814816
2020-01-29 08:00:00,32.0,1,8,2,53565.804,60788.279,5870.566111111111,13093.041111111115
2020-01-29 09:00:00,32.0,1,9,2,53552.469,58917.887,5445.339000000007,10810.757000000012
2020-01-29 10:00:00,33.1,1,10,2,53418.713,56953.33,5098.799407407416,8633.416407407414
2020-01-29 11:00:00,33.1,1,11,2,53110.728,54990.373,4965.021740740747,6844.666740740744
2020-01-29 12:00:00,34.0,1,12,2,52651.476,53602.582,4813.72151851852,5764.827518518519
2020-01-29 13:00:00,33.1,1,13,2,52226.682,52465.449,4874.636444444441,5113.4034444444405
2020-01-29 14:00:00,34.0,1,14,2,51686.175,51491.977,4834.616444444437,4640.418444444433
2020-01-29 15:00:00,33.1,1,15,2,51297.672,50978.65,4710.194074074076,4391.172074074078
2020-01-29 16:00:00,33.1,1,16,2,51451.553,51386.818,4362.6490370370375,4297.914037037037
2020-01-29 17:00:00,33.1,1,17,2,52801.588,53441.95,3752.259222222216,4392.621222222209
2020-01-29 18:00:00,33.1,1,18,2,54248.929,55638.311,4109.4605925925935,5498.842592592599
2020-01-29 19:00:00,33.1,1,19,2,53830.054,55607.338,4051.204777777777,5828.488777777784
2020-01-29 20:00:00,33.1,1,20,2,53096.751,55109.761,3975.300814814822,5988.310814814824
2020-01-29 21:00:00,32.0,1,21,2,51464.548,53820.013,3549.879074074081,5905.344074074077
2020-01-29 22:00:00,32.0,1,22,2,49098.559,51578.734,2978.3969629629646,5458.57196296296
2020-01-29 23:00:00,32.0,1,23,2,46656.897,49456.058,2538.061370370371,5337.222370370371
2020-01-30 00:00:00,32.0,1,0,3,44999.679,47924.738,2826.609222222221,5751.668222222223
2020-01-30 01:00:00,30.9,1,1,3,43923.134,47118.799,2789.058185185175,5984.723185185176
2020-01-30 02:00:00,30.9,1,2,3,43555.969,46605.913,2977.037148148149,6026.981148148152
2020-01-30 03:00:00,30.9,1,3,3,43538.074,46800.886,3125.9145555555588,6388.726555555557
2020-01-30 04:00:00,30.0,1,4,3,44374.034,47563.631,3510.5216666666747,6700.118666666676
2020-01-30 05:00:00,30.0,1,5,3,46511.316,49688.159,4261.54585185185,7438.388851851851
2020-01-30 06:00:00,30.0,1,6,3,49947.605,53307.539,5324.753555555559,8684.687555555553
2020-01-30 07:00:00,30.0,1,7,3,52982.508,55939.223,6141.992814814817,9098.707814814814
2020-01-30 08:00:00,30.0,1,8,3,53543.847,56032.131,5848.609111111116,8336.893111111116
2020-01-30 09:00:00,30.9,1,9,3,53686.213,55352.995,5579.083000000013,7245.8650000000125
2020-01-30 10:00:00,32.0,1,10,3,53733.612,54692.676,5413.6984074074135,6372.762407407412
2020-01-30 11:00:00,33.1,1,11,3,53647.019,53324.807,5501.312740740745,5179.100740740745
2020-01-30 12:00:00,34.0,1,12,3,53197.623,52397.969,5359.868518518517,4560.2145185185145
2020-01-30 13:00:00,34.0,1,13,3,52865.518,51601.086,5513.472444444436,4249.040444444443
2020-01-30 14:00:00,35.1,1,14,3,52365.379,50840.102,5513.8204444444345,3988.5434444444327
2020-01-30 15:00:00,34.0,1,15,3,52156.292,50294.187,5568.814074074078,3706.709074074075
2020-01-30 16:00:00,34.0,1,16,3,52519.537,50730.049,5430.633037037034,3641.1450370370367
2020-01-30 17:00:00,33.1,1,17,3,53786.972,52298.965,4737.643222222214,3249.6362222222087
2020-01-30 18:00:00,32.0,1,18,3,54950.102,53617.432,4810.633592592596,3477.9635925925977
2020-01-30 19:00:00,32.0,1,19,3,54539.068,53342.007,4760.21877777778,3563.1577777777784
2020-01-30 20:00:00,32.0,1,20,3,53777.666,52431.042,4656.215814814823,3309.591814814826
2020-01-30 21:00:00,30.9,1,21,3,52199.295,50983.479,4284.626074074076,3068.8100740740774
2020-01-30 22:00:00,30.9,1,22,3,49812.932,48651.203,3692.769962962964,2531.040962962965
2020-01-30 23:00:00,30.9,1,23,3,47412.881,46221.762,3294.045370370375,2102.9263703703764
2020-01-31 00:00:00,30.0,1,0,4,45760.57,44603.694,3587.5002222222247,2430.624222222228
2020-01-31 01:00:00,30.0,1,1,4,44730.081,43530.162,3596.005185185175,2396.086185185173
2020-01-31 02:00:00,30.0,1,2,4,44288.628,42853.364,3709.696148148149,2274.432148148153
2020-01-31 03:00:00,30.0,1,3,4,44174.908,42715.327,3762.748555555561,2303.167555555556
2020-01-31 04:00:00,28.9,1,4,4,44787.857,43399.038,3924.344666666679,2535.5256666666755
2020-01-31 05:00:00,30.0,1,5,4,47119.737,45347.348,4869.966851851852,3097.577851851849
2020-01-31 06:00:00,30.0,1,6,4,50790.223,48710.058,6167.371555555554,4087.2065555555528
2020-01-31 07:00:00,30.9,1,7,4,53516.934,51454.127,6676.418814814817,4613.611814814816
2020-01-31 08:00:00,32.0,1,8,4,54053.207,51883.017,6357.969111111117,4187.779111111115
2020-01-31 09:00:00,33.1,1,9,4,53958.697,51946.93,5851.56700000001,3839.80000000001
2020-01-31 10:00:00,34.0,1,10,4,53938.282,51996.456,5618.368407407412,3676.542407407411
2020-01-31 11:00:00,34.0,1,11,4,53372.879,51711.087,5227.172740740745,3565.380740740744
2020-01-31 12:00:00,34.0,1,12,4,52903.692,51259.492,5065.93751851852,3421.737518518516
2020-01-31 13:00:00,35.1,1,13,4,52625.523,50665.968,5273.477444444441,3313.9224444444408
2020-01-31 14:00:00,36.0,1,14,4,52015.063,50032.989,5163.504444444436,3181.430444444435
2020-01-31 15:00:00,36.0,1,15,4,51769.038,49446.23,5181.560074074077,2858.75207407408
2020-01-31 16:00:00,36.0,1,16,4,52135.79,49501.108,5046.886037037039,2412.204037037038
2020-01-31 17:00:00,36.0,1,17,4,53578.043,50258.912,4528.71422222221,1209.5832222222089
2020-01-31 18:00:00,36.0,1,18,4,54810.198,50596.874,4670.729592592594,457.4055925926005
2020-01-31 19:00:00,35.1,1,19,4,54385.326,49745.155,4606.4767777777815,0.0
2020-01-31 20:00:00,35.1,1,20,4,53880.414,49008.079,4758.963814814822,0.0
2020-01-31 21:00:00,35.1,1,21,4,52349.929,47664.612,4435.2600740740745,0.0
2020-01-31 22:00:00,34.0,1,22,4,50031.493,45845.455,3911.3309629629657,0.0
2020-01-31 23:00:00,34.0,1,23,4,47732.824,43539.119,3613.988370370376,0.0
2020-02-01 00:00:00,33.1,2,0,5,46265.64,41940.607,4092.570222222224,0.0
2020-02-01 01:00:00,32.0,2,1,5,45128.86,40705.006,3994.784185185177,0.0
2020-02-01 02:00:00,33.1,2,2,5,44736.719,40091.157,4157.787148148149,0.0
2020-02-01 03:00:00,32.0,2,3,5,44993.297,39847.947,4581.137555555557,0.0
2020-02-01 04:00:00,32.0,2,4,5,45762.41,39963.355,4898.897666666679,0.0
2020-02-01 05:00:00,32.0,2,5,5,48009.219,40918.31,5759.448851851848,0.0
2020-02-01 06:00:00,32.0,2,6,5,51746.012,42451.665,7123.160555555558,0.0
2020-02-01 07:00:00,32.0,2,7,5,54416.943,44379.598,7576.427814814815,0.0
2020-02-01 08:00:00,32.0,2,8,5,54692.818,45781.073,6997.580111111114,0.0
2020-02-01 09:00:00,33.1,2,9,5,54404.512,47045.774,6297.382000000012,0.0
2020-02-01 10:00:00,34.0,2,10,5,54284.685,47767.792,5964.77140740741,0.0
2020-02-01 11:00:00,34.0,2,11,5,53536.891,47938.46,5391.184740740748,0.0
2020-02-01 12:00:00,36.0,2,12,5,52998.621,47751.178,5160.866518518516,0.0
2020-02-01 13:00:00,37.0,2,13,5,52456.819,47415.377,5104.773444444443,63.33144444444042
2020-02-01 14:00:00,35.1,2,14,5,51749.749,47083.276,4898.190444444437,231.7174444444317
2020-02-01 15:00:00,36.0,2,15,5,51300.908,46913.402,4713.43007407408,325.9240740740788
2020-02-01 16:00:00,37.0,2,16,5,51615.757,47202.978,4526.853037037035,114.0740370370404
2020-02-01 17:00:00,37.0,2,17,5,52729.838,48509.699,3680.509222222216,0.0
2020-02-01 18:00:00,37.0,2,18,5,54133.505,49478.43,3994.0365925925935,0.0
2020-02-01 19:00:00,37.0,2,19,5,54104.695,49014.856,4325.84577777778,0.0
2020-02-01 20:00:00,37.9,2,20,5,53310.856,48269.217,4189.405814814825,0.0
2020-02-01 21:00:00,37.9,2,21,5,51769.283,47381.43,3854.614074074081,0.0
2020-02-01 22:00:00,37.0,2,22,5,49437.287,45940.535,3317.12496296296,0.0
2020-02-01 23:00:00,36.0,2,23,5,47088.44,44225.704,2969.6043703703763,106.86837037037184
2020-02-02 00:00:00,36.0,2,0,6,45475.888,42876.744,3302.818222222224,703.6742222222238
2020-02-02 01:00:00,36.0,2,1,6,44378.301,41872.739,3244.225185185176,738.663185185178
2020-02-02 02:00:00,36.0,2,2,6,43882.625,41356.936,3303.6931481481515,778.004148148153
2020-02-02 03:00:00,35.1,2,3,6,43808.723,41162.901,3396.5635555555564,750.7415555555563
2020-02-02 04:00:00,35.1,2,4,6,44605.244,41226.109,3741.731666666674,362.5966666666718
2020-02-02 05:00:00,35.1,2,5,6,46623.345,41839.014,4373.574851851852,0.0
2020-02-02 06:00:00,34.0,2,6,6,50123.381,42756.661,5500.529555555557,0.0
2020-02-02 07:00:00,35.1,2,7,6,52797.047,44304.024,5956.531814814814,0.0
2020-02-02 08:00:00,35.1,2,8,6,53251.742,45483.255,5556.504111111113,0.0
2020-02-02 09:00:00,37.0,2,9,6,53208.156,46484.25,5101.026000000013,0.0
2020-02-02 10:00:00,41.0,2,10,6,52863.766,46974.834,4543.852407407416,0.0
2020-02-02 11:00:00,45.0,2,11,6,52513.373,47017.907,4367.666740740744,0.0
2020-02-02 12:00:00,48.0,2,12,6,51801.287,46980.989,3963.532518518514,0.0
2020-02-02 13:00:00,53.1,2,13,6,51309.067,46623.806,3957.0214444444414,0.0
2020-02-02 14:00:00,55.9,2,14,6,50706.97,46196.179,3855.411444444435,0.0
2020-02-02 15:00:00,59.0,2,15,6,50223.377,46213.987,3635.899074074077,0.0
2020-02-02 16:00:00,61.0,2,16,6,50173.64,47022.621,3084.736037037037,0.0
2020-02-02 17:00:00,59.0,2,17,6,51027.827,48622.952,1978.4982222222093,0.0
2020-02-02 18:00:00,57.0,2,18,6,52002.843,50273.201,1863.3745925925973,133.73259259259794
2020-02-02 19:00:00,55.9,2,19,6,51381.892,50342.176,1603.0427777777804,563.3267777777801
2020-02-02 20:00:00,54.0,2,20,6,50609.735,49651.478,1488.284814814826,530.0278148148282
2020-02-02 21:00:00,52.0,2,21,6,49478.168,48470.354,1563.499074074076,555.6850740740774
2020-02-02 22:00:00,52.0,2,22,6,47549.148,46731.077,1428.9859629629643,610.914962962961
2020-02-02 23:00:00,51.1,2,23,6,45311.979,45128.73,1193.1433703703733,1009.8943703703771
2020-02-03 00:00:00,48.9,2,0,0,43781.202,43918.925,576.4923333333354,1745.855222222228
2020-02-03 01:00:00,46.9,2,1,0,42682.911,43150.612,345.142399999997,2016.5361851851776
2020-02-03 02:00:00,41.0,2,2,0,42165.758,42980.175,257.95470000000205,2401.2431481481544
2020-02-03 03:00:00,37.9,2,3,0,41880.951,42893.541,0.5040999999982887,2481.381555555556
2020-02-03 04:00:00,36.0,2,4,0,42200.615,43940.484,0.0,3076.971666666672
2020-02-03 05:00:00,36.0,2,5,0,42816.73,46308.496,0.0,4058.72585185185
2020-02-03 06:00:00,35.1,2,6,0,44163.584,49994.135,0.0,5371.2835555555575
2020-02-03 07:00:00,34.0,2,7,0,45819.095,53016.267,0.0,6175.751814814816
2020-02-03 08:00:00,35.1,2,8,0,47060.54,53565.804,0.0,5870.566111111111
2020-02-03 09:00:00,39.9,2,9,0,47782.37,53552.469,0.0,5445.339000000007
2020-02-03 10:00:00,46.9,2,10,0,48045.911,53418.713,0.0,5098.799407407416
2020-02-03 11:00:00,51.1,2,11,0,47706.141,53110.728,0.0,4965.021740740747
2020-02-03 12:00:00,55.0,2,12,0,47253.451,52651.476,0.0,4813.72151851852
2020-02-03 13:00:00,60.1,2,13,0,46710.01,52226.682,0.0,4874.636444444441
2020-02-03 14:00:00,62.1,2,14,0,46187.144,51686.175,0.0,4834.616444444437
2020-02-03 15:00:00,62.1,2,15,0,46105.222,51297.672,0.0,4710.194074074076
2020-02-03 16:00:00,61.0,2,16,0,46299.266,51451.553,0.0,4362.6490370370375
2020-02-03 17:00:00,60.1,2,17,0,47556.992,52801.588,0.0,3752.259222222216
2020-02-03 18:00:00,57.9,2,18,0,48577.09,54248.929,0.0,4109.4605925925935
2020-02-03 19:00:00,59.0,2,19,0,48359.927,53830.054,0.0,4051.204777777777
2020-02-03 20:00:00,57.0,2,20,0,47872.407,53096.751,0.0,3975.300814814822
2020-02-03 21:00:00,57.9,2,21,0,46857.851,51464.548,0.0,3549.879074074081
2020-02-03 22:00:00,60.1,2,22,0,45463.496,49098.559,0.0,2978.3969629629646
2020-02-03 23:00:00,60.1,2,23,0,43696.445,46656.897,0.0,2538.061370370371
2020-02-04 00:00:00,57.0,2,0,1,42235.734,44999.679,0.0,2826.609222222221
2020-02-04 01:00:00,54.0,2,1,1,41248.242,43923.134,0.0,2789.058185185175
2020-02-04 02:00:00,53.1,2,2,1,40705.877,43555.969,0.0,2977.037148148149
2020-02-04 03:00:00,55.0,2,3,1,40738.052,43538.074,0.0,3125.9145555555588
2020-02-04 04:00:00,55.0,2,4,1,40826.86,44374.034,0.0,3510.5216666666747
2020-02-04 05:00:00,55.0,2,5,1,41398.084,46511.316,0.0,4261.54585185185
2020-02-04 06:00:00,55.0,2,6,1,42562.832,49947.605,0.0,5324.753555555559
2020-02-04 07:00:00,55.0,2,7,1,44040.276,52982.508,0.0,6141.992814814817
2020-02-04 08:00:00,54.0,2,8,1,44810.418,53543.847,0.0,5848.609111111116
2020-02-04 09:00:00,54.0,2,9,1,45059.181,53686.213,0.0,5579.083000000013
2020-02-04 10:00:00,53.1,2,10,1,44441.769,53733.612,0.0,5413.6984074074135
2020-02-04 11:00:00,54.0,2,11,1,43501.391,53647.019,0.0,5501.312740740745
2020-02-04 12:00:00,55.0,2,12,1,42728.504,53197.623,0.0,5359.868518518517
2020-02-04 13:00:00,55.9,2,13,1,41706.856,52865.518,0.0,5513.472444444436
2020-02-04 14:00:00,55.0,2,14,1,40897.684,52365.379,0.0,5513.8204444444345
2020-02-04 15:00:00,42.1,2,15,1,40592.649,52156.292,0.0,5568.814074074078
2020-02-04 16:00:00,41.0,2,16,1,41002.575,52519.537,0.0,5430.633037037034
2020-02-04 17:00:00,39.9,2,17,1,42449.297,53786.972,0.0,4737.643222222214
2020-02-04 18:00:00,37.0,2,18,1,44295.894,54950.102,0.0,4810.633592592596
2020-02-04 19:00:00,36.0,2,19,1,43841.348,54539.068,0.0,4760.21877777778
2020-02-04 20:00:00,35.1,2,20,1,43323.496,53777.666,0.0,4656.215814814823
2020-02-04 21:00:00,34.0,2,21,1,42581.587,52199.295,0.0,4284.626074074076
2020-02-04 22:00:00,34.0,2,22,1,41423.237,49812.932,0.0,3692.769962962964
2020-02-04 23:00:00,33.1,2,23,1,40103.513,47412.881,0.0,3294.045370370375
2020-02-05 00:00:00,33.1,2,0,2,38704.254,45760.57,0.0,3587.5002222222247
2020-02-05 01:00:00,33.1,2,1,2,38173.325,44730.081,0.0,3596.005185185175
2020-02-05 02:00:00,33.1,2,2,2,38111.183,44288.628,0.0,3709.696148148149
2020-02-05 03:00:00,33.1,2,3,2,38471.487,44174.908,0.0,3762.748555555561
2020-02-05 04:00:00,32.0,2,4,2,39533.421,44787.857,0.0,3924.344666666679
2020-02-05 05:00:00,32.0,2,5,2,42100.371,47119.737,0.0,4869.966851851852
2020-02-05 06:00:00,32.0,2,6,2,46296.937,50790.223,0.0,6167.371555555554
2020-02-05 07:00:00,30.9,2,7,2,49439.066,53516.934,616.0055333333294,6676.418814814817
2020-02-05 08:00:00,30.9,2,8,2,49847.567,54053.207,440.8050000000003,6357.969111111117
2020-02-05 09:00:00,30.9,2,9,2,48894.69,53958.697,0.0,5851.56700000001
2020-02-05 10:00:00,32.0,2,10,2,48008.791,53938.282,0.0,5618.368407407412
2020-02-05 11:00:00,32.0,2,11,2,47120.893,53372.879,0.0,5227.172740740745
2020-02-05 12:00:00,34.0,2,12,2,46328.001,52903.692,0.0,5065.93751851852
2020-02-05 13:00:00,36.0,2,13,2,45756.294,52625.523,0.0,5273.477444444441
2020-02-05 14:00:00,37.0,2,14,2,45069.186,52015.063,0.0,5163.504444444436
2020-02-05 15:00:00,37.9,2,15,2,44482.014,51769.038,0.0,5181.560074074077
2020-02-05 16:00:00,37.9,2,16,2,44601.252,52135.79,0.0,5046.886037037039
2020-02-05 17:00:00,37.0,2,17,2,45840.814,53578.043,0.0,4528.71422222221
2020-02-05 18:00:00,37.0,2,18,2,47896.149,54810.198,0.0,4670.729592592594
2020-02-05 19:00:00,35.1,2,19,2,47936.142,54385.326,0.0,4606.4767777777815
2020-02-05 20:00:00,33.1,2,20,2,47144.644,53880.414,0.0,4758.963814814822
2020-02-05 21:00:00,32.0,2,21,2,45500.789,52349.929,0.0,4435.2600740740745
2020-02-05 22:00:00,32.0,2,22,2,43216.57,50031.493,0.0,3911.3309629629657
2020-02-05 23:00:00,32.0,2,23,2,40912.922,47732.824,0.0,3613.988370370376
2020-02-06 00:00:00,32.0,2,0,3,39104.303,46265.64,0.0,4092.570222222224
2020-02-06 01:00:00,32.0,2,1,3,38227.943,45128.86,0.0,3994.784185185177
2020-02-06 02:00:00,32.0,2,2,3,37505.199,44736.719,0.0,4157.787148148149
2020-02-06 03:00:00,32.0,2,3,3,37369.402,44993.297,0.0,4581.137555555557
2020-02-06 04:00:00,32.0,2,4,3,38004.347,45762.41,0.0,4898.897666666679
2020-02-06 05:00:00,32.0,2,5,3,40033.704,48009.219,0.0,5759.448851851848
2020-02-06 06:00:00,32.0,2,6,3,43682.266,51746.012,0.0,7123.160555555558
2020-02-06 07:00:00,33.1,2,7,3,46503.222,54416.943,0.0,7576.427814814815
2020-02-06 08:00:00,33.1,2,8,3,47104.519,54692.818,0.0,6997.580111111114
2020-02-06 09:00:00,33.1,2,9,3,47534.884,54404.512,0.0,6297.382000000012
2020-02-06 10:00:00,33.1,2,10,3,47796.418,54284.685,0.0,5964.77140740741
2020-02-06 11:00:00,33.1,2,11,3,47835.814,53536.891,0.0,5391.184740740748
2020-02-06 12:00:00,34.0,2,12,3,47803.601,52998.621,0.0,5160.866518518516
2020-02-06 13:00:00,34.0,2,13,3,47804.828,52456.819,211.2853000000105,5104.773444444443
2020-02-06 14:00:00,35.1,2,14,3,47512.989,51749.749,482.1664000000019,4898.190444444437
2020-02-06 15:00:00,34.0,2,15,3,47494.992,51300.908,792.2460333333365,4713.43007407408
2020-02-06 16:00:00,34.0,2,16,3,47986.845,51615.757,1021.4853666666822,4526.853037037035
2020-02-06 17:00:00,33.1,2,17,3,49375.809,52729.838,1351.219400000009,3680.509222222216
2020-02-06 18:00:00,33.1,2,18,3,50794.063,54133.505,999.4420999999928,3994.0365925925935
2020-02-06 19:00:00,30.9,2,19,3,50568.572,54104.695,491.2302666666728,4325.84577777778
2020-02-06 20:00:00,30.0,2,20,3,49803.271,53310.856,276.6402666666618,4189.405814814825
2020-02-06 21:00:00,30.0,2,21,3,48269.671,51769.283,0.0,3854.614074074081
2020-02-06 22:00:00,30.0,2,22,3,46162.006,49437.287,0.0,3317.12496296296
2020-02-06 23:00:00,30.0,2,23,3,44151.287,47088.44,0.0,2969.6043703703763
2020-02-07 00:00:00,28.9,2,0,4,42402.992,45475.888,0.0,3302.818222222224
2020-02-07 01:00:00,28.9,2,1,4,41514.649,44378.301,0.0,3244.225185185176
2020-02-07 02:00:00,28.0,2,2,4,41166.744,43882.625,0.0,3303.6931481481515
2020-02-07 03:00:00,28.0,2,3,4,41355.657,43808.723,0.0,3396.5635555555564
2020-02-07 04:00:00,28.0,2,4,4,42283.154,44605.244,0.0,3741.731666666674
2020-02-07 05:00:00,27.0,2,5,4,44593.12,46623.345,587.120299999995,4373.574851851852
2020-02-07 06:00:00,27.0,2,6,4,48406.936,50123.381,1710.5380666666751,5500.529555555557
2020-02-07 07:00:00,27.0,2,7,4,51465.202,52797.047,2642.141533333328,5956.531814814814
2020-02-07 08:00:00,27.0,2,8,4,51968.396,53251.742,2561.633999999998,5556.504111111113
2020-02-07 09:00:00,28.0,2,9,4,52121.323,53208.156,2672.1558333333232,5101.026000000013
2020-02-07 10:00:00,27.0,2,10,4,52213.524,52863.766,3004.8886333333285,4543.852407407416
2020-02-07 11:00:00,28.0,2,11,4,51757.831,52513.373,3083.1708333333154,4367.666740740744
2020-02-07 12:00:00,28.9,2,12,4,51469.576,51801.287,3320.0676333333467,3963.532518518514
2020-02-07 13:00:00,28.9,2,13,4,51242.083,51309.067,3648.540300000008,3957.0214444444414
2020-02-07 14:00:00,30.0,2,14,4,51036.026,50706.97,4005.2034,3855.411444444435
2020-02-07 15:00:00,32.0,2,15,4,50809.962,50223.377,4107.216033333338,3635.899074074077
2020-02-07 16:00:00,32.0,2,16,4,51196.05,50173.64,4230.690366666684,3084.736037037037
2020-02-07 17:00:00,30.9,2,17,4,52768.26,51027.827,4743.67040000001,1978.4982222222093
2020-02-07 18:00:00,30.0,2,18,4,53951.049,52002.843,4156.42809999999,1863.3745925925973
2020-02-07 19:00:00,28.9,2,19,4,53645.522,51381.892,3568.18026666667,1603.0427777777804
2020-02-07 20:00:00,28.9,2,20,4,52920.988,50609.735,3394.3572666666587,1488.284814814826
2020-02-07 21:00:00,28.0,2,21,4,51387.084,49478.168,3079.250199999995,1563.499074074076
2020-02-07 22:00:00,27.0,2,22,4,49086.261,47549.148,2568.6076666666777,1428.9859629629643
2020-02-07 23:00:00,26.1,2,23,4,46674.333,45311.979,2107.0087999999814,1193.1433703703733
2020-02-08 00:00:00,25.0,2,0,5,44830.075,43781.202,1625.365333333335,576.4923333333354
2020-02-08 01:00:00,24.1,2,1,5,43710.658,42682.911,1372.8894,345.142399999997
2020-02-08 02:00:00,26.1,2,2,5,43125.125,42165.758,1217.3217000000004,257.95470000000205
2020-02-08 03:00:00,28.0,2,3,5,42912.808,41880.951,1032.3610999999946,0.5040999999982887
2020-02-08 04:00:00,28.9,2,4,5,43625.957,42200.615,1177.5973000000013,0.0
2020-02-08 05:00:00,28.9,2,5,5,45755.027,42816.73,1749.0272999999945,0.0
2020-02-08 06:00:00,28.9,2,6,5,48997.683,44163.584,2301.285066666671,0.0
2020-02-08 07:00:00,28.9,2,7,5,51735.504,45819.095,2912.443533333332,0.0
2020-02-08 08:00:00,28.0,2,8,5,52191.605,47060.54,2784.8430000000008,0.0
2020-02-08 09:00:00,28.0,2,9,5,52630.841,47782.37,3181.673833333327,0.0
2020-02-08 10:00:00,28.9,2,10,5,52914.243,48045.911,3705.607633333333,0.0
2020-02-08 11:00:00,28.9,2,11,5,52954.469,47706.141,4279.808833333314,0.0
2020-02-08 12:00:00,30.0,2,12,5,52907.236,47253.451,4757.727633333343,0.0
2020-02-08 13:00:00,30.0,2,13,5,52629.15,46710.01,5035.607300000011,0.0
2020-02-08 14:00:00,30.0,2,14,5,52315.219,46187.144,5284.396399999998,0.0
2020-02-08 15:00:00,30.9,2,15,5,51806.294,46105.222,5103.54803333334,0.0
2020-02-08 16:00:00,30.9,2,16,5,51966.263,46299.266,5000.90336666668,0.0
2020-02-08 17:00:00,32.0,2,17,5,52938.788,47556.992,4914.198400000008,0.0
2020-02-08 18:00:00,32.0,2,18,5,54040.442,48577.09,4245.821099999994,0.0
2020-02-08 19:00:00,32.0,2,19,5,53848.026,48359.927,3770.684266666671,0.0
2020-02-08 20:00:00,33.1,2,20,5,53018.364,47872.407,3491.7332666666625,0.0
2020-02-08 21:00:00,32.0,2,21,5,51413.557,46857.851,3105.723199999993,0.0
2020-02-08 22:00:00,32.0,2,22,5,49213.358,45463.496,2695.70466666668,0.0
2020-02-08 23:00:00,32.0,2,23,5,46856.354,43696.445,2289.029799999982,0.0
2020-02-09 00:00:00,32.0,2,0,6,45344.832,42235.734,2140.12233333334,0.0
2020-02-09 01:00:00,30.9,2,1,6,44610.557,41248.242,2272.7883999999976,0.0
2020-02-09 02:00:00,30.9,2,2,6,44405.182,40705.877,2497.378700000001,0.0
2020-02-09 03:00:00,30.9,2,3,6,44575.805,40738.052,2695.3580999999976,0.0
2020-02-09 04:00:00,30.0,2,4,6,45488.262,40826.86,3039.9023000000016,0.0
2020-02-09 05:00:00,30.0,2,5,6,47625.705,41398.084,3619.705299999994,0.0
2020-02-09 06:00:00,30.0,2,6,6,50924.164,42562.832,4227.766066666671,0.0
2020-02-09 07:00:00,28.9,2,7,6,53756.733,44040.276,4933.672533333331,0.0
2020-02-09 08:00:00,28.0,2,8,6,54637.573,44810.418,5230.810999999994,0.0
2020-02-09 09:00:00,30.0,2,9,6,54897.275,45059.181,5448.107833333328,0.0
2020-02-09 10:00:00,30.9,2,10,6,54793.106,44441.769,5584.470633333331,0.0
2020-02-09 11:00:00,33.1,2,11,6,54267.312,43501.391,5592.651833333315,0.0
2020-02-09 12:00:00,34.0,2,12,6,53884.72,42728.504,5735.211633333347,0.0
2020-02-09 13:00:00,34.0,2,13,6,53426.132,41706.856,5832.589300000007,0.0
2020-02-09 14:00:00,34.0,2,14,6,52848.415,40897.684,5817.592400000001,0.0
2020-02-09 15:00:00,35.1,2,15,6,52322.02,40592.649,5619.274033333335,0.0
2020-02-09 16:00:00,35.1,2,16,6,52336.279,41002.575,5370.919366666683,0.0
2020-02-09 17:00:00,33.1,2,17,6,53008.832,42449.297,4984.24240000001,0.0
2020-02-09 18:00:00,35.1,2,18,6,54608.849,44295.894,4814.228099999993,0.0
2020-02-09 19:00:00,36.0,2,19,6,54294.021,43841.348,4216.679266666673,0.0
2020-02-09 20:00:00,36.0,2,20,6,53531.709,43323.496,4005.078266666664,0.0
2020-02-09 21:00:00,36.0,2,21,6,52307.497,42581.587,3999.6631999999954,0.0
2020-02-09 22:00:00,37.0,2,22,6,50423.647,41423.237,3905.993666666676,0.0
2020-02-09 23:00:00,37.9,2,23,6,48017.626,40103.513,3450.30179999998,0.0
2020-02-10 00:00:00,41.0,2,0,0,46565.787,38704.254,3361.0773333333345,0.0
2020-02-10 01:00:00,41.0,2,1,0,45585.891,38173.325,3248.1224,0.0
2020-02-10 02:00:00,43.0,2,2,0,45091.293,38111.183,3183.4896999999983,0.0
2020-02-10 03:00:00,44.1,2,3,0,45015.188,38471.487,3134.7411,0.0
2020-02-10 04:00:00,45.0,2,4,0,45269.979,39533.421,2821.6192999999985,0.0
2020-02-10 05:00:00,45.0,2,5,0,46027.193,42100.371,2021.193299999992,0.0
2020-02-10 06:00:00,46.0,2,6,0,47409.174,46296.937,712.7760666666727,0.0
2020-02-10 07:00:00,46.0,2,7,0,49008.175,49439.066,185.11453333333336,616.0055333333294
2020-02-10 08:00:00,46.0,2,8,0,49998.047,49847.567,591.2849999999962,440.8050000000003
2020-02-10 09:00:00,46.0,2,9,0,50192.466,48894.69,743.2988333333269,0.0
2020-02-10 10:00:00,42.1,2,10,0,49975.144,48008.791,766.5086333333311,0.0
2020-02-10 11:00:00,39.9,2,11,0,49293.215,47120.893,618.5548333333136,0.0
2020-02-10 12:00:00,42.1,2,12,0,48438.382,46328.001,288.8736333333436,0.0
2020-02-10 13:00:00,42.1,2,13,0,47819.209,45756.294,225.6663000000117,0.0
2020-02-10 14:00:00,41.0,2,14,0,47512.138,45069.186,481.3153999999995,0.0
2020-02-10 15:00:00,39.9,2,15,0,47363.854,44482.014,661.1080333333375,0.0
2020-02-10 16:00:00,39.0,2,16,0,47629.27,44601.252,663.9103666666779,0.0
2020-02-10 17:00:00,39.0,2,17,0,48674.533,45840.814,649.943400000011,0.0
2020-02-10 18:00:00,39.0,2,18,0,50247.796,47896.149,453.1750999999931,0.0
2020-02-10 19:00:00,39.0,2,19,0,50048.497,47936.142,0.0,0.0
2020-02-10 20:00:00,39.0,2,20,0,49369.323,47144.644,0.0,0.0
2020-02-10 21:00:00,39.0,2,21,0,48317.171,45500.789,9.337199999994482,0.0
2020-02-10 22:00:00,39.0,2,22,0,46817.6,43216.57,299.94666666667763,0.0
2020-02-10 23:00:00,37.9,2,23,0,45182.44,40912.922,615.115799999985,0.0
2020-02-11 00:00:00,37.9,2,0,1,43940.024,39104.303,735.3143333333355,0.0
2020-02-11 01:00:00,37.0,2,1,1,43279.582,38227.943,941.8133999999992,0.0
2020-02-11 02:00:00,37.0,2,2,1,42973.555,37505.199,1065.7517000000007,0.0
2020-02-11 03:00:00,36.0,2,3,1,42944.034,37369.402,1063.587099999997,0.0
2020-02-11 04:00:00,36.0,2,4,1,43208.251,38004.347,759.8912999999957,0.0
2020-02-11 05:00:00,35.1,2,5,1,43949.181,40033.704,0.0,0.0
2020-02-11 06:00:00,35.1,2,6,1,45203.947,43682.266,0.0,0.0
2020-02-11 07:00:00,35.1,2,7,1,46638.856,46503.222,0.0,0.0
2020-02-11 08:00:00,34.0,2,8,1,47499.433,47104.519,0.0,0.0
2020-02-11 09:00:00,34.0,2,9,1,47380.249,47534.884,0.0,0.0
2020-02-11 10:00:00,35.1,2,10,1,46739.232,47796.418,0.0,0.0
2020-02-11 11:00:00,36.0,2,11,1,46450.114,47835.814,0.0,0.0
2020-02-11 12:00:00,37.9,2,12,1,46377.088,47803.601,0.0,0.0
2020-02-11 13:00:00,39.0,2,13,1,46180.353,47804.828,0.0,211.2853000000105
2020-02-11 14:00:00,39.0,2,14,1,46029.779,47512.989,0.0,482.1664000000019
2020-02-11 15:00:00,39.0,2,15,1,46152.416,47494.992,0.0,792.2460333333365
2020-02-11 16:00:00,37.9,2,16,1,46787.037,47986.845,0.0,1021.4853666666822
2020-02-11 17:00:00,37.9,2,17,1,48058.665,49375.809,34.07540000000881,1351.219400000009
2020-02-11 18:00:00,37.9,2,18,1,49737.333,50794.063,0.0,999.4420999999928
2020-02-11 19:00:00,37.0,2,19,1,49786.088,50568.572,0.0,491.2302666666728
2020-02-11 20:00:00,36.0,2,20,1,48892.479,49803.271,0.0,276.6402666666618
2020-02-11 21:00:00,36.0,2,21,1,47370.403,48269.671,0.0,0.0
2020-02-11 22:00:00,34.0,2,22,1,45475.069,46162.006,0.0,0.0
2020-02-11 23:00:00,34.0,2,23,1,43628.89,44151.287,0.0,0.0
2020-02-12 00:00:00,33.1,2,0,2,42489.131,42402.992,0.0,0.0
2020-02-12 01:00:00,32.0,2,1,2,41608.447,41514.649,0.0,0.0
2020-02-12 02:00:00,28.9,2,2,2,41304.962,41166.744,0.0,0.0
2020-02-12 03:00:00,28.9,2,3,2,41342.769,41355.657,0.0,0.0
2020-02-12 04:00:00,30.0,2,4,2,42213.678,42283.154,0.0,0.0
2020-02-12 05:00:00,28.9,2,5,2,44389.62,44593.12,383.62029999999504,587.120299999995
2020-02-12 06:00:00,28.0,2,6,2,48037.958,48406.936,1341.5600666666724,1710.5380666666751
2020-02-12 07:00:00,26.1,2,7,2,50709.915,51465.202,1886.854533333332,2642.141533333328
2020-02-12 08:00:00,27.0,2,8,2,51154.141,51968.396,1747.3790000000008,2561.633999999998
2020-02-12 09:00:00,30.0,2,9,2,51491.663,52121.323,2042.495833333327,2672.1558333333232
2020-02-12 10:00:00,32.0,2,10,2,51606.816,52213.524,2398.1806333333298,3004.8886333333285
2020-02-12 11:00:00,34.0,2,11,2,51545.725,51757.831,2871.064833333316,3083.1708333333154
2020-02-12 12:00:00,35.1,2,12,2,51037.253,51469.576,2887.744633333343,3320.0676333333467
2020-02-12 13:00:00,36.0,2,13,2,50657.041,51242.083,3063.4983000000066,3648.540300000008
2020-02-12 14:00:00,37.0,2,14,2,50254.763,51036.026,3223.9403999999995,4005.2034
2020-02-12 15:00:00,37.0,2,15,2,49941.094,50809.962,3238.3480333333355,4107.216033333338
2020-02-12 16:00:00,35.1,2,16,2,50078.496,51196.05,3113.1363666666803,4230.690366666684
2020-02-12 17:00:00,33.1,2,17,2,50867.523,52768.26,2842.933400000009,4743.67040000001
2020-02-12 18:00:00,32.0,2,18,2,52221.114,53951.049,2426.4930999999924,4156.42809999999
2020-02-12 19:00:00,32.0,2,19,2,52081.711,53645.522,2004.369266666676,3568.18026666667
2020-02-12 20:00:00,32.0,2,20,2,51188.736,52920.988,1662.1052666666585,3394.3572666666587
2020-02-12 21:00:00,33.1,2,21,2,49495.932,51387.084,1188.098199999993,3079.250199999995
2020-02-12 22:00:00,34.0,2,22,2,47131.063,49086.261,613.409666666681,2568.6076666666777
2020-02-12 23:00:00,34.0,2,23,2,44858.992,46674.333,291.66779999998107,2107.0087999999814
2020-02-13 00:00:00,33.1,2,0,3,43175.674,44830.075,0.0,1625.365333333335
2020-02-13 01:00:00,33.1,2,1,3,42132.92,43710.658,0.0,1372.8894
2020-02-13 02:00:00,33.1,2,2,3,41674.878,43125.125,0.0,1217.3217000000004
2020-02-13 03:00:00,33.1,2,3,3,41639.317,42912.808,0.0,1032.3610999999946
2020-02-13 04:00:00,33.1,2,4,3,42435.512,43625.957,0.0,1177.5973000000013
2020-02-13 05:00:00,33.1,2,5,3,44607.787,45755.027,601.787299999989,1749.0272999999945
2020-02-13 06:00:00,33.1,2,6,3,48255.202,48997.683,1558.8040666666711,2301.285066666671
2020-02-13 07:00:00,33.1,2,7,3,51045.259,51735.504,2222.1985333333287,2912.443533333332
2020-02-13 08:00:00,32.0,2,8,3,51492.382,52191.605,2085.619999999996,2784.8430000000008
2020-02-13 09:00:00,32.0,2,9,3,51645.313,52630.841,2196.1458333333285,3181.673833333327
2020-02-13 10:00:00,32.0,2,10,3,51453.504,52914.243,2244.868633333332,3705.607633333333
2020-02-13 11:00:00,33.1,2,11,3,51078.651,52954.469,2403.990833333315,4279.808833333314
2020-02-13 12:00:00,33.1,2,12,3,50605.668,52907.236,2456.159633333344,4757.727633333343
2020-02-13 13:00:00,34.0,2,13,3,50208.8,52629.15,2615.257300000012,5035.607300000011
2020-02-13 14:00:00,34.0,2,14,3,49797.341,52315.219,2766.518400000001,5284.396399999998
2020-02-13 15:00:00,34.0,2,15,3,49465.252,51806.294,2762.5060333333386,5103.54803333334
2020-02-13 16:00:00,35.1,2,16,3,49765.225,51966.263,2799.86536666668,5000.90336666668
2020-02-13 17:00:00,35.1,2,17,3,50670.055,52938.788,2645.465400000008,4914.198400000008
2020-02-13 18:00:00,34.0,2,18,3,52548.39,54040.442,2753.7690999999904,4245.821099999994
2020-02-13 19:00:00,33.1,2,19,3,52770.749,53848.026,2693.407266666676,3770.684266666671
2020-02-13 20:00:00,30.9,2,20,3,52050.885,53018.364,2524.254266666663,3491.7332666666625
2020-02-13 21:00:00,28.9,2,21,3,50658.976,51413.557,2351.142199999995,3105.723199999993
2020-02-13 22:00:00,28.0,2,22,3,48441.639,49213.358,1923.985666666682,2695.70466666668
2020-02-13 23:00:00,26.1,2,23,3,46155.76,46856.354,1588.4357999999847,2289.029799999982
2020-02-14 00:00:00,24.1,2,0,4,44826.437,45344.832,1621.727333333336,2140.12233333334
2020-02-14 01:00:00,21.9,2,1,4,43944.035,44610.557,1606.2664000000004,2272.7883999999976
2020-02-14 02:00:00,21.0,2,2,4,43701.642,44405.182,1793.8387000000002,2497.378700000001
2020-02-14 03:00:00,19.9,2,3,4,43878.823,44575.805,1998.376099999994,2695.3580999999976
2020-02-14 04:00:00,19.9,2,4,4,44742.806,45488.262,2294.446299999996,3039.9023000000016
2020-02-14 05:00:00,19.0,2,5,4,47059.273,47625.705,3053.273299999993,3619.705299999994
2020-02-14 06:00:00,19.0,2,6,4,50891.635,50924.164,4195.237066666676,4227.766066666671
2020-02-14 07:00:00,19.0,2,7,4,53597.906,53756.733,4774.845533333333,4933.672533333331
2020-02-14 08:00:00,18.0,2,8,4,53645.945,54637.573,4239.182999999997,5230.810999999994
2020-02-14 09:00:00,17.1,2,9,4,53132.47,54897.275,3683.302833333328,5448.107833333328
2020-02-14 10:00:00,17.1,2,10,4,52971.802,54793.106,3763.166633333334,5584.470633333331
2020-02-14 11:00:00,19.0,2,11,4,52668.421,54267.312,3993.760833333319,5592.651833333315
2020-02-14 12:00:00,19.9,2,12,4,52301.836,53884.72,4152.327633333349,5735.211633333347
2020-02-14 13:00:00,21.0,2,13,4,51984.811,53426.132,4391.268300000011,5832.589300000007
2020-02-14 14:00:00,23.0,2,14,4,51809.703,52848.415,4778.880400000002,5817.592400000001
2020-02-14 15:00:00,21.0,2,15,4,51585.169,52322.02,4882.42303333334,5619.274033333335
2020-02-14 16:00:00,21.9,2,16,4,52246.056,52336.279,5280.696366666678,5370.919366666683
2020-02-14 17:00:00,23.0,2,17,4,53548.704,53008.832,5524.114400000006,4984.24240000001
2020-02-14 18:00:00,21.0,2,18,4,54920.917,54608.849,5126.296099999992,4814.228099999993
2020-02-14 19:00:00,18.0,2,19,4,54584.603,54294.021,4507.261266666676,4216.679266666673
2020-02-14 20:00:00,17.1,2,20,4,53574.385,53531.709,4047.754266666663,4005.078266666664
2020-02-14 21:00:00,17.1,2,21,4,51992.636,52307.497,3684.802199999991,3999.6631999999954
2020-02-14 22:00:00,16.0,2,22,4,49202.89,50423.647,2685.2366666666785,3905.993666666676
2020-02-14 23:00:00,16.0,2,23,4,46693.289,48017.626,2125.96479999998,3450.30179999998
2020-02-15 00:00:00,16.0,2,0,5,44888.831,46565.787,1684.1213333333362,3361.0773333333345
2020-02-15 01:00:00,14.0,2,1,5,43798.89,45585.891,1461.1213999999964,3248.1224
2020-02-15 02:00:00,12.9,2,2,5,43200.145,45091.293,1292.3416999999972,3183.4896999999983
2020-02-15 03:00:00,14.0,2,3,5,43147.113,45015.188,1266.666099999995,3134.7411
2020-02-15 04:00:00,14.0,2,4,5,43776.629,45269.979,1328.2693,2821.6192999999985
2020-02-15 05:00:00,14.0,2,5,5,45992.074,46027.193,1986.074299999993,2021.193299999992
2020-02-15 06:00:00,15.1,2,6,5,49425.551,47409.174,2729.153066666673,712.7760666666727
2020-02-15 07:00:00,15.1,2,7,5,52239.728,49008.175,3416.6675333333333,185.11453333333336
2020-02-15 08:00:00,16.0,2,8,5,52675.621,49998.047,3268.8589999999967,591.2849999999962
2020-02-15 09:00:00,19.0,2,9,5,52991.65,50192.466,3542.482833333328,743.2988333333269
2020-02-15 10:00:00,21.9,2,10,5,53374.102,49975.144,4165.46663333333,766.5086333333311
2020-02-15 11:00:00,25.0,2,11,5,53305.916,49293.215,4631.2558333333145,618.5548333333136
2020-02-15 12:00:00,28.9,2,12,5,52995.081,48438.382,4845.572633333344,288.8736333333436
2020-02-15 13:00:00,30.9,2,13,5,52982.939,47819.209,5389.396300000008,225.6663000000117
2020-02-15 14:00:00,33.1,2,14,5,52579.809,47512.138,5548.986400000002,481.3153999999995
2020-02-15 15:00:00,34.0,2,15,5,52593.768,47363.854,5891.022033333335,661.1080333333375
2020-02-15 16:00:00,36.0,2,16,5,52882.441,47629.27,5917.08136666668,663.9103666666779
2020-02-15 17:00:00,36.0,2,17,5,54001.64,48674.533,5977.050400000007,649.943400000011
2020-02-15 18:00:00,36.0,2,18,5,55705.4,50247.796,5910.7790999999925,453.1750999999931
2020-02-15 19:00:00,35.1,2,19,5,56252.973,50048.497,6175.631266666671,0.0
2020-02-15 20:00:00,35.1,2,20,5,55846.617,49369.323,6319.98626666666,0.0
2020-02-15 21:00:00,35.1,2,21,5,54836.347,48317.171,6528.513199999994,9.337199999994482
2020-02-15 22:00:00,35.1,2,22,5,52876.818,46817.6,6359.164666666678,299.94666666667763
2020-02-15 23:00:00,34.0,2,23,5,50811.05,45182.44,6243.725799999986,615.115799999985
2020-02-16 00:00:00,35.1,2,0,6,49583.624,43940.024,6378.914333333341,735.3143333333355
2020-02-16 01:00:00,36.0,2,1,6,48907.046,43279.582,6569.277399999999,941.8133999999992
2020-02-16 02:00:00,36.0,2,2,6,48787.74,42973.555,6879.936699999998,1065.7517000000007
2020-02-16 03:00:00,35.1,2,3,6,48952.794,42944.034,7072.347099999999,1063.587099999997
2020-02-16 04:00:00,36.0,2,4,6,49928.83,43208.251,7480.470300000001,759.8912999999957
2020-02-16 05:00:00,36.0,2,5,6,52118.829,43949.181,8112.82929999999,0.0
2020-02-16 06:00:00,36.0,2,6,6,55796.219,45203.947,9099.821066666673,0.0
2020-02-16 07:00:00,36.0,2,7,6,58608.805,46638.856,9785.74453333333,0.0
2020-02-16 08:00:00,37.0,2,8,6,59219.477,47499.433,9812.714999999997,0.0
2020-02-16 09:00:00,37.0,2,9,6,58942.782,47380.249,9493.614833333326,0.0
2020-02-16 10:00:00,37.9,2,10,6,58222.828,46739.232,9014.192633333332,0.0
2020-02-16 11:00:00,39.0,2,11,6,57221.055,46450.114,8546.394833333317,0.0
2020-02-16 12:00:00,39.9,2,12,6,56340.475,46377.088,8190.966633333344,0.0
2020-02-16 13:00:00,39.9,2,13,6,55460.151,46180.353,7866.608300000007,0.0
2020-02-16 14:00:00,41.0,2,14,6,54515.783,46029.779,7484.960400000004,0.0
2020-02-16 15:00:00,41.0,2,15,6,53669.792,46152.416,6967.046033333339,0.0
2020-02-16 16:00:00,44.1,2,16,6,53726.641,46787.037,6761.281366666684,0.0
2020-02-16 17:00:00,43.0,2,17,6,54760.681,48058.665,6736.091400000005,34.07540000000881
2020-02-16 18:00:00,39.9,2,18,6,57275.745,49737.333,7481.124099999994,0.0
2020-02-16 19:00:00,39.0,2,19,6,58064.531,49786.088,7987.189266666675,0.0
2020-02-16 20:00:00,36.0,2,20,6,57912.927,48892.479,8386.296266666664,0.0
2020-02-16 21:00:00,30.9,2,21,6,57104.906,47370.403,8797.072199999995,0.0
2020-02-16 22:00:00,28.9,2,22,6,55770.65,45475.069,9252.99666666668,0.0
2020-02-16 23:00:00,28.0,2,23,6,54027.106,43628.89,9459.781799999982,0.0
2020-02-17 00:00:00,28.9,2,0,0,52747.263,42489.131,9542.553333333335,0.0
2020-02-17 01:00:00,26.1,2,1,0,51946.983,41608.447,9609.214399999995,0.0
2020-02-17 02:00:00,25.0,2,2,0,51889.283,41304.962,9981.479700000004,0.0
2020-02-17 03:00:00,26.1,2,3,0,51689.328,41342.769,9808.8811,0.0
2020-02-17 04:00:00,23.0,2,4,0,52197.791,42213.678,9749.431299999997,0.0
2020-02-17 05:00:00,23.0,2,5,0,53127.961,44389.62,9121.961299999995,383.62029999999504
2020-02-17 06:00:00,23.0,2,6,0,54562.299,48037.958,7865.901066666673,1341.5600666666724
2020-02-17 07:00:00,25.0,2,7,0,55727.304,50709.915,6904.243533333327,1886.854533333332
2020-02-17 08:00:00,24.1,2,8,0,55929.142,51154.141,6522.379999999997,1747.3790000000008
2020-02-17 09:00:00,32.0,2,9,0,54934.425,51491.663,5485.2578333333295,2042.495833333327
2020-02-17 10:00:00,35.1,2,10,0,53761.812,51606.816,4553.176633333329,2398.1806333333298
2020-02-17 11:00:00,39.0,2,11,0,52364.188,51545.725,3689.527833333319,2871.064833333316
2020-02-17 12:00:00,43.0,2,12,0,50972.182,51037.253,2822.6736333333465,2887.744633333343
2020-02-17 13:00:00,46.0,2,13,0,49582.32,50657.041,1988.7773000000088,3063.4983000000066
2020-02-17 14:00:00,46.9,2,14,0,48346.283,50254.763,1315.4604000000036,3223.9403999999995
2020-02-17 15:00:00,48.0,2,15,0,47698.041,49941.094,995.2950333333356,3238.3480333333355
2020-02-17 16:00:00,46.9,2,16,0,47761.137,50078.496,795.7773666666835,3113.1363666666803
2020-02-17 17:00:00,46.9,2,17,0,48622.977,50867.523,598.3874000000069,2842.933400000009
2020-02-17 18:00:00,45.0,2,18,0,50331.634,52221.114,537.0130999999892,2426.4930999999924
2020-02-17 19:00:00,44.1,2,19,0,50600.028,52081.711,522.6862666666711,2004.369266666676
2020-02-17 20:00:00,44.1,2,20,0,50045.635,51188.736,519.0042666666632,1662.1052666666585
2020-02-17 21:00:00,45.0,2,21,0,48988.065,49495.932,680.2311999999947,1188.098199999993
2020-02-17 22:00:00,45.0,2,22,0,47473.078,47131.063,955.4246666666804,613.409666666681
2020-02-17 23:00:00,43.0,2,23,0,45530.03,44858.992,962.7057999999817,291.66779999998107
2020-02-18 00:00:00,43.0,2,0,1,44009.636,43175.674,804.9263333333365,0.0
2020-02-18 01:00:00,45.0,2,1,1,42920.727,42132.92,582.9583999999959,0.0
2020-02-18 02:00:00,48.0,2,2,1,42383.809,41674.878,476.0057000000015,0.0
2020-02-18 03:00:00,51.1,2,3,1,42040.89,41639.317,160.44309999999678,0.0
2020-02-18 04:00:00,51.1,2,4,1,42128.653,42435.512,0.0,0.0
2020-02-18 05:00:00,50.0,2,5,1,42583.108,44607.787,0.0,601.787299999989
2020-02-18 06:00:00,51.1,2,6,1,43593.456,48255.202,0.0,1558.8040666666711
2020-02-18 07:00:00,50.0,2,7,1,44897.853,51045.259,0.0,2222.1985333333287
2020-02-18 08:00:00,50.0,2,8,1,45818.325,51492.382,0.0,2085.619999999996
2020-02-18 09:00:00,50.0,2,9,1,46165.631,51645.313,0.0,2196.1458333333285
2020-02-18 10:00:00,51.1,2,10,1,45746.705,51453.504,0.0,2244.868633333332
2020-02-18 11:00:00,52.0,2,11,1,44955.01,51078.651,0.0,2403.990833333315
2020-02-18 12:00:00,52.0,2,12,1,44410.528,50605.668,0.0,2456.159633333344
2020-02-18 13:00:00,50.0,2,13,1,43681.253,50208.8,0.0,2615.257300000012
2020-02-18 14:00:00,48.0,2,14,1,42967.165,49797.341,0.0,2766.518400000001
2020-02-18 15:00:00,46.0,2,15,1,42582.606,49465.252,0.0,2762.5060333333386
2020-02-18 16:00:00,44.1,2,16,1,42697.515,49765.225,0.0,2799.86536666668
2020-02-18 17:00:00,44.1,2,17,1,43955.155,50670.055,0.0,2645.465400000008
2020-02-18 18:00:00,42.1,2,18,1,46422.526,52548.39,0.0,2753.7690999999904
2020-02-18 19:00:00,39.9,2,19,1,47465.003,52770.749,0.0,2693.407266666676
2020-02-18 20:00:00,39.0,2,20,1,47278.41,52050.885,0.0,2524.254266666663
2020-02-18 21:00:00,37.9,2,21,1,46566.209,50658.976,0.0,2351.142199999995
2020-02-18 22:00:00,36.0,2,22,1,45367.412,48441.639,0.0,1923.985666666682
2020-02-18 23:00:00,34.0,2,23,1,44215.503,46155.76,0.0,1588.4357999999847
2020-02-19 00:00:00,32.0,2,0,2,43361.187,44826.437,156.477333333336,1621.727333333336
2020-02-19 01:00:00,30.9,2,1,2,43116.758,43944.035,778.9893999999986,1606.2664000000004
2020-02-19 02:00:00,30.0,2,2,2,43289.28,43701.642,1381.4766999999993,1793.8387000000002
2020-02-19 03:00:00,27.0,2,3,2,43619.69,43878.823,1739.2430999999997,1998.376099999994
2020-02-19 04:00:00,28.0,2,4,2,44787.708,44742.806,2339.348299999998,2294.446299999996
2020-02-19 05:00:00,26.1,2,5,2,46959.709,47059.273,2953.709299999995,3053.273299999993
2020-02-19 06:00:00,26.1,2,6,2,50438.781,50891.635,3742.383066666676,4195.237066666676
2020-02-19 07:00:00,27.0,2,7,2,52903.725,53597.906,4080.664533333329,4774.845533333333
2020-02-19 08:00:00,26.1,2,8,2,53166.59,53645.945,3759.827999999994,4239.182999999997
2020-02-19 09:00:00,30.0,2,9,2,52626.478,53132.47,3177.3108333333294,3683.302833333328
2020-02-19 10:00:00,33.1,2,10,2,51799.617,52971.802,2590.981633333329,3763.166633333334
2020-02-19 11:00:00,36.0,2,11,2,50595.722,52668.421,1921.0618333333184,3993.760833333319
2020-02-19 12:00:00,36.0,2,12,2,49556.814,52301.836,1407.3056333333443,4152.327633333349
2020-02-19 13:00:00,37.9,2,13,2,48922.359,51984.811,1328.816300000006,4391.268300000011
2020-02-19 14:00:00,39.9,2,14,2,48310.605,51809.703,1279.7824000000037,4778.880400000002
2020-02-19 15:00:00,39.9,2,15,2,47919.78,51585.169,1217.034033333337,4882.42303333334
2020-02-19 16:00:00,39.9,2,16,2,48242.193,52246.056,1276.8333666666804,5280.696366666678
2020-02-19 17:00:00,37.9,2,17,2,49256.102,53548.704,1231.512400000007,5524.114400000006
2020-02-19 18:00:00,35.1,2,18,2,51204.62,54920.917,1409.9990999999936,5126.296099999992
2020-02-19 19:00:00,33.1,2,19,2,51239.036,54584.603,1161.6942666666728,4507.261266666676
2020-02-19 20:00:00,30.0,2,20,2,50493.429,53574.385,966.7982666666576,4047.754266666663
2020-02-19 21:00:00,30.0,2,21,2,48908.715,51992.636,600.8811999999889,3684.802199999991
2020-02-19 22:00:00,28.9,2,22,2,46529.137,49202.89,11.483666666681527,2685.2366666666785
2020-02-19 23:00:00,30.0,2,23,2,44199.625,46693.289,0.0,2125.96479999998
2020-02-20 00:00:00,28.9,2,0,3,42564.707,44888.831,0.0,1684.1213333333362
2020-02-20 01:00:00,28.9,2,1,3,41570.344,43798.89,0.0,1461.1213999999964
2020-02-20 02:00:00,28.0,2,2,3,41091.756,43200.145,0.0,1292.3416999999972
2020-02-20 03:00:00,27.0,2,3,3,41059.706,43147.113,0.0,1266.666099999995
2020-02-20 04:00:00,26.1,2,4,3,41717.464,43776.629,0.0,1328.2693
2020-02-20 05:00:00,26.1,2,5,3,43759.228,45992.074,0.0,1986.074299999993
2020-02-20 06:00:00,25.0,2,6,3,47173.988,49425.551,477.5900666666712,2729.153066666673
2020-02-20 07:00:00,25.0,2,7,3,49648.103,52239.728,825.0425333333333,3416.6675333333333
2020-02-20 08:00:00,24.1,2,8,3,49993.181,52675.621,586.4189999999944,3268.8589999999967
2020-02-20 09:00:00,24.1,2,9,3,50000.881,52991.65,551.7138333333278,3542.482833333328
2020-02-20 10:00:00,25.0,2,10,3,49984.88,53374.102,776.2446333333282,4165.46663333333
2020-02-20 11:00:00,27.0,2,11,3,49766.69,53305.916,1092.0298333333194,4631.2558333333145
2020-02-20 12:00:00,26.1,2,12,3,49268.014,52995.081,1118.505633333349,4845.572633333344
2020-02-20 13:00:00,28.9,2,13,3,48961.056,52982.939,1367.513300000006,5389.396300000008
2020-02-20 14:00:00,28.9,2,14,3,48466.888,52579.809,1436.0653999999995,5548.986400000002
2020-02-20 15:00:00,30.0,2,15,3,48033.419,52593.768,1330.6730333333398,5891.022033333335
2020-02-20 16:00:00,28.9,2,16,3,48355.515,52882.441,1390.1553666666805,5917.08136666668
2020-02-20 17:00:00,27.0,2,17,3,49246.833,54001.64,1222.243400000007,5977.050400000007
2020-02-20 18:00:00,25.0,2,18,3,50936.602,55705.4,1141.98109999999,5910.7790999999925
2020-02-20 19:00:00,23.0,2,19,3,51342.212,56252.973,1264.8702666666725,6175.631266666671
2020-02-20 20:00:00,21.9,2,20,3,50787.693,55846.617,1261.0622666666604,6319.98626666666
2020-02-20 21:00:00,21.0,2,21,3,49412.591,54836.347,1104.7571999999927,6528.513199999994
2020-02-20 22:00:00,19.0,2,22,3,47478.715,52876.818,961.0616666666756,6359.164666666678
2020-02-20 23:00:00,19.0,2,23,3,45294.153,50811.05,726.8287999999811,6243.725799999986
2020-02-21 00:00:00,18.0,2,0,4,43877.515,49583.624,672.8053333333373,6378.914333333341
2020-02-21 01:00:00,18.0,2,1,4,43309.429,48907.046,971.6603999999934,6569.277399999999
2020-02-21 02:00:00,16.0,2,2,4,43183.109,48787.74,1275.3056999999972,6879.936699999998
2020-02-21 03:00:00,15.1,2,3,4,43492.164,48952.794,1611.7170999999944,7072.347099999999
2020-02-21 04:00:00,14.0,2,4,4,44502.308,49928.83,2053.9482999999964,7480.470300000001
2020-02-21 05:00:00,14.0,2,5,4,46842.326,52118.829,2836.3262999999934,8112.82929999999
2020-02-21 06:00:00,12.9,2,6,4,50849.735,55796.219,4153.337066666674,9099.821066666673
2020-02-21 07:00:00,14.0,2,7,4,53585.281,58608.805,4762.220533333333,9785.74453333333
2020-02-21 08:00:00,16.0,2,8,4,53472.755,59219.477,4065.992999999995,9812.714999999997
2020-02-21 09:00:00,19.0,2,9,4,52727.12,58942.782,3277.952833333329,9493.614833333326
2020-02-21 10:00:00,21.9,2,10,4,51912.359,58222.828,2703.723633333328,9014.192633333332
2020-02-21 11:00:00,25.0,2,11,4,50913.303,57221.055,2238.642833333317,8546.394833333317
2020-02-21 12:00:00,28.9,2,12,4,49778.787,56340.475,1629.2786333333424,8190.966633333344
2020-02-21 13:00:00,30.0,2,13,4,49007.094,55460.151,1413.5513000000064,7866.608300000007
2020-02-21 14:00:00,33.1,2,14,4,48184.247,54515.783,1153.4244000000035,7484.960400000004
2020-02-21 15:00:00,34.0,2,15,4,47568.622,53669.792,865.8760333333412,6967.046033333339
2020-02-21 16:00:00,35.1,2,16,4,47850.952,53726.641,885.5923666666786,6761.281366666684
2020-02-21 17:00:00,35.1,2,17,4,49366.772,54760.681,1342.1824000000051,6736.091400000005
2020-02-21 18:00:00,33.1,2,18,4,52160.853,57275.745,2366.232099999994,7481.124099999994
2020-02-21 19:00:00,30.9,2,19,4,53401.875,58064.531,3324.5332666666727,7987.189266666675
2020-02-21 20:00:00,30.9,2,20,4,53220.434,57912.927,3693.8032666666622,8386.296266666664
2020-02-21 21:00:00,28.9,2,21,4,52386.775,57104.906,4078.941199999994,8797.072199999995
2020-02-21 22:00:00,27.0,2,22,4,50370.948,55770.65,3853.294666666676,9252.99666666668
2020-02-21 23:00:00,26.1,2,23,4,48180.811,54027.106,3613.486799999984,9459.781799999982
2020-02-22 00:00:00,26.1,2,0,5,46867.136,52747.263,3662.426333333337,9542.553333333335
2020-02-22 01:00:00,25.0,2,1,5,46247.654,51946.983,3909.885399999999,9609.214399999995
2020-02-22 02:00:00,24.1,2,2,5,46033.149,51889.283,4125.345699999998,9981.479700000004
2020-02-22 03:00:00,23.0,2,3,5,46232.844,51689.328,4352.397099999995,9808.8811
2020-02-22 04:00:00,24.1,2,4,5,47273.679,52197.791,4825.319299999996,9749.431299999997
2020-02-22 05:00:00,21.9,2,5,5,49433.959,53127.961,5427.959299999995,9121.961299999995
2020-02-22 06:00:00,21.0,2,6,5,53328.121,54562.299,6631.723066666673,7865.901066666673
2020-02-22 07:00:00,21.0,2,7,5,55785.295,55727.304,6962.234533333329,6904.243533333327
2020-02-22 08:00:00,21.9,2,8,5,56132.428,55929.142,6725.665999999997,6522.379999999997
2020-02-22 09:00:00,27.0,2,9,5,55806.12,54934.425,6356.952833333329,5485.2578333333295
2020-02-22 10:00:00,30.9,2,10,5,55351.871,53761.812,6143.23563333333,4553.176633333329
2020-02-22 11:00:00,36.0,2,11,5,54591.343,52364.188,5916.682833333318,3689.527833333319
2020-02-22 12:00:00,39.9,2,12,5,53923.249,50972.182,5773.740633333349,2822.6736333333465
2020-02-22 13:00:00,44.1,2,13,5,53379.109,49582.32,5785.566300000006,1988.7773000000088
2020-02-22 14:00:00,45.0,2,14,5,52550.614,48346.283,5519.791400000002,1315.4604000000036
2020-02-22 15:00:00,46.9,2,15,5,52270.861,47698.041,5568.115033333335,995.2950333333356
2020-02-22 16:00:00,46.9,2,16,5,52488.46,47761.137,5523.10036666668,795.7773666666835
2020-02-22 17:00:00,46.0,2,17,5,53645.172,48622.977,5620.582400000007,598.3874000000069
2020-02-22 18:00:00,44.1,2,18,5,56222.457,50331.634,6427.836099999993,537.0130999999892
2020-02-22 19:00:00,39.9,2,19,5,57280.711,50600.028,7203.369266666676,522.6862666666711
2020-02-22 20:00:00,37.9,2,20,5,57034.186,50045.635,7507.555266666663,519.0042666666632
2020-02-22 21:00:00,36.0,2,21,5,55636.56,48988.065,7328.72619999999,680.2311999999947
2020-02-22 22:00:00,34.0,2,22,5,53715.922,47473.078,7198.268666666678,955.4246666666804
2020-02-22 23:00:00,32.0,2,23,5,51566.201,45530.03,6998.876799999984,962.7057999999817
2020-02-23 00:00:00,30.0,2,0,6,50375.965,44009.636,7171.255333333334,804.9263333333365
2020-02-23 01:00:00,26.1,2,1,6,49679.223,42920.727,7341.454399999995,582.9583999999959
2020-02-23 02:00:00,28.0,2,2,6,49733.542,42383.809,7825.738700000002,476.0057000000015
2020-02-23 03:00:00,28.0,2,3,6,49963.498,42040.89,8083.051099999997,160.44309999999678
2020-02-23 04:00:00,27.0,2,4,6,51203.637,42128.653,8755.277300000002,0.0
2020-02-23 05:00:00,28.0,2,5,6,53527.091,42583.108,9521.091299999993,0.0
2020-02-23 06:00:00,23.0,2,6,6,57503.074,43593.456,10806.676066666674,0.0
2020-02-23 07:00:00,28.0,2,7,6,59797.192,44897.853,10974.131533333331,0.0
2020-02-23 08:00:00,30.0,2,8,6,59128.828,45818.325,9722.066,0.0
2020-02-23 09:00:00,36.0,2,9,6,57359.114,46165.631,7909.946833333328,0.0
2020-02-23 10:00:00,42.1,2,10,6,55913.364,45746.705,6704.728633333332,0.0
2020-02-23 11:00:00,41.0,2,11,6,54255.545,44955.01,5580.884833333315,0.0
2020-02-23 12:00:00,43.0,2,12,6,52769.665,44410.528,4620.156633333347,0.0
2020-02-23 13:00:00,46.0,2,13,6,51604.528,43681.253,4010.985300000008,0.0
2020-02-23 14:00:00,48.0,2,14,6,50287.943,42967.165,3257.1204,0.0
2020-02-23 15:00:00,48.9,2,15,6,48881.64,42582.606,2178.8940333333376,0.0
2020-02-23 16:00:00,50.0,2,16,6,48798.049,42697.515,1832.68936666668,0.0
2020-02-23 17:00:00,50.0,2,17,6,49641.321,43955.155,1616.7314000000115,0.0
2020-02-23 18:00:00,48.9,2,18,6,52131.623,46422.526,2337.0020999999906,0.0
2020-02-23 19:00:00,46.9,2,19,6,53189.602,47465.003,3112.260266666672,0.0
2020-02-23 20:00:00,46.9,2,20,6,53006.876,47278.41,3480.2452666666577,0.0
2020-02-23 21:00:00,46.0,2,21,6,52248.897,46566.209,3941.0631999999896,0.0
2020-02-23 22:00:00,45.0,2,22,6,50753.518,45367.412,4235.864666666676,0.0
2020-02-23 23:00:00,42.1,2,23,6,48958.409,44215.503,4391.084799999982,0.0
2020-02-24 00:00:00,37.9,2,0,0,47542.235,43361.187,4337.5253333333385,156.477333333336
2020-02-24 01:00:00,35.1,2,1,0,46971.531,43116.758,4633.7624,778.9893999999986
2020-02-24 02:00:00,35.1,2,2,0,46578.293,43289.28,4670.489699999998,1381.4766999999993
2020-02-24 03:00:00,33.1,2,3,0,46698.849,43619.69,4818.402099999999,1739.2430999999997
2020-02-24 04:00:00,35.1,2,4,0,47033.818,44787.708,4585.458299999998,2339.348299999998
2020-02-24 05:00:00,33.1,2,5,0,48105.498,46959.709,4099.498299999992,2953.709299999995
2020-02-24 06:00:00,32.0,2,6,0,49689.24,50438.781,2992.842066666672,3742.383066666676
2020-02-24 07:00:00,33.1,2,7,0,51114.982,52903.725,2291.921533333334,4080.664533333329
2020-02-24 08:00:00,35.1,2,8,0,51012.917,53166.59,1606.1549999999988,3759.827999999994
2020-02-24 09:00:00,41.0,2,9,0,50008.351,52626.478,559.183833333329,3177.3108333333294
2020-02-24 10:00:00,44.1,2,10,0,48594.595,51799.617,0.0,2590.981633333329
2020-02-24 11:00:00,43.0,2,11,0,46939.033,50595.722,0.0,1921.0618333333184
2020-02-24 12:00:00,44.1,2,12,0,45350.43,49556.814,0.0,1407.3056333333443
2020-02-24 13:00:00,46.9,2,13,0,43833.185,48922.359,0.0,1328.816300000006
2020-02-24 14:00:00,45.0,2,14,0,42359.605,48310.605,0.0,1279.7824000000037
2020-02-24 15:00:00,44.1,2,15,0,41615.96,47919.78,0.0,1217.034033333337
2020-02-24 16:00:00,45.0,2,16,0,41580.374,48242.193,0.0,1276.8333666666804
2020-02-24 17:00:00,45.0,2,17,0,42518.452,49256.102,0.0,1231.512400000007
2020-02-24 18:00:00,44.1,2,18,0,45031.584,51204.62,0.0,1409.9990999999936
2020-02-24 19:00:00,43.0,2,19,0,46453.76,51239.036,0.0,1161.6942666666728
2020-02-24 20:00:00,42.1,2,20,0,46661.36,50493.429,0.0,966.7982666666576
2020-02-24 21:00:00,41.0,2,21,0,46268.392,48908.715,0.0,600.8811999999889
2020-02-24 22:00:00,41.0,2,22,0,45252.386,46529.137,0.0,11.483666666681527
2020-02-24 23:00:00,41.0,2,23,0,44045.691,44199.625,0.0,0.0
2020-02-25 00:00:00,41.0,2,0,1,43188.877,42564.707,0.0,0.0
2020-02-25 01:00:00,41.0,2,1,1,42771.588,41570.344,433.8194000000003,0.0
2020-02-25 02:00:00,41.0,2,2,1,42562.237,41091.756,654.4337000000014,0.0
2020-02-25 03:00:00,41.0,2,3,1,42629.542,41059.706,749.0950999999986,0.0
2020-02-25 04:00:00,41.0,2,4,1,43002.313,41717.464,553.953300000001,0.0
2020-02-25 05:00:00,41.0,2,5,1,43878.924,43759.228,0.0,0.0
2020-02-25 06:00:00,41.0,2,6,1,45084.593,47173.988,0.0,477.5900666666712
2020-02-25 07:00:00,41.0,2,7,1,46065.76,49648.103,0.0,825.0425333333333
2020-02-25 08:00:00,42.1,2,8,1,46220.76,49993.181,0.0,586.4189999999944
2020-02-25 09:00:00,42.1,2,9,1,45602.41,50000.881,0.0,551.7138333333278
2020-02-25 10:00:00,42.1,2,10,1,44396.704,49984.88,0.0,776.2446333333282
2020-02-25 11:00:00,44.1,2,11,1,43234.876,49766.69,0.0,1092.0298333333194
2020-02-25 12:00:00,45.0,2,12,1,42392.346,49268.014,0.0,1118.505633333349
2020-02-25 13:00:00,45.0,2,13,1,41463.647,48961.056,0.0,1367.513300000006
2020-02-25 14:00:00,45.0,2,14,1,40601.921,48466.888,0.0,1436.0653999999995
2020-02-25 15:00:00,45.0,2,15,1,40357.791,48033.419,0.0,1330.6730333333398
2020-02-25 16:00:00,44.1,2,16,1,40585.988,48355.515,0.0,1390.1553666666805
2020-02-25 17:00:00,44.1,2,17,1,41755.282,49246.833,0.0,1222.243400000007
2020-02-25 18:00:00,43.0,2,18,1,43946.442,50936.602,0.0,1141.98109999999
2020-02-25 19:00:00,42.1,2,19,1,45406.282,51342.212,0.0,1264.8702666666725
2020-02-25 20:00:00,42.1,2,20,1,45393.034,50787.693,0.0,1261.0622666666604
2020-02-25 21:00:00,41.0,2,21,1,44310.469,49412.591,0.0,1104.7571999999927
2020-02-25 22:00:00,39.9,2,22,1,42764.39,47478.715,0.0,961.0616666666756
2020-02-25 23:00:00,39.9,2,23,1,41365.345,45294.153,0.0,726.8287999999811
2020-02-26 00:00:00,39.0,2,0,2,40530.969,43877.515,0.0,672.8053333333373
2020-02-26 01:00:00,37.9,2,1,2,40096.624,43309.429,0.0,971.6603999999934
2020-02-26 02:00:00,37.9,2,2,2,40098.278,43183.109,0.0,1275.3056999999972
2020-02-26 03:00:00,37.0,2,3,2,40477.18,43492.164,0.0,1611.7170999999944
2020-02-26 04:00:00,37.0,2,4,2,41545.054,44502.308,0.0,2053.9482999999964
2020-02-26 05:00:00,36.0,2,5,2,43972.587,46842.326,0.0,2836.3262999999934
2020-02-26 06:00:00,35.1,2,6,2,47934.241,50849.735,1237.8430666666754,4153.337066666674
2020-02-26 07:00:00,35.1,2,7,2,50465.21,53585.281,1642.1495333333296,4762.220533333333
2020-02-26 08:00:00,35.1,2,8,2,50791.594,53472.755,1384.8319999999949,4065.992999999995
2020-02-26 09:00:00,35.1,2,9,2,50517.56,52727.12,1068.3928333333242,3277.952833333329
2020-02-26 10:00:00,36.0,2,10,2,50188.286,51912.359,979.6506333333308,2703.723633333328
2020-02-26 11:00:00,37.0,2,11,2,49409.467,50913.303,734.806833333314,2238.642833333317
2020-02-26 12:00:00,37.9,2,12,2,48955.632,49778.787,806.1236333333436,1629.2786333333424
2020-02-26 13:00:00,39.0,2,13,2,48443.476,49007.094,849.9333000000115,1413.5513000000064
2020-02-26 14:00:00,39.0,2,14,2,48013.557,48184.247,982.7344000000012,1153.4244000000035
2020-02-26 15:00:00,36.0,2,15,2,47636.126,47568.622,933.3800333333348,865.8760333333412
2020-02-26 16:00:00,33.1,2,16,2,48069.379,47850.952,1104.019366666682,885.5923666666786
2020-02-26 17:00:00,33.1,2,17,2,48973.673,49366.772,949.0834000000104,1342.1824000000051
2020-02-26 18:00:00,33.1,2,18,2,50603.117,52160.853,808.4960999999894,2366.232099999994
2020-02-26 19:00:00,32.0,2,19,2,50784.981,53401.875,707.6392666666725,3324.5332666666727
2020-02-26 20:00:00,32.0,2,20,2,49826.722,53220.434,300.0912666666627,3693.8032666666622
2020-02-26 21:00:00,30.0,2,21,2,48056.404,52386.775,0.0,4078.941199999994
2020-02-26 22:00:00,28.0,2,22,2,45795.742,50370.948,0.0,3853.294666666676
2020-02-26 23:00:00,26.1,2,23,2,43497.235,48180.811,0.0,3613.486799999984
2020-02-27 00:00:00,26.1,2,0,3,41823.596,46867.136,0.0,3662.426333333337
2020-02-27 01:00:00,27.0,2,1,3,40862.019,46247.654,0.0,3909.885399999999
2020-02-27 02:00:00,27.0,2,2,3,40286.189,46033.149,0.0,4125.345699999998
2020-02-27 03:00:00,26.1,2,3,3,40336.231,46232.844,0.0,4352.397099999995
2020-02-27 04:00:00,23.0,2,4,3,40964.657,47273.679,0.0,4825.319299999996
2020-02-27 05:00:00,23.0,2,5,3,43143.612,49433.959,0.0,5427.959299999995
2020-02-27 06:00:00,24.1,2,6,3,46772.779,53328.121,76.3810666666759,6631.723066666673
2020-02-27 07:00:00,25.0,2,7,3,49257.944,55785.295,434.8835333333336,6962.234533333329
2020-02-27 08:00:00,25.0,2,8,3,49621.626,56132.428,214.8639999999941,6725.665999999997
2020-02-27 09:00:00,25.0,2,9,3,49546.035,55806.12,96.86783333333004,6356.952833333329
2020-02-27 10:00:00,26.1,2,10,3,49711.665,55351.871,503.0296333333317,6143.23563333333
2020-02-27 11:00:00,27.0,2,11,3,49275.335,54591.343,600.6748333333162,5916.682833333318
2020-02-27 12:00:00,27.0,2,12,3,48931.83,53923.249,782.3216333333476,5773.740633333349
2020-02-27 13:00:00,28.0,2,13,3,48709.221,53379.109,1115.6783000000069,5785.566300000006
2020-02-27 14:00:00,28.9,2,14,3,48465.732,52550.614,1434.909400000004,5519.791400000002
2020-02-27 15:00:00,28.9,2,15,3,48145.767,52270.861,1443.021033333338,5568.115033333335
2020-02-27 16:00:00,30.0,2,16,3,48543.163,52488.46,1577.8033666666815,5523.10036666668
2020-02-27 17:00:00,28.9,2,17,3,49326.431,53645.172,1301.8414000000048,5620.582400000007
2020-02-27 18:00:00,28.0,2,18,3,50799.22,56222.457,1004.5990999999922,6427.836099999993
2020-02-27 19:00:00,28.9,2,19,3,50972.574,57280.711,895.2322666666732,7203.369266666676
2020-02-27 20:00:00,28.9,2,20,3,50202.253,57034.186,675.6222666666581,7507.555266666663
2020-02-27 21:00:00,28.9,2,21,3,48600.997,55636.56,293.1631999999954,7328.72619999999
2020-02-27 22:00:00,28.0,2,22,3,46388.214,53715.922,0.0,7198.268666666678
2020-02-27 23:00:00,28.0,2,23,3,43897.452,51566.201,0.0,6998.876799999984
2020-02-28 00:00:00,28.0,2,0,4,42458.282,50375.965,0.0,7171.255333333334
2020-02-28 01:00:00,28.0,2,1,4,41443.988,49679.223,0.0,7341.454399999995
2020-02-28 02:00:00,27.0,2,2,4,40924.088,49733.542,0.0,7825.738700000002
2020-02-28 03:00:00,26.1,2,3,4,41023.862,49963.498,0.0,8083.051099999997
2020-02-28 04:00:00,21.0,2,4,4,41803.521,51203.637,0.0,8755.277300000002
2020-02-28 05:00:00,21.0,2,5,4,43986.631,53527.091,0.0,9521.091299999993
2020-02-28 06:00:00,19.0,2,6,4,47548.401,57503.074,852.0030666666717,10806.676066666674
2020-02-28 07:00:00,19.9,2,7,4,50002.87,59797.192,1179.809533333333,10974.131533333331
2020-02-28 08:00:00,21.9,2,8,4,50501.114,59128.828,1094.351999999999,9722.066
2020-02-28 09:00:00,24.1,2,9,4,50385.518,57359.114,936.350833333323,7909.946833333328
2020-02-28 10:00:00,25.0,2,10,4,50477.825,55913.364,1269.189633333328,6704.728633333332
2020-02-28 11:00:00,26.1,2,11,4,50186.458,54255.545,1511.7978333333158,5580.884833333315
2020-02-28 12:00:00,27.0,2,12,4,50218.723,52769.665,2069.214633333344,4620.156633333347
2020-02-28 13:00:00,28.0,2,13,4,50111.909,51604.528,2518.366300000009,4010.985300000008
2020-02-28 14:00:00,30.0,2,14,4,49861.968,50287.943,2831.145400000001,3257.1204
2020-02-28 15:00:00,30.0,2,15,4,49796.672,48881.64,3093.926033333337,2178.8940333333376
2020-02-28 16:00:00,28.9,2,16,4,50452.596,48798.049,3487.236366666679,1832.68936666668
2020-02-28 17:00:00,28.9,2,17,4,51362.717,49641.321,3338.127400000005,1616.7314000000115
2020-02-28 18:00:00,28.0,2,18,4,52921.486,52131.623,3126.865099999988,2337.0020999999906
2020-02-28 19:00:00,27.0,2,19,4,53313.917,53189.602,3236.575266666674,3112.260266666672
2020-02-28 20:00:00,26.1,2,20,4,52796.073,53006.876,3269.442266666658,3480.2452666666577
2020-02-28 21:00:00,25.0,2,21,4,51657.637,52248.897,3349.803199999995,3941.0631999999896
2020-02-28 22:00:00,24.1,2,22,4,49735.022,50753.518,3217.3686666666763,4235.864666666676
2020-02-28 23:00:00,21.9,2,23,4,47668.867,48958.409,3101.542799999981,4391.084799999982
2020-02-29 00:00:00,21.0,2,0,5,46368.048,47542.235,3163.3383333333404,4337.5253333333385
2020-02-29 01:00:00,19.9,2,1,5,45596.219,46971.531,3258.4503999999943,4633.7624
2020-02-29 02:00:00,19.9,2,2,5,45634.474,46578.293,3726.6707000000015,4670.489699999998
2020-02-29 03:00:00,19.9,2,3,5,45927.696,46698.849,4047.249100000001,4818.402099999999
2020-02-29 04:00:00,19.9,2,4,5,46915.225,47033.818,4466.865299999998,4585.458299999998
2020-02-29 05:00:00,19.0,2,5,5,49132.487,48105.498,5126.487299999993,4099.498299999992
2020-02-29 06:00:00,19.0,2,6,5,52894.485,49689.24,6198.087066666674,2992.842066666672
2020-02-29 07:00:00,19.0,2,7,5,55375.692,51114.982,6552.631533333333,2291.921533333334
2020-02-29 08:00:00,21.0,2,8,5,56097.005,51012.917,6690.242999999995,1606.1549999999988
2020-02-29 09:00:00,23.0,2,9,5,55981.328,50008.351,6532.160833333328,559.183833333329
2020-02-29 10:00:00,26.1,2,10,5,55736.944,48594.595,6528.308633333334,0.0
2020-02-29 11:00:00,27.0,2,11,5,55154.534,46939.033,6479.873833333317,0.0
2020-02-29 12:00:00,28.9,2,12,5,54497.306,45350.43,6347.797633333343,0.0
2020-02-29 13:00:00,30.9,2,13,5,53851.307,43833.185,6257.76430000001,0.0
2020-02-29 14:00:00,30.9,2,14,5,53355.261,42359.605,6324.438399999999,0.0
2020-02-29 15:00:00,34.0,2,15,5,52840.88,41615.96,6138.134033333336,0.0
2020-02-29 16:00:00,33.1,2,16,5,53132.372,41580.374,6167.012366666684,0.0
2020-02-29 17:00:00,33.1,2,17,5,53918.361,42518.452,5893.771400000005,0.0
2020-02-29 18:00:00,30.9,2,18,5,55879.322,45031.584,6084.701099999991,0.0
2020-02-29 19:00:00,27.0,2,19,5,56627.754,46453.76,6550.4122666666735,0.0
2020-02-29 20:00:00,25.0,2,20,5,56079.333,46661.36,6552.70226666666,0.0
2020-02-29 21:00:00,25.0,2,21,5,54538.752,46268.392,6230.918199999993,0.0
2020-02-29 22:00:00,26.1,2,22,5,52398.338,45252.386,5880.6846666666825,0.0
2020-02-29 23:00:00,26.1,2,23,5,50140.973,44045.691,5573.648799999981,0.0
2020-03-01 00:00:00,23.0,3,0,6,48453.251,43188.877,5248.541333333335,0.0
2020-03-01 01:00:00,24.1,3,1,6,47454.58,42771.588,5116.811399999999,433.8194000000003
2020-03-01 02:00:00,23.0,3,2,6,47075.346,42562.237,5167.542699999998,654.4337000000014
2020-03-01 03:00:00,21.9,3,3,6,47088.171,42629.542,5207.724099999999,749.0950999999986
2020-03-01 04:00:00,19.9,3,4,6,47691.616,43002.313,5243.256300000001,553.953300000001
2020-03-01 05:00:00,19.9,3,5,6,49816.543,43878.924,5810.54329999999,0.0
2020-03-01 06:00:00,19.9,3,6,6,53335.136,45084.593,6638.738066666672,0.0
2020-03-01 07:00:00,19.0,3,7,6,55204.335,46065.76,6381.27453333333,0.0
2020-03-01 08:00:00,23.0,3,8,6,55421.389,46220.76,6014.627,0.0
2020-03-01 09:00:00,30.0,3,9,6,54779.645,45602.41,5330.477833333323,0.0
2020-03-01 10:00:00,34.0,3,10,6,54162.075,44396.704,4953.439633333328,0.0
2020-03-01 11:00:00,39.0,3,11,6,53442.242,43234.876,4767.581833333315,0.0
2020-03-01 12:00:00,42.1,3,12,6,52793.104,42392.346,4643.595633333345,0.0
2020-03-01 13:00:00,45.0,3,13,6,52055.649,41463.647,4462.106300000007,0.0
2020-03-01 14:00:00,46.9,3,14,6,51422.66,40601.921,4391.837400000004,0.0
2020-03-01 15:00:00,50.0,3,15,6,51039.452,40357.791,4336.706033333336,0.0
2020-03-01 16:00:00,51.1,3,16,6,51235.953,40585.988,4270.593366666682,0.0
2020-03-01 17:00:00,52.0,3,17,6,51960.375,41755.282,3935.785400000008,0.0
2020-03-01 18:00:00,51.1,3,18,6,53349.31,43946.442,3554.6890999999887,0.0
2020-03-01 19:00:00,48.9,3,19,6,54135.477,45406.282,4058.135266666672,0.0
2020-03-01 20:00:00,48.0,3,20,6,53555.91,45393.034,4029.2792666666646,0.0
2020-03-01 21:00:00,48.0,3,21,6,52502.811,44310.469,4194.977199999994,0.0
2020-03-01 22:00:00,48.9,3,22,6,50766.219,42764.39,4248.565666666676,0.0
2020-03-01 23:00:00,48.0,3,23,6,48917.212,41365.345,4349.887799999982,0.0
2020-03-02 00:00:00,48.0,3,0,0,47666.714,40530.969,4462.004333333338,0.0
2020-03-02 01:00:00,48.9,3,1,0,46663.301,40096.624,4325.532399999996,0.0
2020-03-02 02:00:00,50.0,3,2,0,46371.972,40098.278,4464.168700000002,0.0
2020-03-02 03:00:00,48.9,3,3,0,46430.103,40477.18,4549.6561,0.0
2020-03-02 04:00:00,48.9,3,4,0,46722.362,41545.054,4274.0023,0.0
2020-03-02 05:00:00,48.0,3,5,0,47751.075,43972.587,3745.0752999999895,0.0
2020-03-02 06:00:00,50.0,3,6,0,49411.873,47934.241,2715.475066666673,1237.8430666666754
2020-03-02 07:00:00,50.0,3,7,0,50861.166,50465.21,2038.105533333328,1642.1495333333296
2020-03-02 08:00:00,48.9,3,8,0,51433.601,50791.594,2026.839,1384.8319999999949
2020-03-02 09:00:00,48.0,3,9,0,51333.546,50517.56,1884.3788333333289,1068.3928333333242
2020-03-02 10:00:00,48.0,3,10,0,50664.337,50188.286,1455.7016333333304,979.6506333333308
2020-03-02 11:00:00,48.0,3,11,0,49912.374,49409.467,1237.7138333333205,734.806833333314
2020-03-02 12:00:00,48.0,3,12,0,48988.586,48955.632,839.0776333333488,806.1236333333436
2020-03-02 13:00:00,48.0,3,13,0,47776.571,48443.476,183.02830000001268,849.9333000000115
2020-03-02 14:00:00,48.9,3,14,0,46488.075,48013.557,0.0,982.7344000000012
2020-03-02 15:00:00,48.9,3,15,0,45634.748,47636.126,0.0,933.3800333333348
2020-03-02 16:00:00,50.0,3,16,0,45565.804,48069.379,0.0,1104.019366666682
2020-03-02 17:00:00,50.0,3,17,0,46390.481,48973.673,0.0,949.0834000000104
2020-03-02 18:00:00,50.0,3,18,0,48661.928,50603.117,0.0,808.4960999999894
2020-03-02 19:00:00,48.9,3,19,0,50223.87,50784.981,146.52826666667534,707.6392666666725
2020-03-02 20:00:00,48.9,3,20,0,50297.294,49826.722,770.6632666666628,300.0912666666627
2020-03-02 21:00:00,48.9,3,21,0,49525.721,48056.404,1217.88719999999,0.0
2020-03-02 22:00:00,50.0,3,22,0,48545.224,45795.742,2027.570666666681,0.0
2020-03-02 23:00:00,50.0,3,23,0,47031.898,43497.235,2464.573799999984,0.0
2020-03-03 00:00:00,50.0,3,0,1,45894.308,41823.596,7290.345666666668,0.0
2020-03-03 01:00:00,50.0,3,1,1,45270.419,40862.019,7575.401066666673,0.0
2020-03-03 02:00:00,50.0,3,2,1,44930.364,40286.189,7739.113133333332,0.0
2020-03-03 03:00:00,48.9,3,3,1,45032.871,40336.231,7867.428099999997,0.0
2020-03-03 04:00:00,48.0,3,4,1,45342.089,40964.657,7805.152166666667,0.0
2020-03-03 05:00:00,48.0,3,5,1,46159.72,43143.612,7417.554700000001,0.0
2020-03-03 06:00:00,50.0,3,6,1,47290.028,46772.779,6410.31749999999,76.3810666666759
2020-03-03 07:00:00,48.9,3,7,1,48128.175,49257.944,5186.363633333334,434.8835333333336
2020-03-03 08:00:00,50.0,3,8,1,47883.731,49621.626,4033.1187666666665,214.8639999999941
2020-03-03 09:00:00,51.1,3,9,1,46828.886,49546.035,2522.942433333337,96.86783333333004
2020-03-03 10:00:00,52.0,3,10,1,45363.621,49711.665,947.6461333333208,503.0296333333317
2020-03-03 11:00:00,53.1,3,11,1,44037.869,49275.335,0.0,600.6748333333162
2020-03-03 12:00:00,55.0,3,12,1,42856.059,48931.83,0.0,782.3216333333476
2020-03-03 13:00:00,55.0,3,13,1,41822.67,48709.221,0.0,1115.6783000000069
2020-03-03 14:00:00,48.9,3,14,1,40837.401,48465.732,0.0,1434.909400000004
2020-03-03 15:00:00,52.0,3,15,1,40292.898,48145.767,0.0,1443.021033333338
2020-03-03 16:00:00,53.1,3,16,1,40683.545,48543.163,0.0,1577.8033666666815
2020-03-03 17:00:00,53.1,3,17,1,41730.465,49326.431,0.0,1301.8414000000048
2020-03-03 18:00:00,48.0,3,18,1,43961.332,50799.22,1367.3985333333258,1004.5990999999922
2020-03-03 19:00:00,46.0,3,19,1,45562.049,50972.574,2204.703799999996,895.2322666666732
2020-03-03 20:00:00,46.0,3,20,1,45418.615,50202.253,1067.3131666666595,675.6222666666581
2020-03-03 21:00:00,44.1,3,21,1,44285.674,48600.997,831.9233666666623,293.1631999999954
2020-03-03 22:00:00,43.0,3,22,1,42576.468,46388.214,772.1942333333354,0.0
2020-03-03 23:00:00,42.1,3,23,1,40936.474,43897.452,974.1302666666744,0.0
2020-03-04 00:00:00,41.0,3,0,2,39847.457,42458.282,1243.4946666666729,0.0
2020-03-04 01:00:00,39.9,3,1,2,39340.718,41443.988,1645.7000666666718,0.0
2020-03-04 02:00:00,37.0,3,2,2,39045.816,40924.088,1854.5651333333296,0.0
2020-03-04 03:00:00,34.0,3,3,2,39256.386,41023.862,2090.943099999997,0.0
2020-03-04 04:00:00,35.1,3,4,2,40162.109,41803.521,2625.1721666666635,0.0
2020-03-04 05:00:00,37.9,3,5,2,42480.39,43986.631,3738.224699999999,0.0
2020-03-04 06:00:00,37.0,3,6,2,46306.122,47548.401,5426.411499999995,852.0030666666717
2020-03-04 07:00:00,35.1,3,7,2,48707.261,50002.87,5765.44963333333,1179.809533333333
2020-03-04 08:00:00,37.0,3,8,2,48859.557,50501.114,5008.944766666667,1094.351999999999
2020-03-04 09:00:00,42.1,3,9,2,48704.524,50385.518,4398.580433333336,936.350833333323
2020-03-04 10:00:00,46.9,3,10,2,48394.468,50477.825,3978.4931333333225,1269.189633333328
2020-03-04 11:00:00,50.0,3,11,2,47941.351,50186.458,3720.546866666649,1511.7978333333158
2020-03-04 12:00:00,52.0,3,12,2,47844.07,50218.723,3949.1843666666464,2069.214633333344
2020-03-04 13:00:00,53.1,3,13,2,47543.305,50111.909,4112.699233333333,2518.366300000009
2020-03-04 14:00:00,52.0,3,14,2,47242.508,49861.968,4444.144833333332,2831.145400000001
2020-03-04 15:00:00,54.0,3,15,2,46762.746,49796.672,4493.089933333329,3093.926033333337
2020-03-04 16:00:00,51.1,3,16,2,47002.023,50452.596,4900.773633333338,3487.236366666679
2020-03-04 17:00:00,52.0,3,17,2,47493.865,51362.717,5177.263899999998,3338.127400000005
2020-03-04 18:00:00,48.9,3,18,2,48693.134,52921.486,6099.200533333322,3126.865099999988
2020-03-04 19:00:00,45.0,3,19,2,48962.32,53313.917,5604.974799999996,3236.575266666674
2020-03-04 20:00:00,43.0,3,20,2,48131.295,52796.073,3779.99316666666,3269.442266666658
2020-03-04 21:00:00,41.0,3,21,2,46436.802,51657.637,2983.0513666666666,3349.803199999995
2020-03-04 22:00:00,41.0,3,22,2,44060.532,49735.022,2256.258233333334,3217.3686666666763
2020-03-04 23:00:00,39.0,3,23,2,41830.084,47668.867,1867.7402666666749,3101.542799999981
2020-03-05 00:00:00,36.0,3,0,3,40159.711,46368.048,1555.7486666666737,3163.3383333333404
2020-03-05 01:00:00,36.0,3,1,3,39241.992,45596.219,1546.9740666666694,3258.4503999999943
2020-03-05 02:00:00,32.0,3,2,3,38810.24,45634.474,1618.989133333329,3726.6707000000015
2020-03-05 03:00:00,28.9,3,3,3,38694.463,45927.696,1529.0201000000015,4047.249100000001
2020-03-05 04:00:00,28.0,3,4,3,39504.954,46915.225,1968.0171666666647,4466.865299999998
2020-03-05 05:00:00,26.1,3,5,3,41544.258,49132.487,2802.092700000001,5126.487299999993
2020-03-05 06:00:00,27.0,3,6,3,45086.401,52894.485,4206.69049999999,6198.087066666674
2020-03-05 07:00:00,26.1,3,7,3,47575.828,55375.692,4634.016633333333,6552.631533333333
2020-03-05 08:00:00,30.0,3,8,3,47923.96,56097.005,4073.347766666666,6690.242999999995
2020-03-05 09:00:00,36.0,3,9,3,48091.307,55981.328,3785.3634333333393,6532.160833333328
2020-03-05 10:00:00,39.9,3,10,3,48146.655,55736.944,3730.680133333321,6528.308633333334
2020-03-05 11:00:00,42.1,3,11,3,47543.137,55154.534,3322.3328666666494,6479.873833333317
2020-03-05 12:00:00,46.0,3,12,3,47010.655,54497.306,3115.769366666645,6347.797633333343
2020-03-05 13:00:00,46.9,3,13,3,46703.651,53851.307,3273.0452333333305,6257.76430000001
2020-03-05 14:00:00,51.1,3,14,3,45916.639,53355.261,3118.275833333333,6324.438399999999
2020-03-05 15:00:00,52.0,3,15,3,45337.016,52840.88,3067.359933333333,6138.134033333336
2020-03-05 16:00:00,54.0,3,16,3,45076.464,53132.372,2975.2146333333367,6167.012366666684
2020-03-05 17:00:00,54.0,3,17,3,45736.812,53918.361,3420.210899999998,5893.771400000005
2020-03-05 18:00:00,52.0,3,18,3,47150.916,55879.322,4556.982533333321,6084.701099999991
2020-03-05 19:00:00,48.9,3,19,3,48557.488,56627.754,5200.142799999994,6550.4122666666735
2020-03-05 20:00:00,46.9,3,20,3,48158.667,56079.333,3807.365166666663,6552.70226666666
2020-03-05 21:00:00,42.1,3,21,3,46961.337,54538.752,3507.586366666663,6230.918199999993
2020-03-05 22:00:00,39.9,3,22,3,44929.378,52398.338,3125.104233333332,5880.6846666666825
2020-03-05 23:00:00,46.0,3,23,3,42947.173,50140.973,2984.829266666675,5573.648799999981
2020-03-06 00:00:00,44.1,3,0,4,41586.848,48453.251,2982.885666666669,5248.541333333335
2020-03-06 01:00:00,44.1,3,1,4,40806.984,47454.58,3111.966066666668,5116.811399999999
2020-03-06 02:00:00,41.0,3,2,4,40629.474,47075.346,3438.223133333333,5167.542699999998
2020-03-06 03:00:00,42.1,3,3,4,40743.855,47088.171,3578.4121000000014,5207.724099999999
2020-03-06 04:00:00,39.9,3,4,4,41706.342,47691.616,4169.405166666664,5243.256300000001
2020-03-06 05:00:00,39.9,3,5,4,44095.628,49816.543,5353.462699999996,5810.54329999999
2020-03-06 06:00:00,37.9,3,6,4,48062.241,53335.136,7182.5304999999935,6638.738066666672
2020-03-06 07:00:00,37.0,3,7,4,50052.727,55204.335,7110.91563333333,6381.27453333333
2020-03-06 08:00:00,34.0,3,8,4,49733.37,55421.389,5882.757766666669,6014.627
2020-03-06 09:00:00,36.0,3,9,4,48718.085,54779.645,4412.141433333338,5330.477833333323
2020-03-06 10:00:00,37.0,3,10,4,48005.831,54162.075,3589.85613333332,4953.439633333328
2020-03-06 11:00:00,36.0,3,11,4,47232.579,53442.242,3011.774866666645,4767.581833333315
2020-03-06 12:00:00,37.9,3,12,4,46720.327,52793.104,2825.441366666644,4643.595633333345
2020-03-06 13:00:00,37.9,3,13,4,46435.189,52055.649,3004.583233333331,4462.106300000007
2020-03-06 14:00:00,37.9,3,14,4,45804.502,51422.66,3006.1388333333307,4391.837400000004
2020-03-06 15:00:00,37.9,3,15,4,45200.073,51039.452,2930.4169333333266,4336.706033333336
2020-03-06 16:00:00,37.0,3,16,4,45105.612,51235.953,3004.3626333333377,4270.593366666682
2020-03-06 17:00:00,36.0,3,17,4,45690.983,51960.375,3374.3819000000003,3935.785400000008
2020-03-06 18:00:00,36.0,3,18,4,47322.967,53349.31,4729.0335333333205,3554.6890999999887
2020-03-06 19:00:00,35.1,3,19,4,48648.77,54135.477,5291.424799999993,4058.135266666672
2020-03-06 20:00:00,34.0,3,20,4,48360.52,53555.91,4009.2181666666575,4029.2792666666646
2020-03-06 21:00:00,34.0,3,21,4,47058.417,52502.811,3604.666366666665,4194.977199999994
2020-03-06 22:00:00,33.1,3,22,4,45203.205,50766.219,3398.9312333333364,4248.565666666676
2020-03-06 23:00:00,32.0,3,23,4,43196.986,48917.212,3234.642266666669,4349.887799999982
2020-03-07 00:00:00,32.0,3,0,5,41894.717,47666.714,3290.754666666668,4462.004333333338
2020-03-07 01:00:00,32.0,3,1,5,41469.466,46663.301,3774.448066666672,4325.532399999996
2020-03-07 02:00:00,30.9,3,2,5,41468.548,46371.972,4277.2971333333335,4464.168700000002
2020-03-07 03:00:00,30.0,3,3,5,41723.506,46430.103,4558.063099999999,4549.6561
2020-03-07 04:00:00,30.0,3,4,5,42858.029,46722.362,5321.092166666669,4274.0023
2020-03-07 05:00:00,30.0,3,5,5,45279.668,47751.075,6537.502699999997,3745.0752999999895
2020-03-07 06:00:00,30.0,3,6,5,49364.234,49411.873,8484.523499999988,2715.475066666673
2020-03-07 07:00:00,30.0,3,7,5,51510.983,50861.166,8569.171633333332,2038.105533333328
2020-03-07 08:00:00,30.0,3,8,5,51011.903,51433.601,7161.290766666665,2026.839
2020-03-07 09:00:00,30.0,3,9,5,49818.287,51333.546,5512.343433333335,1884.3788333333289
2020-03-07 10:00:00,33.1,3,10,5,49036.629,50664.337,4620.6541333333225,1455.7016333333304
2020-03-07 11:00:00,33.1,3,11,5,47860.501,49912.374,3639.696866666644,1237.7138333333205
2020-03-07 12:00:00,37.0,3,12,5,47082.308,48988.586,3187.422366666644,839.0776333333488
2020-03-07 13:00:00,39.0,3,13,5,46656.55,47776.571,3225.9442333333354,183.02830000001268
2020-03-07 14:00:00,42.1,3,14,5,45702.399,46488.075,2904.035833333328,0.0
2020-03-07 15:00:00,44.1,3,15,5,44859.333,45634.748,2589.6769333333286,0.0
2020-03-07 16:00:00,46.0,3,16,5,44591.006,45565.804,2489.756633333338,0.0
2020-03-07 17:00:00,45.0,3,17,5,45386.661,46390.481,3070.0599,0.0
2020-03-07 18:00:00,44.1,3,18,5,47071.991,48661.928,4478.057533333325,0.0
2020-03-07 19:00:00,42.1,3,19,5,48620.847,50223.87,5263.501799999998,146.52826666667534
2020-03-07 20:00:00,41.0,3,20,5,48543.298,50297.294,4191.996166666664,770.6632666666628
2020-03-07 21:00:00,37.9,3,21,5,47571.13,49525.721,4117.379366666661,1217.88719999999
2020-03-07 22:00:00,37.0,3,22,5,45518.131,48545.224,3713.857233333336,2027.570666666681
2020-03-07 23:00:00,34.0,3,23,5,43508.707,47031.898,3546.3632666666745,2464.573799999984
2020-03-08 00:00:00,33.1,3,0,6,42019.311,45894.308,3415.348666666672,7290.345666666668
2020-03-08 01:00:00,33.1,3,1,6,41324.414,45270.419,3629.396066666668,7575.401066666673
2020-03-08 03:00:00,33.1,3,3,6,41060.594,44930.364,3869.343133333328,7739.113133333332
2020-03-08 04:00:00,32.0,3,4,6,41110.338,45032.871,3944.8951000000015,7867.428099999997
2020-03-08 05:00:00,30.9,3,5,6,41881.504,45342.089,4344.567166666668,7805.152166666667
2020-03-08 06:00:00,30.0,3,6,6,44189.886,46159.72,5447.720699999998,7417.554700000001
2020-03-08 07:00:00,28.9,3,7,6,47796.515,47290.028,6916.804499999991,6410.31749999999
2020-03-08 08:00:00,28.9,3,8,6,50167.877,48128.175,7226.065633333332,5186.363633333334
2020-03-08 09:00:00,35.1,3,9,6,50770.101,47883.731,6919.488766666669,4033.1187666666665
2020-03-08 10:00:00,39.9,3,10,6,51208.882,46828.886,6902.938433333336,2522.942433333337
2020-03-08 11:00:00,45.0,3,11,6,51347.982,45363.621,6932.007133333325,947.6461333333208
2020-03-08 12:00:00,50.0,3,12,6,51262.811,44037.869,7042.006866666648,0.0
2020-03-08 13:00:00,53.1,3,13,6,50793.273,42856.059,6898.387366666648,0.0
2020-03-08 14:00:00,55.0,3,14,6,50493.468,41822.67,7062.862233333333,0.0
2020-03-08 15:00:00,59.0,3,15,6,50063.65,40837.401,7265.286833333332,0.0
2020-03-08 16:00:00,61.0,3,16,6,49565.899,40292.898,7296.242933333327,0.0
2020-03-08 17:00:00,62.1,3,17,6,49898.268,40683.545,7797.018633333333,0.0
2020-03-08 18:00:00,62.1,3,18,6,50284.312,41730.465,7967.710899999998,0.0
2020-03-08 19:00:00,61.0,3,19,6,51264.802,43961.332,8670.868533333327,1367.3985333333258
2020-03-08 20:00:00,59.0,3,20,6,51596.102,45562.049,8238.756799999996,2204.703799999996
2020-03-08 21:00:00,54.0,3,21,6,51086.515,45418.615,6735.213166666661,1067.3131666666595
2020-03-08 22:00:00,55.0,3,22,6,49866.691,44285.674,6412.940366666662,831.9233666666623
2020-03-08 23:00:00,55.0,3,23,6,48024.666,42576.468,6220.392233333332,772.1942333333354
2020-03-09 00:00:00,52.0,3,0,0,45851.186,40936.474,5888.842266666674,974.1302666666744
2020-03-09 01:00:00,48.9,3,1,0,45762.154,39847.457,7158.191666666673,1243.4946666666729
2020-03-09 02:00:00,51.1,3,2,0,44664.595,39340.718,6969.577066666672,1645.7000666666718
2020-03-09 03:00:00,48.9,3,3,0,43968.373,39045.816,6777.122133333331,1854.5651333333296
2020-03-09 04:00:00,48.9,3,4,0,43388.846,39256.386,6223.403099999996,2090.943099999997
2020-03-09 05:00:00,48.0,3,5,0,43762.452,40162.109,6225.515166666664,2625.1721666666635
2020-03-09 06:00:00,48.0,3,6,0,45193.402,42480.39,6451.236700000001,3738.224699999999
2020-03-09 07:00:00,48.9,3,7,0,46892.486,46306.122,6012.775499999989,5426.411499999995
2020-03-09 08:00:00,48.9,3,8,0,48465.772,48707.261,5523.960633333329,5765.44963333333
2020-03-09 09:00:00,50.0,3,9,0,49412.257,48859.557,5561.6447666666645,5008.944766666667
2020-03-09 10:00:00,51.1,3,10,0,49301.292,48704.524,4995.34843333334,4398.580433333336
2020-03-09 11:00:00,55.9,3,11,0,48286.649,48394.468,3870.6741333333193,3978.4931333333225
2020-03-09 12:00:00,59.0,3,12,0,47068.847,47941.351,2848.0428666666485,3720.546866666649
2020-03-09 13:00:00,62.1,3,13,0,45643.06,47844.07,1748.1743666666443,3949.1843666666464
2020-03-09 14:00:00,64.9,3,14,0,43622.021,47543.305,191.4152333333332,4112.699233333333
2020-03-09 15:00:00,64.0,3,15,0,42252.778,47242.508,0.0,4444.144833333332
2020-03-09 16:00:00,64.0,3,16,0,41465.444,46762.746,0.0,4493.089933333329
2020-03-09 17:00:00,64.9,3,17,0,41506.557,47002.023,0.0,4900.773633333338
2020-03-09 18:00:00,64.9,3,18,0,42110.472,47493.865,0.0,5177.263899999998
2020-03-09 19:00:00,63.0,3,19,0,44096.637,48693.134,1502.703533333326,6099.200533333322
2020-03-09 20:00:00,62.1,3,20,0,46642.41,48962.32,3285.0648,5604.974799999996
2020-03-09 21:00:00,60.1,3,21,0,47141.128,48131.295,2789.8261666666585,3779.99316666666
2020-03-09 22:00:00,59.0,3,22,0,46957.471,46436.802,3503.720366666661,2983.0513666666666
2020-03-09 23:00:00,60.1,3,23,0,45767.293,44060.532,3963.019233333333,2256.258233333334
2020-03-10 00:00:00,60.1,3,0,1,44534.36,41830.084,4572.016266666673,1867.7402666666749
2020-03-10 01:00:00,60.1,3,1,1,41589.442,40159.711,2985.479666666673,1555.7486666666737
2020-03-10 02:00:00,57.9,3,2,1,41157.806,39241.992,3462.788066666668,1546.9740666666694
2020-03-10 03:00:00,57.9,3,3,1,40932.111,38810.24,3766.6680999999953,1618.989133333329
2020-03-10 04:00:00,55.0,3,4,1,41082.526,38694.463,3545.589166666665,1529.0201000000015
2020-03-10 05:00:00,54.0,3,5,1,41679.691,39504.954,2937.5256999999983,1968.0171666666647
2020-03-10 06:00:00,54.0,3,6,1,42778.291,41544.258,1898.580499999989,2802.092700000001
2020-03-10 07:00:00,55.0,3,7,1,44170.522,45086.401,1228.7106333333286,4206.69049999999
2020-03-10 08:00:00,54.0,3,8,1,44768.34,47575.828,917.7277666666632,4634.016633333333
2020-03-10 09:00:00,54.0,3,9,1,44271.35,47923.96,0.0,4073.347766666666
2020-03-10 10:00:00,55.0,3,10,1,43098.526,48091.307,0.0,3785.3634333333393
2020-03-10 11:00:00,54.0,3,11,1,41962.751,48146.655,0.0,3730.680133333321
2020-03-10 12:00:00,55.0,3,12,1,41083.146,47543.137,0.0,3322.3328666666494
2020-03-10 13:00:00,53.1,3,13,1,40034.814,47010.655,0.0,3115.769366666645
2020-03-10 14:00:00,54.0,3,14,1,38903.917,46703.651,0.0,3273.0452333333305
2020-03-10 15:00:00,54.0,3,15,1,38190.897,45916.639,0.0,3118.275833333333
2020-03-10 16:00:00,53.1,3,16,1,38082.262,45337.016,0.0,3067.359933333333
2020-03-10 17:00:00,52.0,3,17,1,38281.032,45076.464,0.0,2975.2146333333367
2020-03-10 18:00:00,50.0,3,18,1,39042.077,45736.812,0.0,3420.210899999998
2020-03-10 19:00:00,46.9,3,19,1,40742.215,47150.916,0.0,4556.982533333321
2020-03-10 20:00:00,45.0,3,20,1,42664.8,48557.488,0.0,5200.142799999994
2020-03-10 21:00:00,44.1,3,21,1,42171.049,48158.667,0.0,3807.365166666663
2020-03-10 22:00:00,44.1,3,22,1,40696.101,46961.337,0.0,3507.586366666663
2020-03-10 23:00:00,43.0,3,23,1,39216.801,44929.378,0.0,3125.104233333332
2020-03-11 00:00:00,43.0,3,0,2,38004.41,42947.173,0.0,2984.829266666675
2020-03-11 01:00:00,43.0,3,1,2,37435.72,41586.848,0.0,2982.885666666669
2020-03-11 02:00:00,43.0,3,2,2,37341.152,40806.984,149.90113333333284,3111.966066666668
2020-03-11 03:00:00,42.1,3,3,2,37650.64,40629.474,485.1970999999976,3438.223133333333
2020-03-11 04:00:00,42.1,3,4,2,38545.995,40743.855,1009.0581666666694,3578.4121000000014
2020-03-11 05:00:00,42.1,3,5,2,40877.295,41706.342,2135.1296999999977,4169.405166666664
2020-03-11 06:00:00,43.0,3,6,2,44713.714,44095.628,3834.003499999992,5353.462699999996
2020-03-11 07:00:00,42.1,3,7,2,47852.547,48062.241,4910.73563333333,7182.5304999999935
2020-03-11 08:00:00,42.1,3,8,2,48347.638,50052.727,4497.025766666666,7110.91563333333
2020-03-11 09:00:00,42.1,3,9,2,47702.106,49733.37,3396.1624333333384,5882.757766666669
2020-03-11 10:00:00,43.0,3,10,2,47012.881,48718.085,2596.906133333323,4412.141433333338
2020-03-11 11:00:00,44.1,3,11,2,46092.253,48005.831,1871.448866666644,3589.85613333332
2020-03-11 12:00:00,44.1,3,12,2,45628.061,47232.579,1733.1753666666482,3011.774866666645
2020-03-11 13:00:00,45.0,3,13,2,45159.471,46720.327,1728.8652333333305,2825.441366666644
2020-03-11 14:00:00,46.9,3,14,2,44428.091,46435.189,1629.7278333333306,3004.583233333331
2020-03-11 15:00:00,48.0,3,15,2,43724.097,45804.502,1454.4409333333317,3006.1388333333307
2020-03-11 16:00:00,50.0,3,16,2,43456.884,45200.073,1355.634633333335,2930.4169333333266
2020-03-11 17:00:00,50.0,3,17,2,43708.453,45105.612,1391.8519000000017,3004.3626333333377
2020-03-11 18:00:00,51.1,3,18,2,44137.766,45690.983,1543.8325333333269,3374.3819000000003
2020-03-11 19:00:00,50.0,3,19,2,45264.414,47322.967,1907.0687999999936,4729.0335333333205
2020-03-11 20:00:00,48.0,3,20,2,45790.298,48648.77,1438.996166666664,5291.424799999993
2020-03-11 21:00:00,48.0,3,21,2,44423.157,48360.52,969.4063666666624,4009.2181666666575
2020-03-11 22:00:00,46.9,3,22,2,42122.083,47058.417,317.8092333333334,3604.666366666665
2020-03-11 23:00:00,46.0,3,23,2,39539.218,45203.205,0.0,3398.9312333333364
2020-03-12 00:00:00,46.9,3,0,3,37763.576,43196.986,0.0,3234.642266666669
2020-03-12 01:00:00,46.9,3,1,3,36631.794,41894.717,0.0,3290.754666666668
2020-03-12 02:00:00,46.9,3,2,3,36083.629,41469.466,0.0,3774.448066666672
2020-03-12 03:00:00,46.0,3,3,3,35854.351,41468.548,0.0,4277.2971333333335
2020-03-12 04:00:00,46.0,3,4,3,36656.363,41723.506,0.0,4558.063099999999
2020-03-12 05:00:00,45.0,3,5,3,38655.031,42858.029,0.0,5321.092166666669
2020-03-12 06:00:00,46.0,3,6,3,42338.907,45279.668,1459.196499999991,6537.502699999997
2020-03-12 07:00:00,46.0,3,7,3,45370.028,49364.234,2428.21663333333,8484.523499999988
2020-03-12 08:00:00,44.1,3,8,3,46249.074,51510.983,2398.4617666666672,8569.171633333332
2020-03-12 09:00:00,46.9,3,9,3,46600.144,51011.903,2294.200433333339,7161.290766666665
2020-03-12 10:00:00,48.0,3,10,3,46819.189,49818.287,2403.21413333332,5512.343433333335
2020-03-12 11:00:00,50.0,3,11,3,46881.2,49036.629,2660.395866666644,4620.6541333333225
2020-03-12 12:00:00,54.0,3,12,3,46695.699,47860.501,2800.813366666647,3639.696866666644
2020-03-12 13:00:00,57.0,3,13,3,46451.456,47082.308,3020.850233333331,3187.422366666644
2020-03-12 14:00:00,60.1,3,14,3,45805.772,46656.55,3007.4088333333275,3225.9442333333354
2020-03-12 15:00:00,63.0,3,15,3,45314.007,45702.399,3044.350933333328,2904.035833333328
2020-03-12 16:00:00,63.0,3,16,3,45051.187,44859.333,2949.937633333335,2589.6769333333286
2020-03-12 17:00:00,64.0,3,17,3,45298.305,44591.006,2981.7039000000004,2489.756633333338
2020-03-12 18:00:00,64.0,3,18,3,45404.647,45386.661,2810.713533333321,3070.0599
2020-03-12 19:00:00,61.0,3,19,3,46318.117,47071.991,2960.771799999995,4478.057533333325
2020-03-12 20:00:00,57.9,3,20,3,47261.565,48620.847,2910.263166666664,5263.501799999998
2020-03-12 21:00:00,57.9,3,21,3,46048.969,48543.298,2595.2183666666606,4191.996166666664
2020-03-12 22:00:00,57.9,3,22,3,44023.248,47571.13,2218.9742333333343,4117.379366666661
2020-03-12 23:00:00,55.9,3,23,3,41690.678,45518.131,1728.3342666666722,3713.857233333336
2020-03-13 00:00:00,57.0,3,0,4,39825.473,43508.707,1221.5106666666688,3546.3632666666745
2020-03-13 01:00:00,55.9,3,1,4,38918.892,42019.311,1223.8740666666708,3415.348666666672
2020-03-13 02:00:00,57.0,3,2,4,38240.548,41324.414,1049.2971333333337,3629.396066666668
2020-03-13 03:00:00,55.9,3,3,4,38275.86,41060.594,1110.4170999999988,3869.343133333328
2020-03-13 04:00:00,55.0,3,4,4,39038.374,41110.338,1501.4371666666702,3944.8951000000015
2020-03-13 05:00:00,55.0,3,5,4,41013.471,41881.504,2271.305699999997,4344.567166666668
2020-03-13 06:00:00,54.0,3,6,4,44574.478,44189.886,3694.7674999999945,5447.720699999998
2020-03-13 07:00:00,48.9,3,7,4,47469.764,47796.515,4527.952633333334,6916.804499999991
2020-03-13 08:00:00,45.0,3,8,4,48158.128,50167.877,4307.515766666664,7226.065633333332
2020-03-13 09:00:00,46.0,3,9,4,48185.442,50770.101,3879.498433333341,6919.488766666669
2020-03-13 10:00:00,46.0,3,10,4,48245.965,51208.882,3829.990133333318,6902.938433333336
2020-03-13 11:00:00,48.0,3,11,4,48016.222,51347.982,3795.417866666649,6932.007133333325
2020-03-13 12:00:00,46.9,3,12,4,47688.418,51262.811,3793.532366666645,7042.006866666648
2020-03-13 13:00:00,50.0,3,13,4,47222.154,50793.273,3791.548233333335,6898.387366666648
2020-03-13 14:00:00,51.1,3,14,4,46479.586,50493.468,3681.222833333333,7062.862233333333
2020-03-13 15:00:00,51.1,3,15,4,45624.728,50063.65,3355.0719333333327,7265.286833333332
2020-03-13 16:00:00,52.0,3,16,4,45419.616,49565.899,3318.3666333333385,7296.242933333327
2020-03-13 17:00:00,51.1,3,17,4,45422.926,49898.268,3106.3249,7797.018633333333
2020-03-13 18:00:00,51.1,3,18,4,45609.039,50284.312,3015.1055333333206,7967.710899999998
2020-03-13 19:00:00,48.0,3,19,4,46441.201,51264.802,3083.855799999997,8670.868533333327
2020-03-13 20:00:00,45.0,3,20,4,47328.523,51596.102,2977.2211666666626,8238.756799999996
2020-03-13 21:00:00,44.1,3,21,4,46160.846,51086.515,2707.095366666661,6735.213166666661
2020-03-13 22:00:00,43.0,3,22,4,44043.869,49866.691,2239.595233333333,6412.940366666662
2020-03-13 23:00:00,41.0,3,23,4,41959.173,48024.666,1996.8292666666748,6220.392233333332
2020-03-14 00:00:00,42.1,3,0,5,40180.017,45851.186,1576.0546666666703,5888.842266666674
2020-03-14 01:00:00,41.0,3,1,5,39194.466,45762.154,1499.4480666666714,7158.191666666673
2020-03-14 02:00:00,39.0,3,2,5,38873.541,44664.595,1682.2901333333284,6969.577066666672
2020-03-14 03:00:00,37.0,3,3,5,38677.051,43968.373,1511.6080999999976,6777.122133333331
2020-03-14 04:00:00,36.0,3,4,5,39413.874,43388.846,1876.9371666666705,6223.403099999996
2020-03-14 05:00:00,34.0,3,5,5,41466.632,43762.452,2724.466699999997,6225.515166666664
2020-03-14 06:00:00,34.0,3,6,5,45168.887,45193.402,4289.176499999994,6451.236700000001
2020-03-14 07:00:00,35.1,3,7,5,48132.278,46892.486,5190.46663333333,6012.775499999989
2020-03-14 08:00:00,35.1,3,8,5,48338.409,48465.772,4487.796766666666,5523.960633333329
2020-03-14 09:00:00,37.9,3,9,5,47883.548,49412.257,3577.604433333341,5561.6447666666645
2020-03-14 10:00:00,42.1,3,10,5,47228.448,49301.292,2812.4731333333184,4995.34843333334
2020-03-14 11:00:00,43.0,3,11,5,46437.385,48286.649,2216.580866666649,3870.6741333333193
2020-03-14 12:00:00,41.0,3,12,5,45617.878,47068.847,1722.9923666666436,2848.0428666666485
2020-03-14 13:00:00,36.0,3,13,5,45128.639,45643.06,1698.0332333333354,1748.1743666666443
2020-03-14 14:00:00,33.1,3,14,5,44587.89,43622.021,1789.5268333333297,191.4152333333332
2020-03-14 15:00:00,33.1,3,15,5,43915.456,42252.778,1645.7999333333282,0.0
2020-03-14 16:00:00,33.1,3,16,5,43395.547,41465.444,1294.2976333333354,0.0
2020-03-14 17:00:00,34.0,3,17,5,43550.9,41506.557,1234.2989000000016,0.0
2020-03-14 18:00:00,34.0,3,18,5,43982.768,42110.472,1388.83453333332,0.0
2020-03-14 19:00:00,33.1,3,19,5,44813.692,44096.637,1456.3467999999991,1502.703533333326
2020-03-14 20:00:00,33.1,3,20,5,45416.992,46642.41,1065.69016666666,3285.0648
2020-03-14 21:00:00,34.0,3,21,5,44249.654,47141.128,795.9033666666655,2789.8261666666585
2020-03-14 22:00:00,33.1,3,22,5,42053.673,46957.471,249.3992333333372,3503.720366666661
2020-03-14 23:00:00,34.0,3,23,5,39686.053,45767.293,0.0,3963.019233333333
2020-03-15 00:00:00,34.0,3,0,6,37742.918,44534.36,0.0,4572.016266666673
2020-03-15 01:00:00,33.1,3,1,6,36758.678,41589.442,0.0,2985.479666666673
2020-03-15 02:00:00,33.1,3,2,6,36241.708,41157.806,0.0,3462.788066666668
2020-03-15 03:00:00,32.0,3,3,6,36078.657,40932.111,0.0,3766.6680999999953
2020-03-15 04:00:00,32.0,3,4,6,36480.063,41082.526,0.0,3545.589166666665
2020-03-15 05:00:00,33.1,3,5,6,38270.741,41679.691,0.0,2937.5256999999983
2020-03-15 06:00:00,33.1,3,6,6,41606.192,42778.291,726.4814999999944,1898.580499999989
2020-03-15 07:00:00,33.1,3,7,6,44647.949,44170.522,1706.137633333332,1228.7106333333286
2020-03-15 08:00:00,33.1,3,8,6,45426.064,44768.34,1575.4517666666652,917.7277666666632
2020-03-15 09:00:00,33.1,3,9,6,45606.455,44271.35,1300.5114333333404,0.0
2020-03-15 10:00:00,34.0,3,10,6,45714.34,43098.526,1298.3651333333182,0.0
2020-03-15 11:00:00,36.0,3,11,6,45230.874,41962.751,1010.0698666666505,0.0
2020-03-15 12:00:00,39.0,3,12,6,44769.441,41083.146,874.5553666666456,0.0
2020-03-15 13:00:00,41.0,3,13,6,44428.274,40034.814,997.66823333333,0.0
2020-03-15 14:00:00,44.1,3,14,6,43740.484,38903.917,942.120833333327,0.0
2020-03-15 15:00:00,46.0,3,15,6,42813.663,38190.897,544.0069333333304,0.0
2020-03-15 16:00:00,46.0,3,16,6,42144.866,38082.262,43.61663333333854,0.0
2020-03-15 17:00:00,46.0,3,17,6,42048.758,38281.032,0.0,0.0
2020-03-15 18:00:00,46.0,3,18,6,42251.175,39042.077,0.0,0.0
2020-03-15 19:00:00,45.0,3,19,6,43124.615,40742.215,0.0,0.0
2020-03-15 20:00:00,44.1,3,20,6,44561.221,42664.8,209.9191666666593,0.0
2020-03-15 21:00:00,43.0,3,21,6,43942.263,42171.049,488.5123666666623,0.0
2020-03-15 22:00:00,42.1,3,22,6,42250.125,40696.101,445.8512333333347,0.0
2020-03-15 23:00:00,37.9,3,23,6,40562.248,39216.801,599.9042666666719,0.0
2020-03-16 00:00:00,36.0,3,0,0,38882.233,38004.41,278.2706666666709,0.0
2020-03-16 01:00:00,34.0,3,1,0,37952.502,37435.72,257.4840666666714,0.0
2020-03-16 02:00:00,33.1,3,2,0,37405.338,37341.152,214.08713333333435,149.90113333333284
2020-03-16 03:00:00,33.1,3,3,0,37343.445,37650.64,178.00209999999788,485.1970999999976
2020-03-16 04:00:00,33.1,3,4,0,37663.108,38545.995,126.17116666666698,1009.0581666666694
2020-03-16 05:00:00,32.0,3,5,0,38599.99,40877.295,0.0,2135.1296999999977
2020-03-16 06:00:00,32.0,3,6,0,40063.773,44713.714,0.0,3834.003499999992
2020-03-16 07:00:00,30.9,3,7,0,41672.4,47852.547,0.0,4910.73563333333
2020-03-16 08:00:00,32.0,3,8,0,42887.977,48347.638,0.0,4497.025766666666
2020-03-16 09:00:00,34.0,3,9,0,43950.047,47702.106,0.0,3396.1624333333384
2020-03-16 10:00:00,36.0,3,10,0,44378.874,47012.881,0.0,2596.906133333323
2020-03-16 11:00:00,37.9,3,11,0,44516.915,46092.253,296.1108666666478,1871.448866666644
2020-03-16 12:00:00,41.0,3,12,0,44342.41,45628.061,447.52436666665017,1733.1753666666482
2020-03-16 13:00:00,43.0,3,13,0,44289.623,45159.471,859.0172333333321,1728.8652333333305
2020-03-16 14:00:00,45.0,3,14,0,44020.284,44428.091,1221.92083333333,1629.7278333333306
2020-03-16 15:00:00,45.0,3,15,0,43994.055,43724.097,1724.3989333333302,1454.4409333333317
2020-03-16 16:00:00,46.9,3,16,0,44111.549,43456.884,2010.299633333336,1355.634633333335
2020-03-16 17:00:00,46.0,3,17,0,44857.072,43708.453,2540.4709000000003,1391.8519000000017
2020-03-16 18:00:00,46.0,3,18,0,45065.735,44137.766,2471.801533333324,1543.8325333333269
2020-03-16 19:00:00,45.0,3,19,0,45868.345,45264.414,2510.999799999998,1907.0687999999936
2020-03-16 20:00:00,45.0,3,20,0,46340.939,45790.298,1989.63716666666,1438.996166666664
2020-03-16 21:00:00,45.0,3,21,0,45321.9,44423.157,1868.1493666666647,969.4063666666624
2020-03-16 22:00:00,44.1,3,22,0,43705.043,42122.083,1900.7692333333323,317.8092333333334
2020-03-16 23:00:00,43.0,3,23,0,42045.065,39539.218,2082.721266666674,0.0
2020-03-17 00:00:00,42.1,3,0,1,40544.722,37763.576,1940.7596666666725,0.0
2020-03-17 01:00:00,42.1,3,1,1,39545.931,36631.794,1850.913066666668,0.0
2020-03-17 02:00:00,42.1,3,2,1,38994.477,36083.629,1803.22613333333,0.0
2020-03-17 03:00:00,42.1,3,3,1,38749.576,35854.351,1584.133099999999,0.0
2020-03-17 04:00:00,42.1,3,4,1,38695.342,36656.363,1158.4051666666635,0.0
2020-03-17 05:00:00,42.1,3,5,1,39240.483,38655.031,498.3176999999996,0.0
2020-03-17 06:00:00,42.1,3,6,1,40179.368,42338.907,0.0,1459.196499999991
2020-03-17 07:00:00,42.1,3,7,1,41425.873,45370.028,0.0,2428.21663333333
2020-03-17 08:00:00,42.1,3,8,1,42641.362,46249.074,0.0,2398.4617666666672
2020-03-17 09:00:00,43.0,3,9,1,43788.91,46600.144,0.0,2294.200433333339
2020-03-17 10:00:00,43.0,3,10,1,44352.128,46819.189,0.0,2403.21413333332
2020-03-17 11:00:00,42.1,3,11,1,44272.611,46881.2,51.806866666644055,2660.395866666644
2020-03-17 12:00:00,43.0,3,12,1,43903.666,46695.699,8.780366666644113,2800.813366666647
2020-03-17 13:00:00,43.0,3,13,1,43138.515,46451.456,0.0,3020.850233333331
2020-03-17 14:00:00,43.0,3,14,1,42270.874,45805.772,0.0,3007.4088333333275
2020-03-17 15:00:00,45.0,3,15,1,41830.985,45314.007,0.0,3044.350933333328
2020-03-17 16:00:00,45.0,3,16,1,41563.012,45051.187,0.0,2949.937633333335
2020-03-17 17:00:00,46.0,3,17,1,42079.133,45298.305,0.0,2981.7039000000004
2020-03-17 18:00:00,45.0,3,18,1,42519.543,45404.647,0.0,2810.713533333321
2020-03-17 19:00:00,44.1,3,19,1,43582.973,46318.117,225.62779999999475,2960.771799999995
2020-03-17 20:00:00,44.1,3,20,1,45108.487,47261.565,757.1851666666626,2910.263166666664
2020-03-17 21:00:00,43.0,3,21,1,44632.693,46048.969,1178.9423666666626,2595.2183666666606
2020-03-17 22:00:00,39.0,3,22,1,43244.359,44023.248,1440.0852333333314,2218.9742333333343
2020-03-17 23:00:00,37.0,3,23,1,41909.361,41690.678,1947.0172666666688,1728.3342666666722
2020-03-18 00:00:00,34.0,3,0,2,40754.697,39825.473,2150.734666666671,1221.5106666666688
2020-03-18 01:00:00,34.0,3,1,2,40189.491,38918.892,2494.473066666673,1223.8740666666708
2020-03-18 02:00:00,30.9,3,2,2,39994.204,38240.548,2802.953133333329,1049.2971333333337
2020-03-18 03:00:00,30.0,3,3,2,40245.853,38275.86,3080.410100000001,1110.4170999999988
2020-03-18 04:00:00,30.0,3,4,2,41295.72,39038.374,3758.783166666668,1501.4371666666702
2020-03-18 05:00:00,28.0,3,5,2,43451.145,41013.471,4708.979699999996,2271.305699999997
2020-03-18 06:00:00,35.1,3,6,2,46539.058,44574.478,5659.347499999989,3694.7674999999945
2020-03-18 07:00:00,36.0,3,7,2,49380.237,47469.764,6438.425633333332,4527.952633333334
2020-03-18 08:00:00,34.0,3,8,2,50318.634,48158.128,6468.021766666665,4307.515766666664
2020-03-18 09:00:00,37.0,3,9,2,50555.496,48185.442,6249.552433333338,3879.498433333341
2020-03-18 10:00:00,41.0,3,10,2,50583.383,48245.965,6167.408133333323,3829.990133333318
2020-03-18 11:00:00,44.1,3,11,2,50166.179,48016.222,5945.374866666643,3795.417866666649
2020-03-18 12:00:00,46.0,3,12,2,49414.488,47688.418,5519.602366666644,3793.532366666645
2020-03-18 13:00:00,46.9,3,13,2,48800.551,47222.154,5369.945233333332,3791.548233333335
2020-03-18 14:00:00,48.0,3,14,2,47925.027,46479.586,5126.663833333332,3681.222833333333
2020-03-18 15:00:00,46.9,3,15,2,47288.216,45624.728,5018.55993333333,3355.0719333333327
2020-03-18 16:00:00,46.9,3,16,2,47096.496,45419.616,4995.246633333336,3318.3666333333385
2020-03-18 17:00:00,48.0,3,17,2,47193.345,45422.926,4876.743900000001,3106.3249
2020-03-18 18:00:00,48.9,3,18,2,47492.444,45609.039,4898.510533333327,3015.1055333333206
2020-03-18 19:00:00,50.0,3,19,2,47900.78,46441.201,4543.434799999995,3083.855799999997
2020-03-18 20:00:00,51.1,3,20,2,47970.274,47328.523,3618.972166666659,2977.2211666666626
2020-03-18 21:00:00,53.1,3,21,2,46584.451,46160.846,3130.700366666664,2707.095366666661
2020-03-18 22:00:00,54.0,3,22,2,44600.638,44043.869,2796.3642333333337,2239.595233333333
2020-03-18 23:00:00,55.0,3,23,2,42632.574,41959.173,2670.230266666673,1996.8292666666748
2020-03-19 00:00:00,53.1,3,0,3,40970.932,40180.017,2366.9696666666714,1576.0546666666703
2020-03-19 01:00:00,52.0,3,1,3,39903.602,39194.466,2208.58406666667,1499.4480666666714
2020-03-19 02:00:00,50.0,3,2,3,39386.466,38873.541,2195.215133333332,1682.2901333333284
2020-03-19 03:00:00,48.9,3,3,3,39073.699,38677.051,1908.2560999999987,1511.6080999999976
2020-03-19 04:00:00,48.9,3,4,3,39568.39,39413.874,2031.4531666666664,1876.9371666666705
2020-03-19 05:00:00,48.0,3,5,3,41304.067,41466.632,2561.901700000002,2724.466699999997
2020-03-19 06:00:00,46.9,3,6,3,44147.724,45168.887,3268.0134999999937,4289.176499999994
2020-03-19 07:00:00,46.0,3,7,3,46786.044,48132.278,3844.232633333333,5190.46663333333
2020-03-19 08:00:00,45.0,3,8,3,47729.048,48338.409,3878.435766666669,4487.796766666666
2020-03-19 09:00:00,44.1,3,9,3,48327.289,47883.548,4021.345433333336,3577.604433333341
2020-03-19 10:00:00,45.0,3,10,3,48648.941,47228.448,4232.966133333321,2812.4731333333184
2020-03-19 11:00:00,46.9,3,11,3,48494.887,46437.385,4274.082866666649,2216.580866666649
2020-03-19 12:00:00,48.9,3,12,3,48355.555,45617.878,4460.669366666647,1722.9923666666436
2020-03-19 13:00:00,50.0,3,13,3,47890.46,45128.639,4459.854233333332,1698.0332333333354
2020-03-19 14:00:00,53.1,3,14,3,47189.665,44587.89,4391.301833333331,1789.5268333333297
2020-03-19 15:00:00,55.9,3,15,3,46206.234,43915.456,3936.577933333327,1645.7999333333282
2020-03-19 16:00:00,57.0,3,16,3,45356.021,43395.547,3254.7716333333374,1294.2976333333354
2020-03-19 17:00:00,59.0,3,17,3,45221.148,43550.9,2904.546900000001,1234.2989000000016
2020-03-19 18:00:00,60.1,3,18,3,45190.484,43982.768,2596.5505333333203,1388.83453333332
2020-03-19 19:00:00,61.0,3,19,3,45765.115,44813.692,2407.7697999999946,1456.3467999999991
2020-03-19 20:00:00,62.1,3,20,3,46858.444,45416.992,2507.1421666666647,1065.69016666666
2020-03-19 21:00:00,63.0,3,21,3,46052.277,44249.654,2598.526366666665,795.9033666666655
2020-03-19 22:00:00,64.0,3,22,3,44175.128,42053.673,2370.854233333332,249.3992333333372
2020-03-19 23:00:00,64.0,3,23,3,42359.495,39686.053,2397.151266666675,0.0
2020-03-20 00:00:00,64.9,3,0,4,41050.61,37742.918,2446.647666666672,0.0
2020-03-20 01:00:00,68.0,3,1,4,40154.682,36758.678,2459.664066666672,0.0
2020-03-20 02:00:00,64.0,3,2,4,39692.868,36241.708,2501.617133333333,0.0
2020-03-20 03:00:00,62.1,3,3,4,39875.937,36078.657,2710.4940999999963,0.0
2020-03-20 04:00:00,62.1,3,4,4,40382.737,36480.063,2845.800166666668,0.0
2020-03-20 05:00:00,61.0,3,5,4,42112.616,38270.741,3370.450700000001,0.0
2020-03-20 06:00:00,60.1,3,6,4,44875.925,41606.192,3996.2144999999946,726.4814999999944
2020-03-20 07:00:00,63.0,3,7,4,47415.946,44647.949,4474.134633333335,1706.137633333332
2020-03-20 08:00:00,64.9,3,8,4,48096.081,45426.064,4245.468766666665,1575.4517666666652
2020-03-20 09:00:00,64.0,3,9,4,48123.518,45606.455,3817.574433333335,1300.5114333333404
2020-03-20 10:00:00,64.9,3,10,4,48053.406,45714.34,3637.431133333325,1298.3651333333182
2020-03-20 11:00:00,66.9,3,11,4,47890.85,45230.874,3670.0458666666455,1010.0698666666505
2020-03-20 12:00:00,69.1,3,12,4,47866.468,44769.441,3971.582366666648,874.5553666666456
2020-03-20 13:00:00,70.0,3,13,4,47563.131,44428.274,4132.525233333334,997.66823333333
2020-03-20 14:00:00,69.1,3,14,4,47176.737,43740.484,4378.373833333331,942.120833333327
2020-03-20 15:00:00,61.0,3,15,4,46652.626,42813.663,4382.969933333327,544.0069333333304
2020-03-20 16:00:00,60.1,3,16,4,46707.567,42144.866,4606.31763333334,43.61663333333854
2020-03-20 17:00:00,57.0,3,17,4,46729.874,42048.758,4413.272900000004,0.0
2020-03-20 18:00:00,51.1,3,18,4,46688.726,42251.175,4094.792533333326,0.0
2020-03-20 19:00:00,48.0,3,19,4,46742.061,43124.615,3384.715799999998,0.0
2020-03-20 20:00:00,46.0,3,20,4,46738.422,44561.221,2387.12016666666,209.9191666666593
2020-03-20 21:00:00,45.0,3,21,4,45211.36,43942.263,1757.6093666666638,488.5123666666623
2020-03-20 22:00:00,43.0,3,22,4,43153.494,42250.125,1349.2202333333337,445.8512333333347
2020-03-20 23:00:00,43.0,3,23,4,40865.96,40562.248,903.6162666666714,599.9042666666719
2020-03-21 00:00:00,42.1,3,0,5,39064.444,38882.233,460.48166666667385,278.2706666666709
2020-03-21 01:00:00,37.9,3,1,5,37896.888,37952.502,201.87006666667003,257.4840666666714
2020-03-21 02:00:00,37.0,3,2,5,37310.553,37405.338,119.30213333333086,214.08713333333435
2020-03-21 03:00:00,37.0,3,3,5,37231.56,37343.445,66.11709999999584,178.00209999999788
2020-03-21 04:00:00,35.1,3,4,5,37577.152,37663.108,40.215166666668665,126.17116666666698
2020-03-21 05:00:00,35.1,3,5,5,38925.485,38599.99,183.3197,0.0
2020-03-21 06:00:00,33.1,3,6,5,41500.016,40063.773,620.3054999999949,0.0
2020-03-21 07:00:00,33.1,3,7,5,43974.353,41672.4,1032.5416333333342,0.0
2020-03-21 08:00:00,32.0,3,8,5,45098.652,42887.977,1248.0397666666686,0.0
2020-03-21 09:00:00,30.9,3,9,5,45651.292,43950.047,1345.34843333334,0.0
2020-03-21 10:00:00,30.9,3,10,5,46147.895,44378.874,1731.9201333333183,0.0
2020-03-21 11:00:00,32.0,3,11,5,46114.084,44516.915,1893.2798666666488,296.1108666666478
2020-03-21 12:00:00,34.0,3,12,5,46175.733,44342.41,2280.847366666647,447.52436666665017
2020-03-21 13:00:00,35.1,3,13,5,46263.559,44289.623,2832.9532333333336,859.0172333333321
2020-03-21 14:00:00,35.1,3,14,5,45758.126,44020.284,2959.762833333327,1221.92083333333
2020-03-21 15:00:00,36.0,3,15,5,44993.064,43994.055,2723.4079333333284,1724.3989333333302
2020-03-21 16:00:00,37.0,3,16,5,44646.011,44111.549,2544.761633333336,2010.299633333336
2020-03-21 17:00:00,36.0,3,17,5,44657.14,44857.072,2340.5389,2540.4709000000003
2020-03-21 18:00:00,34.0,3,18,5,44707.427,45065.735,2113.493533333327,2471.801533333324
2020-03-21 19:00:00,33.1,3,19,5,44904.421,45868.345,1547.0757999999987,2510.999799999998
2020-03-21 20:00:00,32.0,3,20,5,44742.506,46340.939,391.2041666666628,1989.63716666666
2020-03-21 21:00:00,32.0,3,21,5,43230.306,45321.9,0.0,1868.1493666666647
2020-03-21 22:00:00,32.0,3,22,5,41126.34,43705.043,0.0,1900.7692333333323
2020-03-21 23:00:00,30.9,3,23,5,38965.217,42045.065,0.0,2082.721266666674
2020-03-22 00:00:00,30.0,3,0,6,37095.498,40544.722,0.0,1940.7596666666725
2020-03-22 01:00:00,28.9,3,1,6,35870.925,39545.931,0.0,1850.913066666668
2020-03-22 02:00:00,28.0,3,2,6,35110.523,38994.477,0.0,1803.22613333333
2020-03-22 03:00:00,27.0,3,3,6,34828.584,38749.576,0.0,1584.133099999999
2020-03-22 04:00:00,27.0,3,4,6,35158.043,38695.342,0.0,1158.4051666666635
2020-03-22 05:00:00,26.1,3,5,6,36342.091,39240.483,0.0,498.3176999999996
2020-03-22 06:00:00,27.0,3,6,6,38731.497,40179.368,0.0,0.0
2020-03-22 07:00:00,27.0,3,7,6,41554.888,41425.873,0.0,0.0
2020-03-22 08:00:00,26.1,3,8,6,42651.248,42641.362,0.0,0.0
2020-03-22 09:00:00,28.9,3,9,6,43629.018,43788.91,0.0,0.0
2020-03-22 10:00:00,32.0,3,10,6,44206.071,44352.128,0.0,0.0
2020-03-22 11:00:00,36.0,3,11,6,44460.826,44272.611,240.02186666664784,51.806866666644055
2020-03-22 12:00:00,39.0,3,12,6,44455.415,43903.666,560.5293666666475,8.780366666644113
2020-03-22 13:00:00,42.1,3,13,6,44313.506,43138.515,882.9002333333337,0.0
2020-03-22 14:00:00,43.0,3,14,6,43564.689,42270.874,766.3258333333288,0.0
2020-03-22 15:00:00,45.0,3,15,6,42905.33,41830.985,635.6739333333317,0.0
2020-03-22 16:00:00,45.0,3,16,6,42676.264,41563.012,575.0146333333396,0.0
2020-03-22 17:00:00,45.0,3,17,6,42901.128,42079.133,584.5268999999971,0.0
2020-03-22 18:00:00,45.0,3,18,6,43103.928,42519.543,509.9945333333235,0.0
2020-03-22 19:00:00,44.1,3,19,6,43592.657,43582.973,235.31179999999583,225.62779999999475
2020-03-22 20:00:00,41.0,3,20,6,43886.445,45108.487,0.0,757.1851666666626
2020-03-22 21:00:00,41.0,3,21,6,42884.277,44632.693,0.0,1178.9423666666626
2020-03-22 22:00:00,41.0,3,22,6,41025.751,43244.359,0.0,1440.0852333333314
2020-03-22 23:00:00,41.0,3,23,6,39176.1,41909.361,0.0,1947.0172666666688
2020-03-23 00:00:00,41.0,3,0,0,37681.212,40754.697,0.0,2150.734666666671
2020-03-23 01:00:00,43.0,3,1,0,36867.573,40189.491,0.0,2494.473066666673
2020-03-23 02:00:00,43.0,3,2,0,36431.425,39994.204,0.0,2802.953133333329
2020-03-23 03:00:00,44.1,3,3,0,36486.369,40245.853,0.0,3080.410100000001
2020-03-23 04:00:00,44.1,3,4,0,36740.155,41295.72,0.0,3758.783166666668
2020-03-23 05:00:00,44.1,3,5,0,37659.866,43451.145,0.0,4708.979699999996
2020-03-23 06:00:00,44.1,3,6,0,38868.622,46539.058,0.0,5659.347499999989
2020-03-23 07:00:00,43.0,3,7,0,40478.713,49380.237,0.0,6438.425633333332
2020-03-23 08:00:00,43.0,3,8,0,41748.363,50318.634,0.0,6468.021766666665
2020-03-23 09:00:00,44.1,3,9,0,43253.647,50555.496,0.0,6249.552433333338
2020-03-23 10:00:00,44.1,3,10,0,44294.788,50583.383,0.0,6167.408133333323
2020-03-23 11:00:00,44.1,3,11,0,44777.409,50166.179,556.6048666666466,5945.374866666643
2020-03-23 12:00:00,44.1,3,12,0,44742.529,49414.488,847.643366666649,5519.602366666644
2020-03-23 13:00:00,45.0,3,13,0,44218.248,48800.551,787.6422333333321,5369.945233333332
2020-03-23 14:00:00,46.0,3,14,0,43569.618,47925.027,771.2548333333325,5126.663833333332
2020-03-23 15:00:00,46.9,3,15,0,43081.469,47288.216,811.8129333333272,5018.55993333333
2020-03-23 16:00:00,46.9,3,16,0,43193.835,47096.496,1092.585633333336,4995.246633333336
2020-03-23 17:00:00,46.9,3,17,0,43529.033,47193.345,1212.4319000000032,4876.743900000001
2020-03-23 18:00:00,46.0,3,18,0,43843.142,47492.444,1249.2085333333234,4898.510533333327
2020-03-23 19:00:00,44.1,3,19,0,44455.267,47900.78,1097.9217999999964,4543.434799999995
2020-03-23 20:00:00,43.0,3,20,0,45469.6,47970.274,1118.29816666666,3618.972166666659
2020-03-23 21:00:00,42.1,3,21,0,44536.683,46584.451,1082.9323666666603,3130.700366666664
2020-03-23 22:00:00,42.1,3,22,0,43159.563,44600.638,1355.2892333333366,2796.3642333333337
2020-03-23 23:00:00,42.1,3,23,0,41658.259,42632.574,1695.9152666666705,2670.230266666673
2020-03-24 00:00:00,42.1,3,0,1,40424.776,40970.932,1820.8136666666687,2366.9696666666714
2020-03-24 01:00:00,42.1,3,1,1,39743.255,39903.602,2048.2370666666684,2208.58406666667
2020-03-24 02:00:00,41.0,3,2,1,39280.422,39386.466,2089.1711333333296,2195.215133333332
2020-03-24 03:00:00,42.1,3,3,1,39165.954,39073.699,2000.511099999996,1908.2560999999987
2020-03-24 04:00:00,41.0,3,4,1,39409.479,39568.39,1872.5421666666664,2031.4531666666664
2020-03-24 05:00:00,41.0,3,5,1,40053.38,41304.067,1311.2146999999968,2561.901700000002
2020-03-24 06:00:00,41.0,3,6,1,41038.774,44147.724,159.0634999999893,3268.0134999999937
2020-03-24 07:00:00,41.0,3,7,1,42079.66,46786.044,0.0,3844.232633333333
2020-03-24 08:00:00,41.0,3,8,1,42590.614,47729.048,0.0,3878.435766666669
2020-03-24 09:00:00,42.1,3,9,1,42867.97,48327.289,0.0,4021.345433333336
2020-03-24 10:00:00,44.1,3,10,1,42696.171,48648.941,0.0,4232.966133333321
2020-03-24 11:00:00,45.0,3,11,1,42419.143,48494.887,0.0,4274.082866666649
2020-03-24 12:00:00,46.0,3,12,1,42019.073,48355.555,0.0,4460.669366666647
2020-03-24 13:00:00,48.0,3,13,1,41379.265,47890.46,0.0,4459.854233333332
2020-03-24 14:00:00,46.9,3,14,1,40774.386,47189.665,0.0,4391.301833333331
2020-03-24 15:00:00,46.9,3,15,1,40679.202,46206.234,0.0,3936.577933333327
2020-03-24 16:00:00,48.0,3,16,1,41301.077,45356.021,0.0,3254.7716333333374
2020-03-24 17:00:00,48.9,3,17,1,42110.301,45221.148,0.0,2904.546900000001
2020-03-24 18:00:00,46.9,3,18,1,42598.041,45190.484,4.107533333321044,2596.5505333333203
2020-03-24 19:00:00,46.9,3,19,1,43441.651,45765.115,84.30579999999463,2407.7697999999946
2020-03-24 20:00:00,46.0,3,20,1,44037.254,46858.444,0.0,2507.1421666666647
2020-03-24 21:00:00,45.0,3,21,1,43061.551,46052.277,0.0,2598.526366666665
2020-03-24 22:00:00,44.1,3,22,1,41764.432,44175.128,0.0,2370.854233333332
2020-03-24 23:00:00,43.0,3,23,1,40371.059,42359.495,408.7152666666734,2397.151266666675
2020-03-25 00:00:00,43.0,3,0,2,39077.859,41050.61,473.8966666666674,2446.647666666672
2020-03-25 01:00:00,42.1,3,1,2,38323.82,40154.682,628.8020666666707,2459.664066666672
2020-03-25 02:00:00,41.0,3,2,2,37978.924,39692.868,787.67313333333,2501.617133333333
2020-03-25 03:00:00,41.0,3,3,2,37884.591,39875.937,719.1480999999985,2710.4940999999963
2020-03-25 04:00:00,41.0,3,4,2,38485.631,40382.737,948.694166666668,2845.800166666668
2020-03-25 05:00:00,39.9,3,5,2,39922.653,42112.616,1180.487699999998,3370.450700000001
2020-03-25 06:00:00,39.0,3,6,2,42627.428,44875.925,1747.7174999999916,3996.2144999999946
2020-03-25 07:00:00,39.0,3,7,2,44983.878,47415.946,2042.0666333333284,4474.134633333335
2020-03-25 08:00:00,37.9,3,8,2,46148.559,48096.081,2297.946766666668,4245.468766666665
2020-03-25 09:00:00,39.9,3,9,2,46924.72,48123.518,2618.77643333334,3817.574433333335
2020-03-25 10:00:00,45.0,3,10,2,47561.468,48053.406,3145.4931333333225,3637.431133333325
2020-03-25 11:00:00,48.9,3,11,2,47520.876,47890.85,3300.0718666666435,3670.0458666666455
2020-03-25 12:00:00,54.0,3,12,2,47419.441,47866.468,3524.5553666666456,3971.582366666648
2020-03-25 13:00:00,55.9,3,13,2,46951.121,47563.131,3520.515233333332,4132.525233333334
2020-03-25 14:00:00,57.9,3,14,2,46176.586,47176.737,3378.2228333333333,4378.373833333331
2020-03-25 15:00:00,61.0,3,15,2,45258.464,46652.626,2988.80793333333,4382.969933333327
2020-03-25 16:00:00,62.1,3,16,2,44600.967,46707.567,2499.7176333333337,4606.31763333334
2020-03-25 17:00:00,62.1,3,17,2,44643.774,46729.874,2327.1728999999978,4413.272900000004
2020-03-25 18:00:00,62.1,3,18,2,44543.646,46688.726,1949.712533333324,4094.792533333326
2020-03-25 19:00:00,61.0,3,19,2,45003.131,46742.061,1645.7857999999978,3384.715799999998
2020-03-25 20:00:00,57.9,3,20,2,45677.989,46738.422,1326.687166666663,2387.12016666666
2020-03-25 21:00:00,55.9,3,21,2,44436.324,45211.36,982.5733666666638,1757.6093666666638
2020-03-25 22:00:00,51.1,3,22,2,42779.143,43153.494,974.8692333333312,1349.2202333333337
2020-03-25 23:00:00,48.0,3,23,2,41029.048,40865.96,1066.7042666666748,903.6162666666714
2020-03-26 00:00:00,46.0,3,0,3,39490.079,39064.444,886.1166666666686,460.48166666667385
2020-03-26 01:00:00,45.0,3,1,3,38642.599,37896.888,947.581066666673,201.87006666667003
2020-03-26 02:00:00,48.9,3,2,3,38187.482,37310.553,996.2311333333346,119.30213333333086
2020-03-26 03:00:00,48.9,3,3,3,38116.985,37231.56,951.5420999999988,66.11709999999584
2020-03-26 04:00:00,46.9,3,4,3,38674.04,37577.152,1137.1031666666677,40.215166666668665
2020-03-26 05:00:00,46.0,3,5,3,40278.638,38925.485,1536.4726999999984,183.3197
2020-03-26 06:00:00,45.0,3,6,3,42627.8,41500.016,1748.0894999999946,620.3054999999949
2020-03-26 07:00:00,44.1,3,7,3,44955.968,43974.353,2014.156633333332,1032.5416333333342
2020-03-26 08:00:00,45.0,3,8,3,45989.333,45098.652,2138.720766666665,1248.0397666666686
2020-03-26 09:00:00,48.0,3,9,3,46359.078,45651.292,2053.13443333334,1345.34843333334
2020-03-26 10:00:00,53.1,3,10,3,46266.812,46147.895,1850.83713333332,1731.9201333333183
2020-03-26 11:00:00,57.0,3,11,3,45979.093,46114.084,1758.2888666666477,1893.2798666666488
2020-03-26 12:00:00,60.1,3,12,3,45608.279,46175.733,1713.393366666649,2280.847366666647
2020-03-26 13:00:00,63.0,3,13,3,45165.468,46263.559,1734.8622333333333,2832.9532333333336
2020-03-26 14:00:00,64.9,3,14,3,44461.842,45758.126,1663.4788333333272,2959.762833333327
2020-03-26 15:00:00,68.0,3,15,3,43642.066,44993.064,1372.4099333333288,2723.4079333333284
2020-03-26 16:00:00,66.9,3,16,3,43336.264,44646.011,1235.0146333333396,2544.761633333336
2020-03-26 17:00:00,66.0,3,17,3,43512.859,44657.14,1196.2578999999969,2340.5389
2020-03-26 18:00:00,66.0,3,18,3,43898.332,44707.427,1304.3985333333258,2113.493533333327
2020-03-26 19:00:00,64.9,3,19,3,44447.869,44904.421,1090.5237999999954,1547.0757999999987
2020-03-26 20:00:00,62.1,3,20,3,44817.622,44742.506,466.3201666666646,391.2041666666628
2020-03-26 21:00:00,57.9,3,21,3,43846.446,43230.306,392.6953666666668,0.0
2020-03-26 22:00:00,57.0,3,22,3,42360.288,41126.34,556.0142333333351,0.0
2020-03-26 23:00:00,55.9,3,23,3,40426.331,38965.217,463.9872666666706,0.0
2020-03-27 00:00:00,55.0,3,0,4,39119.41,37095.498,515.4476666666742,0.0
2020-03-27 01:00:00,55.0,3,1,4,38237.832,35870.925,542.8140666666732,0.0
2020-03-27 02:00:00,54.0,3,2,4,37855.532,35110.523,664.2811333333302,0.0
2020-03-27 03:00:00,53.1,3,3,4,37809.626,34828.584,644.1830999999947,0.0
2020-03-27 04:00:00,52.0,3,4,4,38089.009,35158.043,552.072166666665,0.0
2020-03-27 05:00:00,52.0,3,5,4,39714.382,36342.091,972.2166999999972,0.0
2020-03-27 06:00:00,52.0,3,6,4,41846.625,38731.497,966.9144999999916,0.0
2020-03-27 07:00:00,51.1,3,7,4,44244.558,41554.888,1302.7466333333286,0.0
2020-03-27 08:00:00,51.1,3,8,4,45209.104,42651.248,1358.491766666666,0.0
2020-03-27 09:00:00,51.1,3,9,4,45328.585,43629.018,1022.6414333333378,0.0
2020-03-27 10:00:00,53.1,3,10,4,45494.49,44206.071,1078.5151333333197,0.0
2020-03-27 11:00:00,53.1,3,11,4,44946.276,44460.826,725.4718666666449,240.02186666664784
2020-03-27 12:00:00,53.1,3,12,4,44415.187,44455.415,520.3013666666448,560.5293666666475
2020-03-27 13:00:00,55.0,3,13,4,43627.794,44313.506,197.1882333333342,882.9002333333337
2020-03-27 14:00:00,57.9,3,14,4,42596.331,43564.689,0.0,766.3258333333288
2020-03-27 15:00:00,57.9,3,15,4,41721.971,42905.33,0.0,635.6739333333317
2020-03-27 16:00:00,57.9,3,16,4,41154.366,42676.264,0.0,575.0146333333396
2020-03-27 17:00:00,55.0,3,17,4,41147.516,42901.128,0.0,584.5268999999971
2020-03-27 18:00:00,55.0,3,18,4,41260.49,43103.928,0.0,509.9945333333235
2020-03-27 19:00:00,55.0,3,19,4,41662.195,43592.657,0.0,235.31179999999583
2020-03-27 20:00:00,54.0,3,20,4,42867.323,43886.445,0.0,0.0
2020-03-27 21:00:00,54.0,3,21,4,41937.02,42884.277,0.0,0.0
2020-03-27 22:00:00,54.0,3,22,4,40372.17,41025.751,0.0,0.0
2020-03-27 23:00:00,54.0,3,23,4,38706.75,39176.1,0.0,0.0
2020-03-28 00:00:00,54.0,3,0,5,37232.904,37681.212,0.0,0.0
2020-03-28 01:00:00,54.0,3,1,5,36586.162,36867.573,0.0,0.0
2020-03-28 02:00:00,54.0,3,2,5,36179.479,36431.425,0.0,0.0
2020-03-28 03:00:00,55.0,3,3,5,36205.717,36486.369,0.0,0.0
2020-03-28 04:00:00,54.0,3,4,5,36678.994,36740.155,0.0,0.0
2020-03-28 05:00:00,55.0,3,5,5,38016.232,37659.866,0.0,0.0
2020-03-28 06:00:00,54.0,3,6,5,40554.369,38868.622,0.0,0.0
2020-03-28 07:00:00,55.0,3,7,5,42619.87,40478.713,0.0,0.0
2020-03-28 08:00:00,55.0,3,8,5,43370.697,41748.363,0.0,0.0
2020-03-28 09:00:00,59.0,3,9,5,43256.999,43253.647,0.0,0.0
2020-03-28 10:00:00,64.9,3,10,5,43184.631,44294.788,0.0,0.0
2020-03-28 11:00:00,68.0,3,11,5,42653.596,44777.409,0.0,556.6048666666466
2020-03-28 12:00:00,73.0,3,12,5,42270.269,44742.529,0.0,847.643366666649
2020-03-28 13:00:00,75.0,3,13,5,41929.735,44218.248,0.0,787.6422333333321
2020-03-28 14:00:00,73.9,3,14,5,41452.682,43569.618,0.0,771.2548333333325
2020-03-28 15:00:00,71.1,3,15,5,41096.54,43081.469,0.0,811.8129333333272
2020-03-28 16:00:00,66.9,3,16,5,40929.523,43193.835,0.0,1092.585633333336
2020-03-28 17:00:00,66.0,3,17,5,41432.963,43529.033,0.0,1212.4319000000032
2020-03-28 18:00:00,64.9,3,18,5,41666.925,43843.142,0.0,1249.2085333333234
2020-03-28 19:00:00,66.0,3,19,5,41894.001,44455.267,0.0,1097.9217999999964
2020-03-28 20:00:00,66.0,3,20,5,42284.786,45469.6,0.0,1118.29816666666
2020-03-28 21:00:00,66.0,3,21,5,41013.097,44536.683,0.0,1082.9323666666603
2020-03-28 22:00:00,61.0,3,22,5,39142.214,43159.563,0.0,1355.2892333333366
2020-03-28 23:00:00,62.1,3,23,5,37223.536,41658.259,0.0,1695.9152666666705
2020-03-29 00:00:00,63.0,3,0,6,35590.279,40424.776,0.0,1820.8136666666687
2020-03-29 01:00:00,64.0,3,1,6,34695.778,39743.255,0.0,2048.2370666666684
2020-03-29 02:00:00,64.9,3,2,6,34142.455,39280.422,0.0,2089.1711333333296
2020-03-29 03:00:00,63.0,3,3,6,33916.1,39165.954,0.0,2000.511099999996
2020-03-29 04:00:00,64.0,3,4,6,34324.858,39409.479,0.0,1872.5421666666664
2020-03-29 05:00:00,64.9,3,5,6,35516.116,40053.38,0.0,1311.2146999999968
2020-03-29 06:00:00,66.0,3,6,6,37729.649,41038.774,0.0,159.0634999999893
2020-03-29 07:00:00,66.0,3,7,6,40019.528,42079.66,0.0,0.0
2020-03-29 08:00:00,66.0,3,8,6,41180.872,42590.614,0.0,0.0
2020-03-29 09:00:00,66.0,3,9,6,41994.383,42867.97,0.0,0.0
2020-03-29 10:00:00,66.9,3,10,6,42522.655,42696.171,0.0,0.0
2020-03-29 11:00:00,66.9,3,11,6,42755.833,42419.143,0.0,0.0
2020-03-29 12:00:00,68.0,3,12,6,42720.885,42019.073,0.0,0.0
2020-03-29 13:00:00,68.0,3,13,6,42241.787,41379.265,0.0,0.0
2020-03-29 14:00:00,66.9,3,14,6,41671.994,40774.386,0.0,0.0
2020-03-29 15:00:00,68.0,3,15,6,41046.654,40679.202,0.0,0.0
2020-03-29 16:00:00,66.9,3,16,6,40888.531,41301.077,0.0,0.0
2020-03-29 17:00:00,64.9,3,17,6,40920.127,42110.301,0.0,0.0
2020-03-29 18:00:00,64.9,3,18,6,40904.867,42598.041,0.0,4.107533333321044
2020-03-29 19:00:00,64.9,3,19,6,41046.941,43441.651,0.0,84.30579999999463
2020-03-29 20:00:00,61.0,3,20,6,41487.039,44037.254,0.0,0.0
2020-03-29 21:00:00,61.0,3,21,6,40242.388,43061.551,0.0,0.0
2020-03-29 22:00:00,59.0,3,22,6,38471.338,41764.432,0.0,0.0
2020-03-29 23:00:00,57.9,3,23,6,36660.595,40371.059,0.0,408.7152666666734
2020-03-30 00:00:00,57.0,3,0,0,34931.916,39077.859,0.0,473.8966666666674
2020-03-30 01:00:00,55.0,3,1,0,33764.022,38323.82,0.0,628.8020666666707
2020-03-30 02:00:00,54.0,3,2,0,33158.397,37978.924,0.0,787.67313333333
2020-03-30 03:00:00,53.1,3,3,0,32728.566,37884.591,0.0,719.1480999999985
2020-03-30 04:00:00,52.0,3,4,0,32783.301,38485.631,0.0,948.694166666668
2020-03-30 05:00:00,51.1,3,5,0,33061.581,39922.653,0.0,1180.487699999998
2020-03-30 06:00:00,50.0,3,6,0,33786.024,42627.428,0.0,1747.7174999999916
2020-03-30 07:00:00,46.9,3,7,0,34911.236,44983.878,0.0,2042.0666333333284
2020-03-30 08:00:00,46.0,3,8,0,35918.977,46148.559,0.0,2297.946766666668
2020-03-30 09:00:00,46.0,3,9,0,37174.137,46924.72,0.0,2618.77643333334
2020-03-30 10:00:00,46.0,3,10,0,38305.844,47561.468,0.0,3145.4931333333225
2020-03-30 11:00:00,46.0,3,11,0,38978.466,47520.876,0.0,3300.0718666666435
2020-03-30 12:00:00,46.0,3,12,0,39308.237,47419.441,0.0,3524.5553666666456
2020-03-30 13:00:00,46.0,3,13,0,39445.809,46951.121,0.0,3520.515233333332
2020-03-30 14:00:00,48.0,3,14,0,39058.239,46176.586,0.0,3378.2228333333333
2020-03-30 15:00:00,46.9,3,15,0,39036.092,45258.464,0.0,2988.80793333333
2020-03-30 16:00:00,48.0,3,16,0,39289.639,44600.967,0.0,2499.7176333333337
2020-03-30 17:00:00,46.9,3,17,0,39511.403,44643.774,0.0,2327.1728999999978
2020-03-30 18:00:00,46.9,3,18,0,39715.962,44543.646,0.0,1949.712533333324
2020-03-30 19:00:00,46.0,3,19,0,40005.143,45003.131,0.0,1645.7857999999978
2020-03-30 20:00:00,45.0,3,20,0,40262.067,45677.989,0.0,1326.687166666663
2020-03-30 21:00:00,45.0,3,21,0,38904.828,44436.324,0.0,982.5733666666638
2020-03-30 22:00:00,45.0,3,22,0,37361.868,42779.143,0.0,974.8692333333312
2020-03-30 23:00:00,44.1,3,23,0,35389.209,41029.048,0.0,1066.7042666666748
2020-03-31 00:00:00,44.1,3,0,1,33748.064,39490.079,0.0,886.1166666666686
2020-03-31 01:00:00,43.0,3,1,1,32489.662,38642.599,0.0,947.581066666673
2020-03-31 02:00:00,42.1,3,2,1,31922.178,38187.482,0.0,996.2311333333346
2020-03-31 03:00:00,41.0,3,3,1,31395.173,38116.985,0.0,951.5420999999988
2020-03-31 04:00:00,41.0,3,4,1,31239.869,38674.04,0.0,1137.1031666666677
2020-03-31 05:00:00,39.9,3,5,1,31322.905,40278.638,0.0,1536.4726999999984
2020-03-31 06:00:00,39.9,3,6,1,31939.218,42627.8,0.0,1748.0894999999946
2020-03-31 07:00:00,39.9,3,7,1,32501.824,44955.968,0.0,2014.156633333332
2020-03-31 08:00:00,39.9,3,8,1,33559.58,45989.333,0.0,2138.720766666665
2020-03-31 09:00:00,41.0,3,9,1,34940.255,46359.078,0.0,2053.13443333334
2020-03-31 10:00:00,42.1,3,10,1,36196.144,46266.812,0.0,1850.83713333332
2020-03-31 11:00:00,44.1,3,11,1,37147.343,45979.093,0.0,1758.2888666666477
2020-03-31 12:00:00,45.0,3,12,1,37671.381,45608.279,0.0,1713.393366666649
2020-03-31 13:00:00,46.0,3,13,1,37743.382,45165.468,0.0,1734.8622333333333
2020-03-31 14:00:00,45.0,3,14,1,37523.898,44461.842,0.0,1663.4788333333272
2020-03-31 15:00:00,46.0,3,15,1,37338.763,43642.066,0.0,1372.4099333333288
2020-03-31 16:00:00,45.0,3,16,1,37676.832,43336.264,0.0,1235.0146333333396
2020-03-31 17:00:00,45.0,3,17,1,38163.231,43512.859,0.0,1196.2578999999969
2020-03-31 18:00:00,45.0,3,18,1,38296.557,43898.332,0.0,1304.3985333333258
2020-03-31 19:00:00,45.0,3,19,1,38438.043,44447.869,0.0,1090.5237999999954
2020-03-31 20:00:00,44.1,3,20,1,39367.479,44817.622,0.0,466.3201666666646
2020-03-31 21:00:00,43.0,3,21,1,38319.385,43846.446,0.0,392.6953666666668
2020-03-31 22:00:00,43.0,3,22,1,36773.09,42360.288,0.0,556.0142333333351
2020-03-31 23:00:00,43.0,3,23,1,35090.486,40426.331,0.0,463.9872666666706
2020-04-01 00:00:00,42.1,4,0,2,33673.21,39119.41,0.0,515.4476666666742
2020-04-01 01:00:00,41.0,4,1,2,32725.826,38237.832,0.0,542.8140666666732
2020-04-01 02:00:00,41.0,4,2,2,32279.659,37855.532,0.0,664.2811333333302
2020-04-01 03:00:00,41.0,4,3,2,32233.984,37809.626,0.0,644.1830999999947
2020-04-01 04:00:00,39.9,4,4,2,32672.273,38089.009,0.0,552.072166666665
2020-04-01 05:00:00,39.9,4,5,2,34235.771,39714.382,0.0,972.2166999999972
2020-04-01 06:00:00,39.9,4,6,2,36919.169,41846.625,0.0,966.9144999999916
2020-04-01 07:00:00,39.9,4,7,2,39294.787,44244.558,0.0,1302.7466333333286
2020-04-01 08:00:00,41.0,4,8,2,40559.469,45209.104,0.0,1358.491766666666
2020-04-01 09:00:00,42.1,4,9,2,41366.724,45328.585,0.0,1022.6414333333378
2020-04-01 10:00:00,43.0,4,10,2,41964.341,45494.49,0.0,1078.5151333333197
2020-04-01 11:00:00,44.1,4,11,2,42360.472,44946.276,0.0,725.4718666666449
2020-04-01 12:00:00,45.0,4,12,2,42445.946,44415.187,0.0,520.3013666666448
2020-04-01 13:00:00,46.0,4,13,2,42439.758,43627.794,0.0,197.1882333333342
2020-04-01 14:00:00,46.9,4,14,2,42025.64,42596.331,0.0,0.0
2020-04-01 15:00:00,50.0,4,15,2,41698.781,41721.971,0.0,0.0
2020-04-01 16:00:00,50.0,4,16,2,41584.19,41154.366,0.0,0.0
2020-04-01 17:00:00,48.9,4,17,2,41771.342,41147.516,0.0,0.0
2020-04-01 18:00:00,48.9,4,18,2,41663.26,41260.49,0.0,0.0
2020-04-01 19:00:00,46.9,4,19,2,41879.388,41662.195,0.0,0.0
2020-04-01 20:00:00,46.9,4,20,2,42509.978,42867.323,0.0,0.0
2020-04-01 21:00:00,46.9,4,21,2,41546.501,41937.02,0.0,0.0
2020-04-01 22:00:00,45.0,4,22,2,39783.068,40372.17,0.0,0.0
2020-04-01 23:00:00,45.0,4,23,2,38019.744,38706.75,0.0,0.0
2020-04-02 00:00:00,45.0,4,0,3,36658.271,37232.904,0.0,0.0
2020-04-02 01:00:00,43.0,4,1,3,35699.157,36586.162,0.0,0.0
2020-04-02 02:00:00,43.0,4,2,3,35308.786,36179.479,0.0,0.0
2020-04-02 03:00:00,41.0,4,3,3,35248.922,36205.717,0.0,0.0
2020-04-02 04:00:00,39.0,4,4,3,35767.078,36678.994,0.0,0.0
2020-04-02 05:00:00,37.9,4,5,3,37046.409,38016.232,0.0,0.0
2020-04-02 06:00:00,37.9,4,6,3,39600.321,40554.369,0.0,0.0
2020-04-02 07:00:00,37.0,4,7,3,41728.469,42619.87,0.0,0.0
2020-04-02 08:00:00,37.0,4,8,3,42913.451,43370.697,0.0,0.0
2020-04-02 09:00:00,42.1,4,9,3,43786.961,43256.999,0.0,0.0
2020-04-02 10:00:00,46.9,4,10,3,44310.188,43184.631,0.0,0.0
2020-04-02 11:00:00,51.1,4,11,3,44678.922,42653.596,458.1178666666456,0.0
2020-04-02 12:00:00,55.0,4,12,3,44879.35,42270.269,984.4643666666452,0.0
2020-04-02 13:00:00,55.0,4,13,3,44660.54,41929.735,1229.9342333333334,0.0
2020-04-02 14:00:00,57.0,4,14,3,44121.627,41452.682,1323.2638333333307,0.0
2020-04-02 15:00:00,57.9,4,15,3,43874.523,41096.54,1604.866933333331,0.0
2020-04-02 16:00:00,59.0,4,16,3,43888.409,40929.523,1787.1596333333364,0.0
2020-04-02 17:00:00,59.0,4,17,3,44028.918,41432.963,1712.316899999998,0.0
2020-04-02 18:00:00,59.0,4,18,3,44227.429,41666.925,1633.49553333332,0.0
2020-04-02 19:00:00,59.0,4,19,3,44209.669,41894.001,852.3237999999983,0.0
2020-04-02 20:00:00,59.0,4,20,3,44515.966,42284.786,164.6641666666619,0.0
2020-04-02 21:00:00,59.0,4,21,3,43545.018,41013.097,91.26736666665964,0.0
2020-04-02 22:00:00,48.9,4,22,3,41743.971,39142.214,0.0,0.0
2020-04-02 23:00:00,44.1,4,23,3,39888.521,37223.536,0.0,0.0
2020-04-03 00:00:00,45.0,4,0,4,38218.735,35590.279,3625.815531250002,0.0
2020-04-03 01:00:00,41.0,4,1,4,37273.681,34695.778,3598.492968749997,0.0
2020-04-03 02:00:00,39.0,4,2,4,36628.087,34142.455,3454.573906250007,0.0
2020-04-03 03:00:00,37.0,4,3,4,36580.941,33916.1,3568.5456562499967,0.0
2020-04-03 04:00:00,36.0,4,4,4,36923.477,34324.858,3614.8530625,0.0
2020-04-03 05:00:00,36.0,4,5,4,38252.381,35516.116,3956.113312499998,0.0
2020-04-03 06:00:00,35.1,4,6,4,40562.832,37729.649,4665.219093750005,0.0
2020-04-03 07:00:00,34.0,4,7,4,42796.519,40019.528,5523.718343749999,0.0
2020-04-03 08:00:00,36.0,4,8,4,43796.877,41180.872,5322.833562500004,0.0
2020-04-03 09:00:00,43.0,4,9,4,44448.956,41994.383,5262.248281249995,0.0
2020-04-03 10:00:00,51.1,4,10,4,44738.339,42522.655,5212.811906249997,0.0
2020-04-03 11:00:00,57.0,4,11,4,44518.536,42755.833,4948.403406250007,0.0
2020-04-03 12:00:00,60.1,4,12,4,44120.005,42720.885,4652.461406249997,0.0
2020-04-03 13:00:00,63.0,4,13,4,43556.739,42241.787,4427.775281249997,0.0
2020-04-03 14:00:00,63.0,4,14,4,42736.493,41671.994,4139.656187500004,0.0
2020-04-03 15:00:00,64.9,4,15,4,41852.838,41046.654,3688.654531250002,0.0
2020-04-03 16:00:00,64.9,4,16,4,41559.409,40888.531,3476.768375,0.0
2020-04-03 17:00:00,64.9,4,17,4,41639.836,40920.127,3355.4697812500017,0.0
2020-04-03 18:00:00,64.9,4,18,4,41666.414,40904.867,3316.9052187499983,0.0
2020-04-03 19:00:00,63.0,4,19,4,41850.401,41046.941,3402.910531249996,0.0
2020-04-03 20:00:00,59.0,4,20,4,43031.531,41487.039,3566.165281250004,0.0
2020-04-03 21:00:00,55.9,4,21,4,42359.581,40242.388,3256.886812499993,0.0
2020-04-03 22:00:00,54.0,4,22,4,40891.903,38471.338,3292.803593749996,0.0
2020-04-03 23:00:00,51.1,4,23,4,39264.304,36660.595,3392.7714374999923,0.0
2020-04-04 00:00:00,48.9,4,0,5,37975.294,34931.916,3382.374531250003,0.0
2020-04-04 01:00:00,48.0,4,1,5,37201.654,33764.022,3526.4659687500025,0.0
2020-04-04 02:00:00,46.9,4,2,5,36713.045,33158.397,3539.5319062500057,0.0
2020-04-04 03:00:00,46.9,4,3,5,36811.24,32728.566,3798.844656249996,0.0
2020-04-04 04:00:00,42.1,4,4,5,37522.436,32783.301,4213.812062500001,0.0
2020-04-04 05:00:00,39.9,4,5,5,39105.123,33061.581,4808.855312499996,0.0
2020-04-04 06:00:00,37.9,4,6,5,41531.157,33786.024,5633.5440937500025,0.0
2020-04-04 07:00:00,39.0,4,7,5,43426.718,34911.236,6153.917343749999,0.0
2020-04-04 08:00:00,37.9,4,8,5,43748.665,35918.977,5274.621562500004,0.0
2020-04-04 09:00:00,46.0,4,9,5,43214.02,37174.137,4027.312281249993,0.0
2020-04-04 10:00:00,51.1,4,10,5,42505.11,38305.844,2979.582906249998,0.0
2020-04-04 11:00:00,55.0,4,11,5,42009.881,38978.466,2439.748406250008,0.0
2020-04-04 12:00:00,59.0,4,12,5,41834.303,39308.237,2366.75940625,0.0
2020-04-04 13:00:00,61.0,4,13,5,41202.254,39445.809,2073.290281249996,0.0
2020-04-04 14:00:00,63.0,4,14,5,40294.457,39058.239,1697.6201875000042,0.0
2020-04-04 15:00:00,68.0,4,15,5,39474.912,39036.092,1310.7285312499953,0.0
2020-04-04 16:00:00,68.0,4,16,5,39066.555,39289.639,983.9143750000004,0.0
2020-04-04 17:00:00,69.1,4,17,5,39142.024,39511.403,857.6577812499963,0.0
2020-04-04 18:00:00,68.0,4,18,5,39178.147,39715.962,828.6382187499985,0.0
2020-04-04 19:00:00,66.0,4,19,5,39527.95,40005.143,1080.459531249995,0.0
2020-04-04 20:00:00,64.9,4,20,5,41022.684,40262.067,1557.3182812500015,0.0
2020-04-04 21:00:00,63.0,4,21,5,40406.538,38904.828,1303.8438124999957,0.0
2020-04-04 22:00:00,61.0,4,22,5,38952.133,37361.868,1353.0335937499983,0.0
2020-04-04 23:00:00,61.0,4,23,5,37379.902,35389.209,1508.3694374999975,0.0
2020-04-05 00:00:00,57.0,4,0,6,36168.167,33748.064,1575.2475312500028,0.0
2020-04-05 01:00:00,55.0,4,1,6,35520.392,32489.662,1845.20396875,0.0
2020-04-05 02:00:00,54.0,4,2,6,35376.346,31922.178,2202.832906250005,0.0
2020-04-05 03:00:00,53.1,4,3,6,35535.06,31395.173,2522.6646562499955,0.0
2020-04-05 04:00:00,52.0,4,4,6,36163.061,31239.869,2854.437062500001,0.0
2020-04-05 05:00:00,50.0,4,5,6,37697.225,31322.905,3400.957312499995,0.0
2020-04-05 06:00:00,50.0,4,6,6,40061.574,31939.218,4163.961093750004,0.0
2020-04-05 07:00:00,48.9,4,7,6,41961.489,32501.824,4688.68834375,0.0
2020-04-05 08:00:00,48.0,4,8,6,42484.991,33559.58,4010.947562500005,0.0
2020-04-05 09:00:00,48.9,4,9,6,42063.499,34940.255,2876.79128125,0.0
2020-04-05 10:00:00,50.0,4,10,6,41590.484,36196.144,2064.956906249994,0.0
2020-04-05 11:00:00,50.0,4,11,6,40973.88,37147.343,1403.747406250004,0.0
2020-04-05 12:00:00,53.1,4,12,6,40503.379,37671.381,1035.8354062500002,0.0
2020-04-05 13:00:00,52.0,4,13,6,39878.967,37743.382,750.0032812499921,0.0
2020-04-05 14:00:00,53.1,4,14,6,39162.391,37523.898,565.5541875000054,0.0
2020-04-05 15:00:00,51.1,4,15,6,38396.533,37338.763,232.3495312500017,0.0
2020-04-05 16:00:00,52.0,4,16,6,37974.933,37676.832,0.0,0.0
2020-04-05 17:00:00,51.1,4,17,6,37979.122,38163.231,0.0,0.0
2020-04-05 18:00:00,51.1,4,18,6,38028.621,38296.557,0.0,0.0
2020-04-05 19:00:00,50.0,4,19,6,38144.977,38438.043,0.0,0.0
2020-04-05 20:00:00,48.9,4,20,6,39442.213,39367.479,0.0,0.0
2020-04-05 21:00:00,48.0,4,21,6,38714.522,38319.385,0.0,0.0
2020-04-05 22:00:00,45.0,4,22,6,37177.5,36773.09,0.0,0.0
2020-04-05 23:00:00,43.0,4,23,6,35406.518,35090.486,0.0,0.0
2020-04-06 00:00:00,41.0,4,0,0,33964.57,33673.21,0.0,0.0
2020-04-06 01:00:00,39.9,4,1,0,33191.317,32725.826,0.0,0.0
2020-04-06 02:00:00,37.9,4,2,0,32790.043,32279.659,0.0,0.0
2020-04-06 03:00:00,37.0,4,3,0,32774.139,32233.984,0.0,0.0
2020-04-06 04:00:00,37.0,4,4,0,33005.793,32672.273,0.0,0.0
2020-04-06 05:00:00,37.0,4,5,0,33797.591,34235.771,0.0,0.0
2020-04-06 06:00:00,35.1,4,6,0,35023.627,36919.169,0.0,0.0
2020-04-06 07:00:00,36.0,4,7,0,36041.334,39294.787,0.0,0.0
2020-04-06 08:00:00,36.0,4,8,0,36843.111,40559.469,0.0,0.0
2020-04-06 09:00:00,41.0,4,9,0,37229.665,41366.724,0.0,0.0
2020-04-06 10:00:00,46.9,4,10,0,37496.696,41964.341,0.0,0.0
2020-04-06 11:00:00,50.0,4,11,0,37423.152,42360.472,0.0,0.0
2020-04-06 12:00:00,54.0,4,12,0,37098.095,42445.946,0.0,0.0
2020-04-06 13:00:00,57.9,4,13,0,36631.894,42439.758,0.0,0.0
2020-04-06 14:00:00,60.1,4,14,0,36102.523,42025.64,0.0,0.0
2020-04-06 15:00:00,63.0,4,15,0,35627.62,41698.781,0.0,0.0
2020-04-06 16:00:00,64.0,4,16,0,35805.583,41584.19,0.0,0.0
2020-04-06 17:00:00,64.9,4,17,0,36210.806,41771.342,0.0,0.0
2020-04-06 18:00:00,64.9,4,18,0,36520.726,41663.26,0.0,0.0
2020-04-06 19:00:00,64.0,4,19,0,36640.841,41879.388,0.0,0.0
2020-04-06 20:00:00,64.0,4,20,0,37839.291,42509.978,0.0,0.0
2020-04-06 21:00:00,63.0,4,21,0,37218.789,41546.501,0.0,0.0
2020-04-06 22:00:00,62.1,4,22,0,35815.772,39783.068,0.0,0.0
2020-04-06 23:00:00,60.1,4,23,0,34115.386,38019.744,0.0,0.0
2020-04-07 00:00:00,60.1,4,0,1,32835.987,36658.271,0.0,0.0
2020-04-07 01:00:00,59.0,4,1,1,31945.202,35699.157,0.0,0.0
2020-04-07 02:00:00,59.0,4,2,1,31377.255,35308.786,0.0,0.0
2020-04-07 03:00:00,57.0,4,3,1,31097.62,35248.922,0.0,0.0
2020-04-07 04:00:00,54.0,4,4,1,31258.584,35767.078,0.0,0.0
2020-04-07 05:00:00,51.1,4,5,1,31654.108,37046.409,0.0,0.0
2020-04-07 06:00:00,54.0,4,6,1,32552.027,39600.321,0.0,0.0
2020-04-07 07:00:00,55.0,4,7,1,33353.708,41728.469,0.0,0.0
2020-04-07 08:00:00,53.1,4,8,1,34207.204,42913.451,0.0,0.0
2020-04-07 09:00:00,54.0,4,9,1,35212.114,43786.961,0.0,0.0
2020-04-07 10:00:00,55.0,4,10,1,35987.445,44310.188,0.0,0.0
2020-04-07 11:00:00,59.0,4,11,1,36267.644,44678.922,0.0,458.1178666666456
2020-04-07 12:00:00,61.0,4,12,1,36520.483,44879.35,0.0,984.4643666666452
2020-04-07 13:00:00,64.9,4,13,1,36278.012,44660.54,0.0,1229.9342333333334
2020-04-07 14:00:00,69.1,4,14,1,35802.476,44121.627,0.0,1323.2638333333307
2020-04-07 15:00:00,71.1,4,15,1,35722.514,43874.523,0.0,1604.866933333331
2020-04-07 16:00:00,73.9,4,16,1,35993.261,43888.409,0.0,1787.1596333333364
2020-04-07 17:00:00,75.9,4,17,1,36414.211,44028.918,0.0,1712.316899999998
2020-04-07 18:00:00,75.9,4,18,1,36686.884,44227.429,0.0,1633.49553333332
2020-04-07 19:00:00,75.0,4,19,1,36921.124,44209.669,0.0,852.3237999999983
2020-04-07 20:00:00,73.9,4,20,1,38321.457,44515.966,0.0,164.6641666666619
2020-04-07 21:00:00,72.0,4,21,1,37801.996,43545.018,0.0,91.26736666665964
2020-04-07 22:00:00,69.1,4,22,1,36526.285,41743.971,0.0,0.0
2020-04-07 23:00:00,68.0,4,23,1,35117.268,39888.521,0.0,0.0
2020-04-08 00:00:00,66.0,4,0,2,33865.671,38218.735,0.0,3625.815531250002
2020-04-08 01:00:00,64.9,4,1,2,33368.152,37273.681,0.0,3598.492968749997
2020-04-08 02:00:00,66.0,4,2,2,33098.952,36628.087,0.0,3454.573906250007
2020-04-08 03:00:00,55.9,4,3,2,33190.152,36580.941,177.75665624999965,3568.5456562499967
2020-04-08 04:00:00,57.0,4,4,2,33785.963,36923.477,477.3390625000029,3614.8530625
2020-04-08 05:00:00,57.0,4,5,2,35384.876,38252.381,1088.6083124999932,3956.113312499998
2020-04-08 06:00:00,55.9,4,6,2,37923.783,40562.832,2026.1700937500063,4665.219093750005
2020-04-08 07:00:00,55.0,4,7,2,39983.724,42796.519,2710.9233437500006,5523.718343749999
2020-04-08 08:00:00,54.0,4,8,2,40990.367,43796.877,2516.3235625000016,5322.833562500004
2020-04-08 09:00:00,59.0,4,9,2,41080.854,44448.956,1894.146281249996,5262.248281249995
2020-04-08 10:00:00,60.1,4,10,2,40814.389,44738.339,1288.8619062500002,5212.811906249997
2020-04-08 11:00:00,61.0,4,11,2,40648.768,44518.536,1078.6354062500031,4948.403406250007
2020-04-08 12:00:00,61.0,4,12,2,40491.793,44120.005,1024.2494062499973,4652.461406249997
2020-04-08 13:00:00,64.9,4,13,2,40203.972,43556.739,1075.0082812499968,4427.775281249997
2020-04-08 14:00:00,66.9,4,14,2,39669.452,42736.493,1072.6151874999996,4139.656187500004
2020-04-08 15:00:00,70.0,4,15,2,39007.392,41852.838,843.2085312499985,3688.654531250002
2020-04-08 16:00:00,72.0,4,16,2,39038.368,41559.409,955.7273750000022,3476.768375
2020-04-08 17:00:00,72.0,4,17,2,39136.142,41639.836,851.7757812499985,3355.4697812500017
2020-04-08 18:00:00,73.0,4,18,2,39191.08,41666.414,841.571218750003,3316.9052187499983
2020-04-08 19:00:00,71.1,4,19,2,39181.114,41850.401,733.6235312499994,3402.910531249996
2020-04-08 20:00:00,69.1,4,20,2,40207.761,43031.531,742.3952812499992,3566.165281250004
2020-04-08 21:00:00,61.0,4,21,2,39047.226,42359.581,0.0,3256.886812499993
2020-04-08 22:00:00,62.1,4,22,2,37291.133,40891.903,0.0,3292.803593749996
2020-04-08 23:00:00,63.0,4,23,2,35312.642,39264.304,0.0,3392.7714374999923
2020-04-09 00:00:00,57.0,4,0,3,33681.946,37975.294,0.0,3382.374531250003
2020-04-09 01:00:00,55.9,4,1,3,32657.172,37201.654,0.0,3526.4659687500025
2020-04-09 02:00:00,55.0,4,2,3,32130.559,36713.045,0.0,3539.5319062500057
2020-04-09 03:00:00,53.1,4,3,3,31938.655,36811.24,0.0,3798.844656249996
2020-04-09 04:00:00,55.0,4,4,3,32334.519,37522.436,0.0,4213.812062500001
2020-04-09 05:00:00,53.1,4,5,3,33583.98,39105.123,0.0,4808.855312499996
2020-04-09 06:00:00,51.1,4,6,3,35896.386,41531.157,0.0,5633.5440937500025
2020-04-09 07:00:00,51.1,4,7,3,37754.473,43426.718,481.6723437499968,6153.917343749999
2020-04-09 08:00:00,48.9,4,8,3,39049.155,43748.665,575.111562500002,5274.621562500004
2020-04-09 09:00:00,48.9,4,9,3,39740.417,43214.02,553.7092812499977,4027.312281249993
2020-04-09 10:00:00,48.9,4,10,3,40228.311,42505.11,702.7839062499988,2979.582906249998
2020-04-09 11:00:00,50.0,4,11,3,40600.118,42009.881,1029.985406250009,2439.748406250008
2020-04-09 12:00:00,48.9,4,12,3,40704.292,41834.303,1236.7484062500007,2366.75940625
2020-04-09 13:00:00,50.0,4,13,3,40716.318,41202.254,1587.3542812499943,2073.290281249996
2020-04-09 14:00:00,51.1,4,14,3,40530.771,40294.457,1933.9341875000027,1697.6201875000042
2020-04-09 15:00:00,53.1,4,15,3,40227.43,39474.912,2063.246531249999,1310.7285312499953
2020-04-09 16:00:00,51.1,4,16,3,40188.376,39066.555,2105.735374999997,983.9143750000004
2020-04-09 17:00:00,48.9,4,17,3,40495.231,39142.024,2210.8647812499985,857.6577812499963
2020-04-09 18:00:00,46.9,4,18,3,40301.308,39178.147,1951.7992187499983,828.6382187499985
2020-04-09 19:00:00,45.0,4,19,3,40021.002,39527.95,1573.5115312499984,1080.459531249995
2020-04-09 20:00:00,43.0,4,20,3,41001.235,41022.684,1535.8692812500012,1557.3182812500015
2020-04-09 21:00:00,43.0,4,21,3,40200.701,40406.538,1098.0068124999962,1303.8438124999957
2020-04-09 22:00:00,41.0,4,22,3,38070.875,38952.133,471.7755937499969,1353.0335937499983
2020-04-09 23:00:00,39.0,4,23,3,35991.286,37379.902,119.75343749999593,1508.3694374999975
2020-04-10 00:00:00,37.9,4,0,4,33836.128,36168.167,0.0,1575.2475312500028
2020-04-10 01:00:00,37.0,4,1,4,32335.749,35520.392,0.0,1845.20396875
2020-04-10 02:00:00,36.0,4,2,4,31612.199,35376.346,0.0,2202.832906250005
2020-04-10 03:00:00,35.1,4,3,4,31266.58,35535.06,0.0,2522.6646562499955
2020-04-10 04:00:00,34.0,4,4,4,31204.564,36163.061,0.0,2854.437062500001
2020-04-10 05:00:00,34.0,4,5,4,32346.458,37697.225,0.0,3400.957312499995
2020-04-10 06:00:00,34.0,4,6,4,34145.021,40061.574,0.0,4163.961093750004
2020-04-10 07:00:00,33.1,4,7,4,35856.515,41961.489,0.0,4688.68834375
2020-04-10 08:00:00,35.1,4,8,4,37368.306,42484.991,0.0,4010.947562500005
2020-04-10 09:00:00,37.0,4,9,4,38397.148,42063.499,0.0,2876.79128125
2020-04-10 10:00:00,39.0,4,10,4,39104.482,41590.484,0.0,2064.956906249994
2020-04-10 11:00:00,39.9,4,11,4,39705.125,40973.88,134.99240625000675,1403.747406250004
2020-04-10 12:00:00,44.1,4,12,4,40232.976,40503.379,765.4324062500018,1035.8354062500002
2020-04-10 13:00:00,44.1,4,13,4,40398.389,39878.967,1269.425281249998,750.0032812499921
2020-04-10 14:00:00,44.1,4,14,4,40349.021,39162.391,1752.1841875000027,565.5541875000054
2020-04-10 15:00:00,43.0,4,15,4,40115.328,38396.533,1951.14453125,232.3495312500017
2020-04-10 16:00:00,42.1,4,16,4,40088.644,37974.933,2006.003375,0.0
2020-04-10 17:00:00,43.0,4,17,4,40180.903,37979.122,1896.5367812499967,0.0
2020-04-10 18:00:00,43.0,4,18,4,40078.646,38028.621,1729.137218750002,0.0
2020-04-10 19:00:00,43.0,4,19,4,39858.984,38144.977,1411.4935312499947,0.0
2020-04-10 20:00:00,43.0,4,20,4,40333.41,39442.213,868.0442812500041,0.0
2020-04-10 21:00:00,39.9,4,21,4,39284.945,38714.522,182.2508124999949,0.0
2020-04-10 22:00:00,39.0,4,22,4,37149.981,37177.5,0.0,0.0
2020-04-10 23:00:00,37.0,4,23,4,35013.911,35406.518,0.0,0.0
2020-04-11 00:00:00,36.0,4,0,5,33262.209,33964.57,0.0,0.0
2020-04-11 01:00:00,35.1,4,1,5,32167.109,33191.317,0.0,0.0
2020-04-11 02:00:00,34.0,4,2,5,31464.386,32790.043,0.0,0.0
2020-04-11 03:00:00,32.0,4,3,5,31156.487,32774.139,0.0,0.0
2020-04-11 04:00:00,30.9,4,4,5,31499.695,33005.793,0.0,0.0
2020-04-11 05:00:00,30.9,4,5,5,32631.448,33797.591,0.0,0.0
2020-04-11 06:00:00,30.0,4,6,5,34852.317,35023.627,0.0,0.0
2020-04-11 07:00:00,30.0,4,7,5,36833.819,36041.334,0.0,0.0
2020-04-11 08:00:00,33.1,4,8,5,38281.969,36843.111,0.0,0.0
2020-04-11 09:00:00,37.0,4,9,5,39405.554,37229.665,218.8462812499929,0.0
2020-04-11 10:00:00,39.9,4,10,5,40052.018,37496.696,526.4909062499937,0.0
2020-04-11 11:00:00,45.0,4,11,5,40378.532,37423.152,808.399406250006,0.0
2020-04-11 12:00:00,46.9,4,12,5,40398.105,37098.095,930.5614062500026,0.0
2020-04-11 13:00:00,48.0,4,13,5,40305.153,36631.894,1176.1892812499937,0.0
2020-04-11 14:00:00,48.9,4,14,5,39781.291,36102.523,1184.4541874999995,0.0
2020-04-11 15:00:00,53.1,4,15,5,39394.866,35627.62,1230.6825312500005,0.0
2020-04-11 16:00:00,55.0,4,16,5,39307.952,35805.583,1225.3113749999975,0.0
2020-04-11 17:00:00,55.9,4,17,5,39784.533,36210.806,1500.1667812500018,0.0
2020-04-11 18:00:00,55.9,4,18,5,39899.577,36520.726,1550.0682187499988,0.0
2020-04-11 19:00:00,55.0,4,19,5,40001.395,36640.841,1553.9045312499948,0.0
2020-04-11 20:00:00,54.0,4,20,5,41310.113,37839.291,1844.7472812499984,0.0
2020-04-11 21:00:00,52.0,4,21,5,40813.448,37218.789,1710.753812499992,0.0
2020-04-11 22:00:00,52.0,4,22,5,39233.333,35815.772,1634.2335937499956,0.0
2020-04-11 23:00:00,52.0,4,23,5,37520.502,34115.386,1648.9694374999965,0.0
2020-04-12 00:00:00,50.0,4,0,6,36156.568,32835.987,1563.6485312500008,0.0
2020-04-12 01:00:00,48.9,4,1,6,35395.363,31945.202,1720.1749687499978,0.0
2020-04-12 02:00:00,50.0,4,2,6,35017.193,31377.255,1843.6799062500068,0.0
2020-04-12 03:00:00,48.9,4,3,6,35026.17,31097.62,2013.774656249996,0.0
2020-04-12 04:00:00,45.0,4,4,6,35554.452,31258.584,2245.828062499997,0.0
2020-04-12 05:00:00,44.1,4,5,6,36796.093,31654.108,2499.8253124999974,0.0
2020-04-12 06:00:00,45.0,4,6,6,38767.819,32552.027,2870.2060937500064,0.0
2020-04-12 07:00:00,46.0,4,7,6,40227.911,33353.708,2955.1103437499987,0.0
2020-04-12 08:00:00,48.0,4,8,6,41190.735,34207.204,2716.691562500004,0.0
2020-04-12 09:00:00,51.1,4,9,6,41681.397,35212.114,2494.6892812499937,0.0
2020-04-12 10:00:00,54.0,4,10,6,41953.58,35987.445,2428.052906249999,0.0
2020-04-12 11:00:00,57.9,4,11,6,41901.362,36267.644,2331.229406250008,0.0
2020-04-12 12:00:00,57.0,4,12,6,41602.753,36520.483,2135.2094062499964,0.0
2020-04-12 13:00:00,53.1,4,13,6,41021.789,36278.012,1892.8252812499925,0.0
2020-04-12 14:00:00,52.0,4,14,6,40247.116,35802.476,1650.279187500004,0.0
2020-04-12 15:00:00,57.9,4,15,6,39590.475,35722.514,1426.2915312499972,0.0
2020-04-12 16:00:00,61.0,4,16,6,39174.432,35993.261,1091.7913750000007,0.0
2020-04-12 17:00:00,62.1,4,17,6,39115.702,36414.211,831.3357812499962,0.0
2020-04-12 18:00:00,61.0,4,18,6,39065.114,36686.884,715.6052187500027,0.0
2020-04-12 19:00:00,61.0,4,19,6,39168.683,36921.124,721.1925312499952,0.0
2020-04-12 20:00:00,59.0,4,20,6,40610.266,38321.457,1144.900281250004,0.0
2020-04-12 21:00:00,54.0,4,21,6,40188.203,37801.996,1085.5088124999966,0.0
2020-04-12 22:00:00,54.0,4,22,6,38995.944,36526.285,1396.84459375,0.0
2020-04-12 23:00:00,55.0,4,23,6,37531.43,35117.268,1659.8974374999962,0.0
2020-04-13 00:00:00,55.9,4,0,0,36339.648,33865.671,1746.7285312500026,0.0
2020-04-13 01:00:00,57.0,4,1,0,35654.042,33368.152,1978.8539687500013,0.0
2020-04-13 02:00:00,60.1,4,2,0,35246.215,33098.952,2072.701906250004,0.0
2020-04-13 03:00:00,60.1,4,3,0,35195.013,33190.152,2182.617656249997,177.75665624999965
2020-04-13 04:00:00,60.1,4,4,0,35480.706,33785.963,2172.082062499998,477.3390625000029
2020-04-13 05:00:00,60.1,4,5,0,36097.461,35384.876,1801.1933124999996,1088.6083124999932
2020-04-13 06:00:00,57.9,4,6,0,37022.305,37923.783,1124.6920937500036,2026.1700937500063
2020-04-13 07:00:00,57.9,4,7,0,37646.055,39983.724,373.25434374999895,2710.9233437500006
2020-04-13 08:00:00,59.0,4,8,0,38065.837,40990.367,0.0,2516.3235625000016
2020-04-13 09:00:00,57.0,4,9,0,38151.321,41080.854,0.0,1894.146281249996
2020-04-13 10:00:00,55.9,4,10,0,37895.932,40814.389,0.0,1288.8619062500002
2020-04-13 11:00:00,53.1,4,11,0,37513.468,40648.768,0.0,1078.6354062500031
2020-04-13 12:00:00,46.9,4,12,0,36849.851,40491.793,0.0,1024.2494062499973
2020-04-13 13:00:00,45.0,4,13,0,36022.329,40203.972,0.0,1075.0082812499968
2020-04-13 14:00:00,45.0,4,14,0,35211.471,39669.452,0.0,1072.6151874999996
2020-04-13 15:00:00,42.1,4,15,0,34694.576,39007.392,0.0,843.2085312499985
2020-04-13 16:00:00,42.1,4,16,0,34755.837,39038.368,0.0,955.7273750000022
2020-04-13 17:00:00,42.1,4,17,0,35087.819,39136.142,0.0,851.7757812499985
2020-04-13 18:00:00,43.0,4,18,0,35472.083,39191.08,0.0,841.571218750003
2020-04-13 19:00:00,44.1,4,19,0,35866.661,39181.114,0.0,733.6235312499994
2020-04-13 20:00:00,43.0,4,20,0,37217.858,40207.761,0.0,742.3952812499992
2020-04-13 21:00:00,43.0,4,21,0,36756.877,39047.226,0.0,0.0
2020-04-13 22:00:00,42.1,4,22,0,35565.136,37291.133,0.0,0.0
2020-04-13 23:00:00,41.0,4,23,0,34234.866,35312.642,0.0,0.0
2020-04-14 00:00:00,41.0,4,0,1,33033.034,33681.946,0.0,0.0
2020-04-14 01:00:00,41.0,4,1,1,32171.34,32657.172,0.0,0.0
2020-04-14 02:00:00,39.9,4,2,1,31699.306,32130.559,0.0,0.0
2020-04-14 03:00:00,39.0,4,3,1,31402.791,31938.655,0.0,0.0
2020-04-14 04:00:00,37.0,4,4,1,31422.871,32334.519,0.0,0.0
2020-04-14 05:00:00,36.0,4,5,1,31740.261,33583.98,0.0,0.0
2020-04-14 06:00:00,36.0,4,6,1,32476.327,35896.386,0.0,0.0
2020-04-14 07:00:00,34.0,4,7,1,32910.495,37754.473,0.0,481.6723437499968
2020-04-14 08:00:00,36.0,4,8,1,34055.067,39049.155,0.0,575.111562500002
2020-04-14 09:00:00,37.0,4,9,1,35036.733,39740.417,0.0,553.7092812499977
2020-04-14 10:00:00,39.9,4,10,1,35483.318,40228.311,0.0,702.7839062499988
2020-04-14 11:00:00,41.0,4,11,1,35576.472,40600.118,0.0,1029.985406250009
2020-04-14 12:00:00,42.1,4,12,1,35718.035,40704.292,0.0,1236.7484062500007
2020-04-14 13:00:00,43.0,4,13,1,35257.249,40716.318,0.0,1587.3542812499943
2020-04-14 14:00:00,45.0,4,14,1,34855.517,40530.771,0.0,1933.9341875000027
2020-04-14 15:00:00,45.0,4,15,1,34648.197,40227.43,0.0,2063.246531249999
2020-04-14 16:00:00,43.0,4,16,1,34814.719,40188.376,0.0,2105.735374999997
2020-04-14 17:00:00,45.0,4,17,1,35072.288,40495.231,0.0,2210.8647812499985
2020-04-14 18:00:00,44.1,4,18,1,35268.349,40301.308,0.0,1951.7992187499983
2020-04-14 19:00:00,43.0,4,19,1,35603.265,40021.002,0.0,1573.5115312499984
2020-04-14 20:00:00,42.1,4,20,1,36360.177,41001.235,0.0,1535.8692812500012
2020-04-14 21:00:00,37.0,4,21,1,35661.962,40200.701,0.0,1098.0068124999962
2020-04-14 22:00:00,35.1,4,22,1,34274.618,38070.875,0.0,471.7755937499969
2020-04-14 23:00:00,36.0,4,23,1,32776.998,35991.286,0.0,119.75343749999593
2020-04-15 00:00:00,35.1,4,0,2,31681.941,33836.128,0.0,0.0
2020-04-15 01:00:00,35.1,4,1,2,30987.369,32335.749,0.0,0.0
2020-04-15 02:00:00,33.1,4,2,2,30497.186,31612.199,0.0,0.0
2020-04-15 03:00:00,30.9,4,3,2,30279.434,31266.58,0.0,0.0
2020-04-15 04:00:00,30.9,4,4,2,30814.117,31204.564,0.0,0.0
2020-04-15 05:00:00,30.0,4,5,2,32169.483,32346.458,0.0,0.0
2020-04-15 06:00:00,27.0,4,6,2,34500.233,34145.021,0.0,0.0
2020-04-15 07:00:00,28.0,4,7,2,36725.236,35856.515,0.0,0.0
2020-04-15 08:00:00,30.0,4,8,2,38529.403,37368.306,55.35956250000163,0.0
2020-04-15 09:00:00,34.0,4,9,2,39940.927,38397.148,754.2192812499998,0.0
2020-04-15 10:00:00,39.9,4,10,2,41202.087,39104.482,1676.5599062499969,0.0
2020-04-15 11:00:00,43.0,4,11,2,41893.538,39705.125,2323.405406250007,134.99240625000675
2020-04-15 12:00:00,46.9,4,12,2,42165.09,40232.976,2697.546406249996,765.4324062500018
2020-04-15 13:00:00,50.0,4,13,2,42156.419,40398.389,3027.455281249997,1269.425281249998
2020-04-15 14:00:00,51.1,4,14,2,41646.021,40349.021,3049.1841875000027,1752.1841875000027
2020-04-15 15:00:00,50.0,4,15,2,41212.643,40115.328,3048.459531249995,1951.14453125
2020-04-15 16:00:00,48.0,4,16,2,40797.343,40088.644,2714.7023750000008,2006.003375
2020-04-15 17:00:00,43.0,4,17,2,40724.734,40180.903,2440.3677812499955,1896.5367812499967
2020-04-15 18:00:00,42.1,4,18,2,40532.051,40078.646,2182.5422187500008,1729.137218750002
2020-04-15 19:00:00,39.0,4,19,2,40666.74,39858.984,2219.249531249996,1411.4935312499947
2020-04-15 20:00:00,37.9,4,20,2,41692.098,40333.41,2226.732281249999,868.0442812500041
2020-04-15 21:00:00,36.0,4,21,2,41211.522,39284.945,2108.8278124999924,182.2508124999949
2020-04-15 22:00:00,35.1,4,22,2,39744.196,37149.981,2145.0965937500005,0.0
2020-04-15 23:00:00,34.0,4,23,2,38221.895,35013.911,2350.3624374999927,0.0
2020-04-16 00:00:00,34.0,4,0,3,36697.409,33262.209,2104.489531250001,0.0
2020-04-16 01:00:00,32.0,4,1,3,35854.121,32167.109,2178.9329687499994,0.0
2020-04-16 02:00:00,30.0,4,2,3,35553.251,31464.386,2379.737906250004,0.0
2020-04-16 03:00:00,28.9,4,3,3,35564.714,31156.487,2552.3186562499977,0.0
2020-04-16 04:00:00,27.0,4,4,3,36112.018,31499.695,2803.394062499996,0.0
2020-04-16 05:00:00,28.0,4,5,3,37569.062,32631.448,3272.7943124999947,0.0
2020-04-16 06:00:00,27.0,4,6,3,40125.346,34852.317,4227.733093750001,0.0
2020-04-16 07:00:00,27.0,4,7,3,42149.439,36833.819,4876.638343749997,0.0
2020-04-16 08:00:00,28.0,4,8,3,43029.112,38281.969,4555.068562500004,0.0
2020-04-16 09:00:00,32.0,4,9,3,43371.181,39405.554,4184.473281249993,218.8462812499929
2020-04-16 10:00:00,37.0,4,10,3,43510.973,40052.018,3985.445906249996,526.4909062499937
2020-04-16 11:00:00,39.0,4,11,3,43472.619,40378.532,3902.4864062500055,808.399406250006
2020-04-16 12:00:00,41.0,4,12,3,43252.649,40398.105,3785.105406249997,930.5614062500026
2020-04-16 13:00:00,45.0,4,13,3,42860.025,40305.153,3731.0612812499967,1176.1892812499937
2020-04-16 14:00:00,45.0,4,14,3,42301.166,39781.291,3704.3291875,1184.4541874999995
2020-04-16 15:00:00,46.0,4,15,3,41897.795,39394.866,3733.611531249997,1230.6825312500005
2020-04-16 16:00:00,46.9,4,16,3,41799.554,39307.952,3716.913374999997,1225.3113749999975
2020-04-16 17:00:00,48.9,4,17,3,42107.471,39784.533,3823.104781249997,1500.1667812500018
2020-04-16 18:00:00,48.0,4,18,3,42190.146,39899.577,3840.637218750002,1550.0682187499988
2020-04-16 19:00:00,46.9,4,19,3,42190.316,40001.395,3742.825531249997,1553.9045312499948
2020-04-16 20:00:00,44.1,4,20,3,43438.832,41310.113,3973.466281250003,1844.7472812499984
2020-04-16 21:00:00,42.1,4,21,3,43170.636,40813.448,4067.941812499994,1710.753812499992
2020-04-16 22:00:00,42.1,4,22,3,41798.942,39233.333,4199.84259375,1634.2335937499956
2020-04-16 23:00:00,42.1,4,23,3,40327.637,37520.502,4456.104437499998,1648.9694374999965
2020-04-17 00:00:00,41.0,4,0,4,39190.132,36156.568,4597.212531249999,1563.6485312500008
2020-04-17 01:00:00,41.0,4,1,4,38344.994,35395.363,4669.805968749999,1720.1749687499978
2020-04-17 02:00:00,39.9,4,2,4,38140.057,35017.193,4966.543906250008,1843.6799062500068
2020-04-17 03:00:00,39.0,4,3,4,38298.105,35026.17,5285.709656250001,2013.774656249996
2020-04-17 04:00:00,39.0,4,4,4,38927.847,35554.452,5619.223062500001,2245.828062499997
2020-04-17 05:00:00,39.0,4,5,4,40523.028,36796.093,6226.760312499995,2499.8253124999974
2020-04-17 06:00:00,39.0,4,6,4,42973.775,38767.819,7076.162093750005,2870.2060937500064
2020-04-17 07:00:00,36.0,4,7,4,44760.677,40227.911,7487.876343750002,2955.1103437499987
2020-04-17 08:00:00,37.0,4,8,4,45416.177,41190.735,6942.133562500007,2716.691562500004
2020-04-17 09:00:00,37.9,4,9,4,45147.38,41681.397,5960.672281249994,2494.6892812499937
2020-04-17 10:00:00,39.9,4,10,4,44600.942,41953.58,5075.41490625,2428.052906249999
2020-04-17 11:00:00,42.1,4,11,4,44123.315,41901.362,4553.182406250009,2331.229406250008
2020-04-17 12:00:00,44.1,4,12,4,43800.361,41602.753,4332.817406249997,2135.2094062499964
2020-04-17 13:00:00,45.0,4,13,4,43357.574,41021.789,4228.610281249996,1892.8252812499925
2020-04-17 14:00:00,43.0,4,14,4,42596.985,40247.116,4000.148187500002,1650.279187500004
2020-04-17 15:00:00,44.1,4,15,4,41923.323,39590.475,3759.1395312499953,1426.2915312499972
2020-04-17 16:00:00,45.0,4,16,4,41742.155,39174.432,3659.514374999999,1091.7913750000007
2020-04-17 17:00:00,46.0,4,17,4,41855.223,39115.702,3570.856781249997,831.3357812499962
2020-04-17 18:00:00,48.0,4,18,4,41847.798,39065.114,3498.289218750004,715.6052187500027
2020-04-17 19:00:00,48.0,4,19,4,42007.621,39168.683,3560.130531249997,721.1925312499952
2020-04-17 20:00:00,48.0,4,20,4,43173.205,40610.266,3707.8392812500015,1144.900281250004
2020-04-17 21:00:00,48.9,4,21,4,43049.768,40188.203,3947.073812499992,1085.5088124999966
2020-04-17 22:00:00,44.1,4,22,4,41575.327,38995.944,3976.2275937499935,1396.84459375
2020-04-17 23:00:00,42.1,4,23,4,40131.762,37531.43,4260.229437499998,1659.8974374999962
2020-04-18 00:00:00,41.0,4,0,5,38980.894,36339.648,4387.974531250002,1746.7285312500026
2020-04-18 01:00:00,37.0,4,1,5,38323.12,35654.042,4647.931968750003,1978.8539687500013
2020-04-18 02:00:00,36.0,4,2,5,38054.765,35246.215,4881.251906250007,2072.701906250004
2020-04-18 03:00:00,36.0,4,3,5,38260.752,35195.013,5248.356656249998,2182.617656249997
2020-04-18 04:00:00,36.0,4,4,5,38987.247,35480.706,5678.623062500003,2172.082062499998
2020-04-18 05:00:00,36.0,4,5,5,40664.258,36097.461,6367.990312499998,1801.1933124999996
2020-04-18 06:00:00,35.1,4,6,5,43193.466,37022.305,7295.853093750004,1124.6920937500036
2020-04-18 07:00:00,35.1,4,7,5,44834.224,37646.055,7561.423343750001,373.25434374999895
2020-04-18 08:00:00,35.1,4,8,5,45327.736,38065.837,6853.6925625,0.0
2020-04-18 09:00:00,36.0,4,9,5,45015.615,38151.321,5828.907281249994,0.0
2020-04-18 10:00:00,39.0,4,10,5,44540.617,37895.932,5015.089906249996,0.0
2020-04-18 11:00:00,41.0,4,11,5,44203.935,37513.468,4633.802406250004,0.0
2020-04-18 12:00:00,44.1,4,12,5,43776.125,36849.851,4308.581406249999,0.0
2020-04-18 13:00:00,46.9,4,13,5,43212.638,36022.329,4083.674281249994,0.0
2020-04-18 14:00:00,48.9,4,14,5,42296.953,35211.471,3700.116187500003,0.0
2020-04-18 15:00:00,48.0,4,15,5,41174.609,34694.576,3010.4255312499954,0.0
2020-04-18 16:00:00,50.0,4,16,5,40518.012,34755.837,2435.3713750000024,0.0
2020-04-18 17:00:00,51.1,4,17,5,40314.503,35087.819,2030.136781249996,0.0
2020-04-18 18:00:00,51.1,4,18,5,40347.514,35472.083,1998.005218750004,0.0
2020-04-18 19:00:00,50.0,4,19,5,40780.563,35866.661,2333.07253125,0.0
2020-04-18 20:00:00,48.9,4,20,5,42230.461,37217.858,2765.095281250004,0.0
2020-04-18 21:00:00,46.9,4,21,5,42082.797,36756.877,2980.102812499994,0.0
2020-04-18 22:00:00,44.1,4,22,5,40757.505,35565.136,3158.4055937499943,0.0
2020-04-18 23:00:00,44.1,4,23,5,39179.357,34234.866,3307.8244374999995,0.0
2020-04-19 00:00:00,43.0,4,0,6,37890.846,33033.034,3297.9265312499992,0.0
2020-04-19 01:00:00,43.0,4,1,6,37215.224,32171.34,3540.035968750002,0.0
2020-04-19 02:00:00,41.0,4,2,6,36950.358,31699.306,3776.844906250008,0.0
2020-04-19 03:00:00,39.9,4,3,6,37060.237,31402.791,4047.841656249999,0.0
2020-04-19 04:00:00,39.9,4,4,6,37628.98,31422.871,4320.356062500003,0.0
2020-04-19 05:00:00,37.9,4,5,6,39057.587,31740.261,4761.319312499996,0.0
2020-04-19 06:00:00,37.9,4,6,6,41218.161,32476.327,5320.548093750003,0.0
2020-04-19 07:00:00,39.0,4,7,6,42996.622,32910.495,5723.821343750002,0.0
2020-04-19 08:00:00,39.9,4,8,6,44059.042,34055.067,5584.9985625000045,0.0
2020-04-19 09:00:00,42.1,4,9,6,44493.316,35036.733,5306.608281249995,0.0
2020-04-19 10:00:00,45.0,4,10,6,44507.326,35483.318,4981.798906249998,0.0
2020-04-19 11:00:00,46.0,4,11,6,44500.709,35576.472,4930.576406250009,0.0
2020-04-19 12:00:00,48.9,4,12,6,44286.778,35718.035,4819.234406249998,0.0
2020-04-19 13:00:00,52.0,4,13,6,43674.609,35257.249,4545.645281249992,0.0
2020-04-19 14:00:00,55.0,4,14,6,43055.261,34855.517,4458.424187500001,0.0
2020-04-19 15:00:00,55.9,4,15,6,42424.139,34648.197,4259.9555312500015,0.0
2020-04-19 16:00:00,57.0,4,16,6,42173.861,34814.719,4091.220374999997,0.0
2020-04-19 17:00:00,57.0,4,17,6,42082.136,35072.288,3797.769781249997,0.0
2020-04-19 18:00:00,55.0,4,18,6,41620.468,35268.349,3270.959218750002,0.0
2020-04-19 19:00:00,55.0,4,19,6,41249.119,35603.265,2801.6285312499967,0.0
2020-04-19 20:00:00,54.0,4,20,6,41668.47,36360.177,2203.104281250002,0.0
2020-04-19 21:00:00,52.0,4,21,6,41028.575,35661.962,1925.8808124999923,0.0
2020-04-19 22:00:00,48.9,4,22,6,39476.985,34274.618,1877.8855937499973,0.0
2020-04-19 23:00:00,46.0,4,23,6,37772.326,32776.998,1900.7934374999968,0.0
2020-04-20 00:00:00,44.1,4,0,0,36426.093,31681.941,1833.1735312500025,0.0
2020-04-20 01:00:00,41.0,4,1,0,35582.955,30987.369,1907.766968750002,0.0
2020-04-20 02:00:00,44.1,4,2,0,35060.418,30497.186,1886.9049062500053,0.0
2020-04-20 03:00:00,43.0,4,3,0,34905.711,30279.434,1893.3156562500008,0.0
2020-04-20 04:00:00,41.0,4,4,0,35065.439,30814.117,1756.815062499998,0.0
2020-04-20 05:00:00,39.9,4,5,0,35696.369,32169.483,1400.1013124999954,0.0
2020-04-20 06:00:00,39.9,4,6,0,36741.506,34500.233,843.8930937500045,0.0
2020-04-20 07:00:00,37.9,4,7,0,37461.688,36725.236,188.88734375000053,0.0
2020-04-20 08:00:00,37.9,4,8,0,38426.965,38529.403,0.0,55.35956250000163
2020-04-20 09:00:00,43.0,4,9,0,39153.506,39940.927,0.0,754.2192812499998
2020-04-20 10:00:00,46.9,4,10,0,39415.145,41202.087,0.0,1676.5599062499969
2020-04-20 11:00:00,50.0,4,11,0,39274.006,41893.538,0.0,2323.405406250007
2020-04-20 12:00:00,52.0,4,12,0,38925.109,42165.09,0.0,2697.546406249996
2020-04-20 13:00:00,53.1,4,13,0,38239.629,42156.419,0.0,3027.455281249997
2020-04-20 14:00:00,57.9,4,14,0,37265.011,41646.021,0.0,3049.1841875000027
2020-04-20 15:00:00,60.1,4,15,0,36581.682,41212.643,0.0,3048.459531249995
2020-04-20 16:00:00,60.1,4,16,0,36332.08,40797.343,0.0,2714.7023750000008
2020-04-20 17:00:00,60.1,4,17,0,36391.472,40724.734,0.0,2440.3677812499955
2020-04-20 18:00:00,60.1,4,18,0,36490.763,40532.051,0.0,2182.5422187500008
2020-04-20 19:00:00,60.1,4,19,0,36817.729,40666.74,0.0,2219.249531249996
2020-04-20 20:00:00,57.9,4,20,0,38161.071,41692.098,0.0,2226.732281249999
2020-04-20 21:00:00,57.0,4,21,0,38593.46,41211.522,0.0,2108.8278124999924
2020-04-20 22:00:00,55.9,4,22,0,37640.827,39744.196,41.72759374999441,2145.0965937500005
2020-04-20 23:00:00,55.9,4,23,0,36478.262,38221.895,606.7294374999983,2350.3624374999927
2020-04-21 00:00:00,55.9,4,0,1,35466.631,36697.409,873.7115312500027,2104.489531250001
2020-04-21 01:00:00,55.0,4,1,1,34879.892,35854.121,1204.70396875,2178.9329687499994
2020-04-21 02:00:00,55.0,4,2,1,34543.286,35553.251,1369.7729062500075,2379.737906250004
2020-04-21 03:00:00,54.0,4,3,1,34530.31,35564.714,1517.9146562499957,2552.3186562499977
2020-04-21 04:00:00,54.0,4,4,1,34709.385,36112.018,1400.7610625000016,2803.394062499996
2020-04-21 05:00:00,53.1,4,5,1,35317.319,37569.062,1021.0513124999998,3272.7943124999947
2020-04-21 06:00:00,53.1,4,6,1,35971.025,40125.346,73.41209375000471,4227.733093750001
2020-04-21 07:00:00,51.1,4,7,1,36264.275,42149.439,0.0,4876.638343749997
2020-04-21 08:00:00,48.0,4,8,1,36545.858,43029.112,0.0,4555.068562500004
2020-04-21 09:00:00,46.0,4,9,1,36677.559,43371.181,0.0,4184.473281249993
2020-04-21 10:00:00,46.0,4,10,1,36565.969,43510.973,0.0,3985.445906249996
2020-04-21 11:00:00,46.9,4,11,1,36347.327,43472.619,0.0,3902.4864062500055
2020-04-21 12:00:00,48.0,4,12,1,36059.128,43252.649,0.0,3785.105406249997
2020-04-21 13:00:00,48.9,4,13,1,35461.053,42860.025,0.0,3731.0612812499967
2020-04-21 14:00:00,50.0,4,14,1,34865.208,42301.166,0.0,3704.3291875
2020-04-21 15:00:00,51.1,4,15,1,34628.079,41897.795,0.0,3733.611531249997
2020-04-21 16:00:00,51.1,4,16,1,34725.307,41799.554,0.0,3716.913374999997
2020-04-21 17:00:00,51.1,4,17,1,35250.07,42107.471,0.0,3823.104781249997
2020-04-21 18:00:00,48.9,4,18,1,35537.939,42190.146,0.0,3840.637218750002
2020-04-21 19:00:00,46.9,4,19,1,35657.803,42190.316,0.0,3742.825531249997
2020-04-21 20:00:00,44.1,4,20,1,36817.567,43438.832,0.0,3973.466281250003
2020-04-21 21:00:00,42.1,4,21,1,36663.644,43170.636,0.0,4067.941812499994
2020-04-21 22:00:00,39.9,4,22,1,35520.942,41798.942,0.0,4199.84259375
2020-04-21 23:00:00,37.9,4,23,1,34303.237,40327.637,0.0,4456.104437499998
2020-04-22 00:00:00,37.0,4,0,2,33333.01,39190.132,0.0,4597.212531249999
2020-04-22 01:00:00,36.0,4,1,2,32633.713,38344.994,0.0,4669.805968749999
2020-04-22 02:00:00,34.0,4,2,2,32460.541,38140.057,0.0,4966.543906250008
2020-04-22 03:00:00,33.1,4,3,2,32604.938,38298.105,0.0,5285.709656250001
2020-04-22 04:00:00,30.9,4,4,2,33341.179,38927.847,32.555062499995984,5619.223062500001
2020-04-22 05:00:00,30.0,4,5,2,35147.505,40523.028,851.237312499994,6226.760312499995
2020-04-22 06:00:00,30.0,4,6,2,37553.385,42973.775,1655.7720937500053,7076.162093750005
2020-04-22 07:00:00,30.0,4,7,2,39592.773,44760.677,2319.97234375,7487.876343750002
2020-04-22 08:00:00,33.1,4,8,2,40744.494,45416.177,2270.450562500002,6942.133562500007
2020-04-22 09:00:00,36.0,4,9,2,40892.0,45147.38,1705.2922812499964,5960.672281249994
2020-04-22 10:00:00,39.0,4,10,2,40692.522,44600.942,1166.9949062499943,5075.41490625
2020-04-22 11:00:00,42.1,4,11,2,40369.992,44123.315,799.8594062500051,4553.182406250009
2020-04-22 12:00:00,44.1,4,12,2,40146.43,43800.361,678.8864062499997,4332.817406249997
2020-04-22 13:00:00,46.9,4,13,2,39740.335,43357.574,611.3712812499944,4228.610281249996
2020-04-22 14:00:00,50.0,4,14,2,39003.034,42596.985,406.19718750000175,4000.148187500002
2020-04-22 15:00:00,53.1,4,15,2,38142.031,41923.323,0.0,3759.1395312499953
2020-04-22 16:00:00,54.0,4,16,2,37658.773,41742.155,0.0,3659.514374999999
2020-04-22 17:00:00,55.9,4,17,2,37702.764,41855.223,0.0,3570.856781249997
2020-04-22 18:00:00,59.0,4,18,2,37639.636,41847.798,0.0,3498.289218750004
2020-04-22 19:00:00,59.0,4,19,2,37636.916,42007.621,0.0,3560.130531249997
2020-04-22 20:00:00,52.0,4,20,2,38665.645,43173.205,0.0,3707.8392812500015
2020-04-22 21:00:00,51.1,4,21,2,38565.636,43049.768,0.0,3947.073812499992
2020-04-22 22:00:00,50.0,4,22,2,37001.622,41575.327,0.0,3976.2275937499935
2020-04-22 23:00:00,48.9,4,23,2,35146.331,40131.762,0.0,4260.229437499998
2020-04-23 00:00:00,50.0,4,0,3,33836.336,38980.894,0.0,4387.974531250002
2020-04-23 01:00:00,52.0,4,1,3,33017.697,38323.12,0.0,4647.931968750003
2020-04-23 02:00:00,50.0,4,2,3,32535.707,38054.765,0.0,4881.251906250007
2020-04-23 03:00:00,48.0,4,3,3,32579.144,38260.752,0.0,5248.356656249998
2020-04-23 04:00:00,45.0,4,4,3,33066.986,38987.247,0.0,5678.623062500003
2020-04-23 05:00:00,44.1,4,5,3,34581.247,40664.258,284.97931249999965,6367.990312499998
2020-04-23 06:00:00,46.0,4,6,3,36950.166,43193.466,1052.5530937500007,7295.853093750004
2020-04-23 07:00:00,46.0,4,7,3,38801.797,44834.224,1528.996343749997,7561.423343750001
2020-04-23 08:00:00,48.9,4,8,3,40136.113,45327.736,1662.0695625000008,6853.6925625
2020-04-23 09:00:00,52.0,4,9,3,40675.614,45015.615,1488.9062812499978,5828.907281249994
2020-04-23 10:00:00,54.0,4,10,3,41048.589,44540.617,1523.0619062499973,5015.089906249996
2020-04-23 11:00:00,55.9,4,11,3,41114.182,44203.935,1544.0494062500077,4633.802406250004
2020-04-23 12:00:00,54.0,4,12,3,41199.358,43776.125,1731.8144062499996,4308.581406249999
2020-04-23 13:00:00,55.0,4,13,3,41049.44,43212.638,1920.4762812499976,4083.674281249994
2020-04-23 14:00:00,55.9,4,14,3,40333.549,42296.953,1736.7121875000012,3700.116187500003
2020-04-23 15:00:00,55.0,4,15,3,39514.655,41174.609,1350.4715312499975,3010.4255312499954
2020-04-23 16:00:00,53.1,4,16,3,39097.668,40518.012,1015.0273749999978,2435.3713750000024
2020-04-23 17:00:00,53.1,4,17,3,39205.603,40314.503,921.2367812500016,2030.136781249996
2020-04-23 18:00:00,53.1,4,18,3,39143.859,40347.514,794.350218749998,1998.005218750004
2020-04-23 19:00:00,53.1,4,19,3,39354.769,40780.563,907.2785312499982,2333.07253125
2020-04-23 20:00:00,53.1,4,20,3,40517.117,42230.461,1051.751281249999,2765.095281250004
2020-04-23 21:00:00,53.1,4,21,3,40741.497,42082.797,1638.8028124999985,2980.102812499994
2020-04-23 22:00:00,53.1,4,22,3,39402.902,40757.505,1803.8025937499988,3158.4055937499943
2020-04-23 23:00:00,52.0,4,23,3,37915.294,39179.357,2043.7614374999976,3307.8244374999995
2020-04-24 00:00:00,52.0,4,0,4,36721.713,37890.846,2128.793531250005,3297.9265312499992
2020-04-24 01:00:00,52.0,4,1,4,36121.833,37215.224,2446.644968749999,3540.035968750002
2020-04-24 02:00:00,52.0,4,2,4,35920.54,36950.358,2747.0269062500083,3776.844906250008
2020-04-24 03:00:00,52.0,4,3,4,36063.028,37060.237,3050.632656249996,4047.841656249999
2020-04-24 04:00:00,52.0,4,4,4,36860.542,37628.98,3551.918062500001,4320.356062500003
2020-04-24 05:00:00,51.1,4,5,4,38521.004,39057.587,4224.736312499997,4761.319312499996
2020-04-24 06:00:00,51.1,4,6,4,40961.953,41218.161,5064.340093750005,5320.548093750003
2020-04-24 07:00:00,51.1,4,7,4,42829.808,42996.622,5557.007343749996,5723.821343750002
2020-04-24 08:00:00,50.0,4,8,4,43490.526,44059.042,5016.482562500001,5584.9985625000045
2020-04-24 09:00:00,50.0,4,9,4,43258.967,44493.316,4072.259281249994,5306.608281249995
2020-04-24 10:00:00,48.0,4,10,4,42865.608,44507.326,3340.080906249997,4981.798906249998
2020-04-24 11:00:00,48.9,4,11,4,42482.334,44500.709,2912.2014062500093,4930.576406250009
2020-04-24 12:00:00,53.1,4,12,4,42048.049,44286.778,2580.5054062499985,4819.234406249998
2020-04-24 13:00:00,57.9,4,13,4,41309.971,43674.609,2181.007281249993,4545.645281249992
2020-04-24 14:00:00,61.0,4,14,4,40662.599,43055.261,2065.762187500004,4458.424187500001
2020-04-24 15:00:00,64.0,4,15,4,39983.393,42424.139,1819.209531249995,4259.9555312500015
2020-04-24 16:00:00,64.0,4,16,4,39736.593,42173.861,1653.9523750000008,4091.220374999997
2020-04-24 17:00:00,63.0,4,17,4,39777.194,42082.136,1492.827781250002,3797.769781249997
2020-04-24 18:00:00,64.0,4,18,4,39732.071,41620.468,1382.5622187500048,3270.959218750002
2020-04-24 19:00:00,63.0,4,19,4,39649.164,41249.119,1201.673531249995,2801.6285312499967
2020-04-24 20:00:00,61.0,4,20,4,40522.375,41668.47,1057.0092812500006,2203.104281250002
2020-04-24 21:00:00,55.9,4,21,4,40122.856,41028.575,1020.161812499995,1925.8808124999923
2020-04-24 22:00:00,55.0,4,22,4,38369.461,39476.985,770.3615937499999,1877.8855937499973
2020-04-24 23:00:00,53.1,4,23,4,36505.278,37772.326,633.7454374999943,1900.7934374999968
2020-04-25 00:00:00,52.0,4,0,5,34842.702,36426.093,249.782531249999,1833.1735312500025
2020-04-25 01:00:00,52.0,4,1,5,33994.481,35582.955,319.29296875,1907.766968750002
2020-04-25 02:00:00,50.0,4,2,5,33342.413,35060.418,168.89990625000792,1886.9049062500053
2020-04-25 03:00:00,52.0,4,3,5,33236.378,34905.711,223.9826562499948,1893.3156562500008
2020-04-25 04:00:00,52.0,4,4,5,33696.519,35065.439,387.89506249999977,1756.815062499998
2020-04-25 05:00:00,50.0,4,5,5,34989.409,35696.369,693.1413124999963,1400.1013124999954
2020-04-25 06:00:00,48.9,4,6,5,37097.64,36741.506,1200.027093750003,843.8930937500045
2020-04-25 07:00:00,48.0,4,7,5,38835.468,37461.688,1562.6673437499994,188.88734375000053
2020-04-25 08:00:00,50.0,4,8,5,40102.703,38426.965,1628.6595625000043,0.0
2020-04-25 09:00:00,53.1,4,9,5,40690.832,39153.506,1504.1242812499986,0.0
2020-04-25 10:00:00,57.9,4,10,5,41086.222,39415.145,1560.694906249999,0.0
2020-04-25 11:00:00,60.1,4,11,5,41298.945,39274.006,1728.8124062500065,0.0
2020-04-25 12:00:00,64.0,4,12,5,41463.789,38925.109,1996.2454062499964,0.0
2020-04-25 13:00:00,64.9,4,13,5,41067.023,38239.629,1938.0592812499965,0.0
2020-04-25 14:00:00,68.0,4,14,5,40433.209,37265.011,1836.3721875000049,0.0
2020-04-25 15:00:00,66.9,4,15,5,39847.677,36581.682,1683.493531250002,0.0
2020-04-25 16:00:00,68.0,4,16,5,39584.934,36332.08,1502.293375000001,0.0
2020-04-25 17:00:00,69.1,4,17,5,39619.211,36391.472,1334.8447812500017,0.0
2020-04-25 18:00:00,66.9,4,18,5,39568.628,36490.763,1219.1192187499985,0.0
2020-04-25 19:00:00,66.9,4,19,5,39276.024,36817.729,828.5335312499956,0.0
2020-04-25 20:00:00,64.0,4,20,5,39666.571,38161.071,201.2052812500042,0.0
2020-04-25 21:00:00,57.0,4,21,5,39130.241,38593.46,27.54681249999703,0.0
2020-04-25 22:00:00,55.9,4,22,5,37495.836,37640.827,0.0,41.72759374999441
2020-04-25 23:00:00,55.9,4,23,5,35741.663,36478.262,0.0,606.7294374999983
2020-04-26 00:00:00,55.9,4,0,6,34304.899,35466.631,0.0,873.7115312500027
2020-04-26 01:00:00,53.1,4,1,6,33242.615,34879.892,0.0,1204.70396875
2020-04-26 02:00:00,52.0,4,2,6,32675.433,34543.286,0.0,1369.7729062500075
2020-04-26 03:00:00,51.1,4,3,6,32371.337,34530.31,0.0,1517.9146562499957
2020-04-26 04:00:00,50.0,4,4,6,32723.083,34709.385,0.0,1400.7610625000016
2020-04-26 05:00:00,50.0,4,5,6,33835.617,35317.319,0.0,1021.0513124999998
2020-04-26 06:00:00,50.0,4,6,6,35765.051,35971.025,0.0,73.41209375000471
2020-04-26 07:00:00,48.9,4,7,6,37542.424,36264.275,269.62334374999773,0.0
2020-04-26 08:00:00,48.0,4,8,6,39043.104,36545.858,569.0605625000026,0.0
2020-04-26 09:00:00,48.0,4,9,6,39988.974,36677.559,802.2662812499984,0.0
2020-04-26 10:00:00,48.9,4,10,6,40419.111,36565.969,893.5839062499945,0.0
2020-04-26 11:00:00,48.9,4,11,6,40413.659,36347.327,843.5264062500064,0.0
2020-04-26 12:00:00,48.9,4,12,6,40152.638,36059.128,685.0944062499984,0.0
2020-04-26 13:00:00,48.0,4,13,6,39741.275,35461.053,612.3112812499967,0.0
2020-04-26 14:00:00,48.0,4,14,6,38964.169,34865.208,367.3321875000038,0.0
2020-04-26 15:00:00,48.0,4,15,6,38099.96,34628.079,0.0,0.0
2020-04-26 16:00:00,46.9,4,16,6,37505.609,34725.307,0.0,0.0
2020-04-26 17:00:00,46.9,4,17,6,37425.527,35250.07,0.0,0.0
2020-04-26 18:00:00,46.9,4,18,6,37155.208,35537.939,0.0,0.0
2020-04-26 19:00:00,46.9,4,19,6,36950.423,35657.803,0.0,0.0
2020-04-26 20:00:00,48.0,4,20,6,37768.88,36817.567,0.0,0.0
2020-04-26 21:00:00,48.0,4,21,6,37799.332,36663.644,0.0,0.0
2020-04-26 22:00:00,46.0,4,22,6,36305.651,35520.942,0.0,0.0
2020-04-26 23:00:00,45.0,4,23,6,34543.496,34303.237,0.0,0.0
2020-04-27 00:00:00,43.0,4,0,0,33185.711,33333.01,0.0,0.0
2020-04-27 01:00:00,42.1,4,1,0,32206.598,32633.713,0.0,0.0
2020-04-27 02:00:00,41.0,4,2,0,31702.405,32460.541,0.0,0.0
2020-04-27 03:00:00,39.9,4,3,0,31519.957,32604.938,0.0,0.0
2020-04-27 04:00:00,39.0,4,4,0,31597.04,33341.179,0.0,32.555062499995984
2020-04-27 05:00:00,37.0,4,5,0,32320.899,35147.505,0.0,851.237312499994
2020-04-27 06:00:00,36.0,4,6,0,33110.513,37553.385,0.0,1655.7720937500053
2020-04-27 07:00:00,36.0,4,7,0,33789.124,39592.773,0.0,2319.97234375
2020-04-27 08:00:00,39.0,4,8,0,34780.586,40744.494,0.0,2270.450562500002
2020-04-27 09:00:00,43.0,4,9,0,35465.052,40892.0,0.0,1705.2922812499964
2020-04-27 10:00:00,46.0,4,10,0,35988.381,40692.522,0.0,1166.9949062499943
2020-04-27 11:00:00,50.0,4,11,0,36130.228,40369.992,0.0,799.8594062500051
2020-04-27 12:00:00,53.1,4,12,0,36164.41,40146.43,0.0,678.8864062499997
2020-04-27 13:00:00,55.9,4,13,0,35946.441,39740.335,0.0,611.3712812499944
2020-04-27 14:00:00,60.1,4,14,0,35723.036,39003.034,0.0,406.19718750000175
2020-04-27 15:00:00,60.1,4,15,0,35672.449,38142.031,0.0,0.0
2020-04-27 16:00:00,60.1,4,16,0,35929.476,37658.773,0.0,0.0
2020-04-27 17:00:00,60.1,4,17,0,36476.877,37702.764,0.0,0.0
2020-04-27 18:00:00,61.0,4,18,0,36620.514,37639.636,0.0,0.0
2020-04-27 19:00:00,60.1,4,19,0,36764.56,37636.916,0.0,0.0
2020-04-27 20:00:00,59.0,4,20,0,37476.058,38665.645,0.0,0.0
2020-04-27 21:00:00,57.9,4,21,0,36935.913,38565.636,0.0,0.0
2020-04-27 22:00:00,57.0,4,22,0,35429.097,37001.622,0.0,0.0
2020-04-27 23:00:00,55.9,4,23,0,33896.603,35146.331,0.0,0.0
2020-04-28 00:00:00,55.9,4,0,1,32489.295,33836.336,0.0,0.0
2020-04-28 01:00:00,55.0,4,1,1,31634.86,33017.697,0.0,0.0
2020-04-28 02:00:00,51.1,4,2,1,31106.126,32535.707,0.0,0.0
2020-04-28 03:00:00,52.0,4,3,1,30837.857,32579.144,0.0,0.0
2020-04-28 04:00:00,53.1,4,4,1,30835.77,33066.986,0.0,0.0
2020-04-28 05:00:00,53.1,4,5,1,31176.88,34581.247,0.0,284.97931249999965
2020-04-28 06:00:00,48.9,4,6,1,31873.359,36950.166,0.0,1052.5530937500007
2020-04-28 07:00:00,48.9,4,7,1,32454.787,38801.797,0.0,1528.996343749997
2020-04-28 08:00:00,48.9,4,8,1,33795.133,40136.113,0.0,1662.0695625000008
2020-04-28 09:00:00,50.0,4,9,1,35169.162,40675.614,0.0,1488.9062812499978
2020-04-28 10:00:00,51.1,4,10,1,36004.402,41048.589,0.0,1523.0619062499973
2020-04-28 11:00:00,54.0,4,11,1,36638.763,41114.182,0.0,1544.0494062500077
2020-04-28 12:00:00,61.0,4,12,1,36988.078,41199.358,0.0,1731.8144062499996
2020-04-28 13:00:00,64.0,4,13,1,36868.592,41049.44,0.0,1920.4762812499976
2020-04-28 14:00:00,68.0,4,14,1,36741.688,40333.549,0.0,1736.7121875000012
2020-04-28 15:00:00,70.0,4,15,1,36707.648,39514.655,0.0,1350.4715312499975
2020-04-28 16:00:00,70.0,4,16,1,37063.065,39097.668,0.0,1015.0273749999978
2020-04-28 17:00:00,72.0,4,17,1,37462.201,39205.603,0.0,921.2367812500016
2020-04-28 18:00:00,71.1,4,18,1,37501.449,39143.859,0.0,794.350218749998
2020-04-28 19:00:00,71.1,4,19,1,37380.334,39354.769,0.0,907.2785312499982
2020-04-28 20:00:00,70.0,4,20,1,38088.187,40517.117,0.0,1051.751281249999
2020-04-28 21:00:00,68.0,4,21,1,38068.53,40741.497,0.0,1638.8028124999985
2020-04-28 22:00:00,66.0,4,22,1,36924.569,39402.902,0.0,1803.8025937499988
2020-04-28 23:00:00,66.0,4,23,1,35673.548,37915.294,0.0,2043.7614374999976
2020-04-29 00:00:00,64.9,4,0,2,34538.82,36721.713,0.0,2128.793531250005
2020-04-29 01:00:00,64.9,4,1,2,33979.105,36121.833,303.91696875000343,2446.644968749999
2020-04-29 02:00:00,64.0,4,2,2,33671.86,35920.54,498.346906250008,2747.0269062500083
2020-04-29 03:00:00,64.0,4,3,2,33800.26,36063.028,787.8646562499998,3050.632656249996
2020-04-29 04:00:00,63.0,4,4,2,34509.907,36860.542,1201.2830624999988,3551.918062500001
2020-04-29 05:00:00,62.1,4,5,2,36172.625,38521.004,1876.3573124999969,4224.736312499997
2020-04-29 06:00:00,63.0,4,6,2,38605.939,40961.953,2708.3260937500017,5064.340093750005
2020-04-29 07:00:00,64.0,4,7,2,40444.52,42829.808,3171.7193437499955,5557.007343749996
2020-04-29 08:00:00,59.0,4,8,2,41550.134,43490.526,3076.0905625000014,5016.482562500001
2020-04-29 09:00:00,59.0,4,9,2,41635.564,43258.967,2448.856281249995,4072.259281249994
2020-04-29 10:00:00,64.0,4,10,2,41539.398,42865.608,2013.8709062499984,3340.080906249997
2020-04-29 11:00:00,66.9,4,11,2,41300.088,42482.334,1729.95540625001,2912.2014062500093
2020-04-29 12:00:00,72.0,4,12,2,41022.195,42048.049,1554.6514062499991,2580.5054062499985
2020-04-29 13:00:00,71.1,4,13,2,40629.34,41309.971,1500.3762812499915,2181.007281249993
2020-04-29 14:00:00,70.0,4,14,2,39819.274,40662.599,1222.4371874999997,2065.762187500004
2020-04-29 15:00:00,64.9,4,15,2,39069.516,39983.393,905.332531250002,1819.209531249995
2020-04-29 16:00:00,61.0,4,16,2,38550.399,39736.593,467.7583749999976,1653.9523750000008
2020-04-29 17:00:00,57.0,4,17,2,38565.398,39777.194,281.03178124999977,1492.827781250002
2020-04-29 18:00:00,55.9,4,18,2,38622.973,39732.071,273.4642187499994,1382.5622187500048
2020-04-29 19:00:00,55.0,4,19,2,38521.661,39649.164,74.17053124999802,1201.673531249995
2020-04-29 20:00:00,54.0,4,20,2,39444.093,40522.375,0.0,1057.0092812500006
2020-04-29 21:00:00,53.1,4,21,2,39176.813,40122.856,74.11881249999715,1020.161812499995
2020-04-29 22:00:00,53.1,4,22,2,37571.456,38369.461,0.0,770.3615937499999
2020-04-29 23:00:00,52.0,4,23,2,35851.112,36505.278,0.0,633.7454374999943
2020-04-30 00:00:00,52.0,4,0,3,34312.632,34842.702,0.0,249.782531249999
2020-04-30 01:00:00,52.0,4,1,3,33498.813,33994.481,0.0,319.29296875
2020-04-30 02:00:00,52.0,4,2,3,33047.189,33342.413,0.0,168.89990625000792
2020-04-30 03:00:00,52.0,4,3,3,32807.997,33236.378,0.0,223.9826562499948
2020-04-30 04:00:00,52.0,4,4,3,33136.449,33696.519,0.0,387.89506249999977
2020-04-30 05:00:00,51.1,4,5,3,34413.388,34989.409,117.12031249999563,693.1413124999963
2020-04-30 06:00:00,52.0,4,6,3,36495.888,37097.64,598.2750937500023,1200.027093750003
2020-04-30 07:00:00,52.0,4,7,3,38289.834,38835.468,1017.0333437500012,1562.6673437499994
2020-04-30 08:00:00,51.1,4,8,3,39580.228,40102.703,1106.184562500006,1628.6595625000043
2020-04-30 09:00:00,50.0,4,9,3,40238.208,40690.832,1051.5002812499952,1504.1242812499986
2020-04-30 10:00:00,46.9,4,10,3,40578.916,41086.222,1053.3889062499948,1560.694906249999
2020-04-30 11:00:00,48.9,4,11,3,40642.078,41298.945,1071.945406250008,1728.8124062500065
2020-04-30 12:00:00,50.0,4,12,3,40574.227,41463.789,1106.6834062499984,1996.2454062499964
2020-04-30 13:00:00,50.0,4,13,3,40376.316,41067.023,1247.352281249994,1938.0592812499965
2020-04-30 14:00:00,48.9,4,14,3,39970.936,40433.209,1374.0991875000036,1836.3721875000049
2020-04-30 15:00:00,50.0,4,15,3,39492.084,39847.677,1327.9005312500012,1683.493531250002
2020-04-30 16:00:00,48.9,4,16,3,39291.947,39584.934,1209.306375,1502.293375000001
2020-04-30 17:00:00,48.9,4,17,3,39482.881,39619.211,1198.51478125,1334.8447812500017
2020-04-30 18:00:00,48.9,4,18,3,39555.821,39568.628,1206.3122187500048,1219.1192187499985
2020-04-30 19:00:00,46.0,4,19,3,39162.932,39276.024,715.4415312499987,828.5335312499956
2020-04-30 20:00:00,46.0,4,20,3,39762.632,39666.571,297.2662812499984,201.2052812500042
2020-04-30 21:00:00,45.0,4,21,3,39398.903,39130.241,296.20881249999366,27.54681249999703
2020-04-30 22:00:00,45.0,4,22,3,37570.684,37495.836,0.0,0.0
2020-04-30 23:00:00,45.0,4,23,3,35442.653,35741.663,0.0,0.0
2020-05-01 00:00:00,45.0,5,0,4,33844.092,34304.899,0.0,0.0
2020-05-01 01:00:00,45.0,5,1,4,32773.499,33242.615,0.0,0.0
2020-05-01 02:00:00,45.0,5,2,4,32063.403,32675.433,0.0,0.0
2020-05-01 03:00:00,46.0,5,3,4,31878.287,32371.337,0.0,0.0
2020-05-01 04:00:00,46.9,5,4,4,32137.032,32723.083,0.0,0.0
2020-05-01 05:00:00,46.9,5,5,4,33337.045,33835.617,0.0,0.0
2020-05-01 06:00:00,46.9,5,6,4,35207.768,35765.051,0.0,0.0
2020-05-01 07:00:00,46.9,5,7,4,37075.48,37542.424,0.0,269.62334374999773
2020-05-01 08:00:00,46.0,5,8,4,38514.275,39043.104,40.23156250000466,569.0605625000026
2020-05-01 09:00:00,46.9,5,9,4,39495.477,39988.974,308.7692812499954,802.2662812499984
2020-05-01 10:00:00,48.0,5,10,4,40290.879,40419.111,765.3519062499981,893.5839062499945
2020-05-01 11:00:00,48.0,5,11,4,40617.693,40413.659,1047.560406250006,843.5264062500064
2020-05-01 12:00:00,48.9,5,12,4,40771.631,40152.638,1304.0874062500006,685.0944062499984
2020-05-01 13:00:00,48.9,5,13,4,40779.757,39741.275,1650.793281249993,612.3112812499967
2020-05-01 14:00:00,52.0,5,14,4,40371.578,38964.169,1774.7411875000034,367.3321875000038
2020-05-01 15:00:00,55.0,5,15,4,39922.712,38099.96,1758.5285312499982,0.0
2020-05-01 16:00:00,55.0,5,16,4,39821.35,37505.609,1738.7093749999983,0.0
2020-05-01 17:00:00,57.9,5,17,4,39995.729,37425.527,1711.362781249998,0.0
2020-05-01 18:00:00,61.0,5,18,4,39947.763,37155.208,1598.2542187500003,0.0
2020-05-01 19:00:00,59.0,5,19,4,39647.556,36950.423,1200.0655312499948,0.0
2020-05-01 20:00:00,57.0,5,20,4,39874.877,37768.88,409.51128125000105,0.0
2020-05-01 21:00:00,55.0,5,21,4,39349.214,37799.332,246.5198124999952,0.0
2020-05-01 22:00:00,54.0,5,22,4,37497.724,36305.651,0.0,0.0
2020-05-01 23:00:00,54.0,5,23,4,35653.565,34543.496,0.0,0.0
2020-05-02 00:00:00,53.1,5,0,5,34179.246,33185.711,0.0,0.0
2020-05-02 01:00:00,52.0,5,1,5,33098.758,32206.598,0.0,0.0
2020-05-02 02:00:00,52.0,5,2,5,32503.415,31702.405,0.0,0.0
2020-05-02 03:00:00,52.0,5,3,5,32245.851,31519.957,0.0,0.0
2020-05-02 04:00:00,50.0,5,4,5,32487.173,31597.04,0.0,0.0
2020-05-02 05:00:00,48.9,5,5,5,33710.285,32320.899,0.0,0.0
2020-05-02 06:00:00,50.0,5,6,5,35932.239,33110.513,34.62609375000466,0.0
2020-05-02 07:00:00,50.0,5,7,5,37943.662,33789.124,670.8613437499953,0.0
2020-05-02 08:00:00,51.1,5,8,5,39594.262,34780.586,1120.2185625000056,0.0
2020-05-02 09:00:00,54.0,5,9,5,40751.124,35465.052,1564.41628125,0.0
2020-05-02 10:00:00,57.9,5,10,5,41557.936,35988.381,2032.4089062499988,0.0
2020-05-02 11:00:00,61.0,5,11,5,41860.513,36130.228,2290.3804062500058,0.0
2020-05-02 12:00:00,64.0,5,12,5,42085.266,36164.41,2617.7224062500027,0.0
2020-05-02 13:00:00,68.0,5,13,5,42074.205,35946.441,2945.241281249997,0.0
2020-05-02 14:00:00,72.0,5,14,5,41608.989,35723.036,3012.1521875000035,0.0
2020-05-02 15:00:00,73.9,5,15,5,40919.593,35672.449,2755.4095312499994,0.0
2020-05-02 16:00:00,77.0,5,16,5,40566.72,35929.476,2484.079375000001,0.0
2020-05-02 17:00:00,79.0,5,17,5,40540.74,36476.877,2256.3737812499967,0.0
2020-05-02 18:00:00,79.0,5,18,5,40327.369,36620.514,1977.86021875,0.0
2020-05-02 19:00:00,78.1,5,19,5,40034.316,36764.56,1586.8255312499969,0.0
2020-05-02 20:00:00,77.0,5,20,5,40288.11,37476.058,822.7442812500012,0.0
2020-05-02 21:00:00,73.9,5,21,5,40109.352,36935.913,1006.6578124999942,0.0
2020-05-02 22:00:00,72.0,5,22,5,38573.934,35429.097,974.834593749998,0.0
2020-05-02 23:00:00,72.0,5,23,5,36619.837,33896.603,748.3044374999954,0.0
2020-05-03 00:00:00,71.1,5,0,6,35177.075,32489.295,1845.5573636363624,0.0
2020-05-03 01:00:00,71.1,5,1,6,34198.25,31634.86,2224.843727272721,0.0
2020-05-03 02:00:00,71.1,5,2,6,33653.898,31106.126,2574.6357272727328,0.0
2020-05-03 03:00:00,69.1,5,3,6,33360.538,30837.857,2832.8295454545405,0.0
2020-05-03 04:00:00,69.1,5,4,6,33787.671,30835.77,3386.98663636364,0.0
2020-05-03 05:00:00,62.1,5,5,6,35115.306,31176.88,4432.699727272717,0.0
2020-05-03 06:00:00,61.0,5,6,6,36929.793,31873.359,5862.473363636356,0.0
2020-05-03 07:00:00,60.1,5,7,6,38516.65,32454.787,6542.389909090911,0.0
2020-05-03 08:00:00,59.0,5,8,6,39941.105,33795.133,6367.532818181826,0.0
2020-05-03 09:00:00,59.0,5,9,6,40484.036,35169.162,5388.091818181827,0.0
2020-05-03 10:00:00,61.0,5,10,6,40808.234,36004.402,4567.68454545454,0.0
2020-05-03 11:00:00,64.0,5,11,6,40551.324,36638.763,3393.3705454545416,0.0
2020-05-03 12:00:00,66.9,5,12,6,40228.705,36988.078,2404.576272727274,0.0
2020-05-03 13:00:00,70.0,5,13,6,39790.129,36868.592,1563.9757272727293,0.0
2020-05-03 14:00:00,70.0,5,14,6,38900.994,36741.688,428.0887272727268,0.0
2020-05-03 15:00:00,69.1,5,15,6,38160.03,36707.648,0.0,0.0
2020-05-03 16:00:00,70.0,5,16,6,37684.156,37063.065,0.0,0.0
2020-05-03 17:00:00,71.1,5,17,6,37556.062,37462.201,0.0,0.0
2020-05-03 18:00:00,71.1,5,18,6,37422.817,37501.449,0.0,0.0
2020-05-03 19:00:00,70.0,5,19,6,37212.089,37380.334,0.0,0.0
2020-05-03 20:00:00,69.1,5,20,6,37917.73,38088.187,0.0,0.0
2020-05-03 21:00:00,66.0,5,21,6,38072.487,38068.53,0.0,0.0
2020-05-03 22:00:00,64.9,5,22,6,36708.108,36924.569,0.0,0.0
2020-05-03 23:00:00,61.0,5,23,6,35009.952,35673.548,0.0,0.0
2020-05-04 00:00:00,60.1,5,0,0,33480.903,34538.82,149.38536363636376,0.0
2020-05-04 01:00:00,55.0,5,1,0,32338.309,33979.105,364.9027272727217,303.91696875000343
2020-05-04 02:00:00,53.1,5,2,0,31797.128,33671.86,717.8657272727323,498.346906250008
2020-05-04 03:00:00,53.1,5,3,0,31539.463,33800.26,1011.7545454545398,787.8646562499998
2020-05-04 04:00:00,51.1,5,4,0,31703.273,34509.907,1302.5886363636382,1201.2830624999988
2020-05-04 05:00:00,50.0,5,5,0,32140.64,36172.625,1458.0337272727193,1876.3573124999969
2020-05-04 06:00:00,48.0,5,6,0,32786.756,38605.939,1719.4363636363596,2708.3260937500017
2020-05-04 07:00:00,46.0,5,7,0,33217.778,40444.52,1243.5179090909078,3171.7193437499955
2020-05-04 08:00:00,48.9,5,8,0,33960.583,41550.134,387.0108181818214,3076.0905625000014
2020-05-04 09:00:00,52.0,5,9,0,34536.431,41635.564,0.0,2448.856281249995
2020-05-04 10:00:00,53.1,5,10,0,34850.943,41539.398,0.0,2013.8709062499984
2020-05-04 11:00:00,55.0,5,11,0,34988.743,41300.088,0.0,1729.95540625001
2020-05-04 12:00:00,57.0,5,12,0,34950.91,41022.195,0.0,1554.6514062499991
2020-05-04 13:00:00,59.0,5,13,0,34652.501,40629.34,0.0,1500.3762812499915
2020-05-04 14:00:00,61.0,5,14,0,34634.728,39819.274,0.0,1222.4371874999997
2020-05-04 15:00:00,61.0,5,15,0,34821.74,39069.516,0.0,905.332531250002
2020-05-04 16:00:00,62.1,5,16,0,35207.511,38550.399,0.0,467.7583749999976
2020-05-04 17:00:00,63.0,5,17,0,35677.713,38565.398,0.0,281.03178124999977
2020-05-04 18:00:00,62.1,5,18,0,35980.891,38622.973,0.0,273.4642187499994
2020-05-04 19:00:00,61.0,5,19,0,35891.832,38521.661,0.0,74.17053124999802
2020-05-04 20:00:00,57.9,5,20,0,36350.191,39444.093,0.0,0.0
2020-05-04 21:00:00,55.9,5,21,0,36614.993,39176.813,0.0,74.11881249999715
2020-05-04 22:00:00,54.0,5,22,0,35185.338,37571.456,0.0,0.0
2020-05-04 23:00:00,52.0,5,23,0,33500.507,35851.112,0.0,0.0
2020-05-05 00:00:00,50.0,5,0,1,31787.257,34312.632,0.0,0.0
2020-05-05 01:00:00,48.9,5,1,1,30511.769,33498.813,0.0,0.0
2020-05-05 02:00:00,48.0,5,2,1,29743.217,33047.189,0.0,0.0
2020-05-05 03:00:00,46.0,5,3,1,29204.338,32807.997,0.0,0.0
2020-05-05 04:00:00,46.0,5,4,1,28949.572,33136.449,0.0,0.0
2020-05-05 05:00:00,46.0,5,5,1,28917.465,34413.388,0.0,117.12031249999563
2020-05-05 06:00:00,45.0,5,6,1,29223.916,36495.888,0.0,598.2750937500023
2020-05-05 07:00:00,45.0,5,7,1,29512.969,38289.834,0.0,1017.0333437500012
2020-05-05 08:00:00,44.1,5,8,1,30856.23,39580.228,0.0,1106.184562500006
2020-05-05 09:00:00,44.1,5,9,1,32371.553,40238.208,0.0,1051.5002812499952
2020-05-05 10:00:00,44.1,5,10,1,33362.133,40578.916,0.0,1053.3889062499948
2020-05-05 11:00:00,45.0,5,11,1,34264.113,40642.078,0.0,1071.945406250008
2020-05-05 12:00:00,46.0,5,12,1,35018.851,40574.227,0.0,1106.6834062499984
2020-05-05 13:00:00,46.9,5,13,1,35272.877,40376.316,0.0,1247.352281249994
2020-05-05 14:00:00,48.0,5,14,1,35387.028,39970.936,0.0,1374.0991875000036
2020-05-05 15:00:00,52.0,5,15,1,35449.719,39492.084,0.0,1327.9005312500012
2020-05-05 16:00:00,54.0,5,16,1,35825.617,39291.947,0.0,1209.306375
2020-05-05 17:00:00,51.1,5,17,1,36595.055,39482.881,0.0,1198.51478125
2020-05-05 18:00:00,48.9,5,18,1,36846.966,39555.821,0.0,1206.3122187500048
2020-05-05 19:00:00,48.9,5,19,1,36686.164,39162.932,0.0,715.4415312499987
2020-05-05 20:00:00,48.9,5,20,1,36849.854,39762.632,0.0,297.2662812499984
2020-05-05 21:00:00,46.9,5,21,1,36678.349,39398.903,0.0,296.20881249999366
2020-05-05 22:00:00,45.0,5,22,1,34966.822,37570.684,0.0,0.0
2020-05-05 23:00:00,43.0,5,23,1,33137.249,35442.653,0.0,0.0
2020-05-06 00:00:00,41.0,5,0,2,31598.188,33844.092,0.0,0.0
2020-05-06 01:00:00,39.9,5,1,2,30583.306,32773.499,0.0,0.0
2020-05-06 02:00:00,39.0,5,2,2,29981.79,32063.403,0.0,0.0
2020-05-06 03:00:00,39.0,5,3,2,29725.863,31878.287,0.0,0.0
2020-05-06 04:00:00,39.0,5,4,2,30151.722,32137.032,0.0,0.0
2020-05-06 05:00:00,39.0,5,5,2,31488.965,33337.045,806.35872727272,0.0
2020-05-06 06:00:00,39.0,5,6,2,33540.218,35207.768,2472.898363636359,0.0
2020-05-06 07:00:00,39.0,5,7,2,35755.487,37075.48,3781.2269090909103,0.0
2020-05-06 08:00:00,39.0,5,8,2,37652.956,38514.275,4079.383818181821,40.23156250000466
2020-05-06 09:00:00,41.0,5,9,2,38794.838,39495.477,3698.8938181818303,308.7692812499954
2020-05-06 10:00:00,43.0,5,10,2,39464.727,40290.879,3224.1775454545423,765.3519062499981
2020-05-06 11:00:00,46.0,5,11,2,39847.412,40617.693,2689.4585454545377,1047.560406250006
2020-05-06 12:00:00,48.0,5,12,2,39974.042,40771.631,2149.9132727272736,1304.0874062500006
2020-05-06 13:00:00,52.0,5,13,2,40070.541,40779.757,1844.387727272726,1650.793281249993
2020-05-06 14:00:00,54.0,5,14,2,39712.844,40371.578,1239.9387272727254,1774.7411875000034
2020-05-06 15:00:00,54.0,5,15,2,39151.907,39922.712,388.4963636363609,1758.5285312499982
2020-05-06 16:00:00,57.0,5,16,2,38877.728,39821.35,0.0,1738.7093749999983
2020-05-06 17:00:00,57.0,5,17,2,38948.556,39995.729,0.0,1711.362781249998
2020-05-06 18:00:00,57.0,5,18,2,38929.426,39947.763,0.0,1598.2542187500003
2020-05-06 19:00:00,55.9,5,19,2,38551.275,39647.556,0.0,1200.0655312499948
2020-05-06 20:00:00,53.1,5,20,2,39094.989,39874.877,0.0,409.51128125000105
2020-05-06 21:00:00,50.0,5,21,2,39109.437,39349.214,0.0,246.5198124999952
2020-05-06 22:00:00,48.9,5,22,2,37344.456,37497.724,0.0,0.0
2020-05-06 23:00:00,44.1,5,23,2,35413.942,35653.565,0.0,0.0
2020-05-07 00:00:00,41.0,5,0,3,33725.744,34179.246,394.2263636363641,0.0
2020-05-07 01:00:00,37.9,5,1,3,32628.127,33098.758,654.720727272721,0.0
2020-05-07 02:00:00,37.0,5,2,3,32138.186,32503.415,1058.9237272727332,0.0
2020-05-07 03:00:00,36.0,5,3,3,31973.92,32245.851,1446.2115454545385,0.0
2020-05-07 04:00:00,35.1,5,4,3,32514.367,32487.173,2113.6826363636355,0.0
2020-05-07 05:00:00,35.1,5,5,3,33896.534,33710.285,3213.9277272727195,0.0
2020-05-07 06:00:00,36.0,5,6,3,36182.839,35932.239,5115.519363636358,34.62609375000466
2020-05-07 07:00:00,36.0,5,7,3,38342.84,37943.662,6368.579909090906,670.8613437499953
2020-05-07 08:00:00,39.9,5,8,3,40184.304,39594.262,6610.731818181819,1120.2185625000056
2020-05-07 09:00:00,46.0,5,9,3,41252.154,40751.124,6156.209818181829,1564.41628125
2020-05-07 10:00:00,54.0,5,10,3,41986.616,41557.936,5746.066545454545,2032.4089062499988
2020-05-07 11:00:00,59.0,5,11,3,42213.16,41860.513,5055.2065454545445,2290.3804062500058
2020-05-07 12:00:00,62.1,5,12,3,42147.063,42085.266,4322.934272727274,2617.7224062500027
2020-05-07 13:00:00,64.9,5,13,3,41953.019,42074.205,3726.8657272727287,2945.241281249997
2020-05-07 14:00:00,64.0,5,14,3,41392.781,41608.989,2919.8757272727307,3012.1521875000035
2020-05-07 15:00:00,66.0,5,15,3,40713.386,40919.593,1949.9753636363605,2755.4095312499994
2020-05-07 16:00:00,66.0,5,16,3,40564.458,40566.72,1358.0960909090936,2484.079375000001
2020-05-07 17:00:00,64.9,5,17,3,40610.459,40540.74,921.6512727272712,2256.3737812499967
2020-05-07 18:00:00,64.0,5,18,3,40490.792,40327.369,727.0323636363682,1977.86021875
2020-05-07 19:00:00,63.0,5,19,3,40265.646,40034.316,807.8047272727272,1586.8255312499969
2020-05-07 20:00:00,63.0,5,20,3,40603.738,40288.11,1263.575545454536,822.7442812500012
2020-05-07 21:00:00,61.0,5,21,3,40279.664,40109.352,991.487454545444,1006.6578124999942
2020-05-07 22:00:00,59.0,5,22,3,38745.508,38573.934,1097.7803636363606,974.834593749998
2020-05-07 23:00:00,59.0,5,23,3,36975.859,36619.837,1416.1572727272724,748.3044374999954
2020-05-08 00:00:00,57.9,5,0,4,35420.873,35177.075,2089.355363636365,1845.5573636363624
2020-05-08 01:00:00,55.9,5,1,4,34584.137,34198.25,2610.730727272723,2224.843727272721
2020-05-08 02:00:00,55.0,5,2,4,33941.263,33653.898,2862.0007272727307,2574.6357272727328
2020-05-08 03:00:00,55.0,5,3,4,33825.916,33360.538,3298.207545454537,2832.8295454545405
2020-05-08 04:00:00,53.1,5,4,4,34206.796,33787.671,3806.1116363636393,3386.98663636364
2020-05-08 05:00:00,53.1,5,5,4,35594.261,35115.306,4911.654727272718,4432.699727272717
2020-05-08 06:00:00,53.1,5,6,4,37861.52,36929.793,6794.200363636355,5862.473363636356
2020-05-08 07:00:00,53.1,5,7,4,39914.807,38516.65,7940.54690909091,6542.389909090911
2020-05-08 08:00:00,53.1,5,8,4,41227.805,39941.105,7654.232818181823,6367.532818181826
2020-05-08 09:00:00,51.1,5,9,4,41839.617,40484.036,6743.672818181825,5388.091818181827
2020-05-08 10:00:00,50.0,5,10,4,42038.129,40808.234,5797.579545454544,4567.68454545454
2020-05-08 11:00:00,50.0,5,11,4,42062.38,40551.324,4904.426545454538,3393.3705454545416
2020-05-08 12:00:00,48.9,5,12,4,41873.946,40228.705,4049.817272727276,2404.576272727274
2020-05-08 13:00:00,46.9,5,13,4,41587.402,39790.129,3361.2487272727303,1563.9757272727293
2020-05-08 14:00:00,46.0,5,14,4,40845.57,38900.994,2372.664727272728,428.0887272727268
2020-05-08 15:00:00,45.0,5,15,4,40086.208,38160.03,1322.7973636363604,0.0
2020-05-08 16:00:00,44.1,5,16,4,39362.94,37684.156,156.57809090909723,0.0
2020-05-08 17:00:00,45.0,5,17,4,39384.322,37556.062,0.0,0.0
2020-05-08 18:00:00,45.0,5,18,4,39198.132,37422.817,0.0,0.0
2020-05-08 19:00:00,44.1,5,19,4,39061.191,37212.089,0.0,0.0
2020-05-08 20:00:00,41.0,5,20,4,39630.938,37917.73,290.7755454545404,0.0
2020-05-08 21:00:00,37.9,5,21,4,40199.803,38072.487,911.6264545454468,0.0
2020-05-08 22:00:00,37.0,5,22,4,38814.512,36708.108,1166.7843636363614,0.0
2020-05-08 23:00:00,35.1,5,23,4,37265.039,35009.952,1705.3372727272726,0.0
2020-05-09 00:00:00,35.1,5,0,5,35973.356,33480.903,2641.838363636365,149.38536363636376
2020-05-09 01:00:00,34.0,5,1,5,35282.516,32338.309,3309.109727272724,364.9027272727217
2020-05-09 02:00:00,33.1,5,2,5,34880.468,31797.128,3801.205727272733,717.8657272727323
2020-05-09 03:00:00,33.1,5,3,5,35039.599,31539.463,4511.890545454542,1011.7545454545398
2020-05-09 04:00:00,32.0,5,4,5,35801.845,31703.273,5401.160636363638,1302.5886363636382
2020-05-09 05:00:00,30.9,5,5,5,37371.398,32140.64,6688.791727272721,1458.0337272727193
2020-05-09 06:00:00,30.0,5,6,5,39435.451,32786.756,8368.13136363636,1719.4363636363596
2020-05-09 07:00:00,30.0,5,7,5,41155.587,33217.778,9181.326909090909,1243.5179090909078
2020-05-09 08:00:00,33.1,5,8,5,41449.924,33960.583,7876.351818181822,387.0108181818214
2020-05-09 09:00:00,36.0,5,9,5,41341.752,34536.431,6245.807818181827,0.0
2020-05-09 10:00:00,37.9,5,10,5,40901.103,34850.943,4660.553545454546,0.0
2020-05-09 11:00:00,39.9,5,11,5,40747.934,34988.743,3589.980545454542,0.0
2020-05-09 12:00:00,43.0,5,12,5,40551.517,34950.91,2727.388272727272,0.0
2020-05-09 13:00:00,45.0,5,13,5,40246.613,34652.501,2020.459727272726,0.0
2020-05-09 14:00:00,45.0,5,14,5,39545.317,34634.728,1072.4117272727308,0.0
2020-05-09 15:00:00,48.0,5,15,5,38684.768,34821.74,0.0,0.0
2020-05-09 16:00:00,46.0,5,16,5,38356.368,35207.511,0.0,0.0
2020-05-09 17:00:00,48.0,5,17,5,38270.398,35677.713,0.0,0.0
2020-05-09 18:00:00,48.9,5,18,5,38089.1,35980.891,0.0,0.0
2020-05-09 19:00:00,48.9,5,19,5,37829.326,35891.832,0.0,0.0
2020-05-09 20:00:00,48.0,5,20,5,38455.515,36350.191,0.0,0.0
2020-05-09 21:00:00,46.0,5,21,5,38871.049,36614.993,0.0,0.0
2020-05-09 22:00:00,45.0,5,22,5,37289.869,35185.338,0.0,0.0
2020-05-09 23:00:00,43.0,5,23,5,35595.392,33500.507,35.69027272727544,0.0
2020-05-10 00:00:00,41.0,5,0,6,34047.168,31787.257,715.6503636363632,0.0
2020-05-10 01:00:00,41.0,5,1,6,33197.796,30511.769,1224.389727272723,0.0
2020-05-10 02:00:00,37.9,5,2,6,32715.038,29743.217,1635.7757272727322,0.0
2020-05-10 03:00:00,37.0,5,3,6,32655.245,29204.338,2127.536545454539,0.0
2020-05-10 04:00:00,37.9,5,4,6,33145.064,28949.572,2744.379636363636,0.0
2020-05-10 05:00:00,37.0,5,5,6,34470.76,28917.465,3788.153727272722,0.0
2020-05-10 06:00:00,37.9,5,6,6,36379.587,29223.916,5312.267363636358,0.0
2020-05-10 07:00:00,37.9,5,7,6,38314.743,29512.969,6340.482909090912,0.0
2020-05-10 08:00:00,42.1,5,8,6,39957.951,30856.23,6384.378818181824,0.0
2020-05-10 09:00:00,44.1,5,9,6,41033.507,32371.553,5937.562818181825,0.0
2020-05-10 10:00:00,48.9,5,10,6,41627.925,33362.133,5387.375545454546,0.0
2020-05-10 11:00:00,50.0,5,11,6,41986.086,34264.113,4828.132545454544,0.0
2020-05-10 12:00:00,55.0,5,12,6,42323.987,35018.851,4499.858272727273,0.0
2020-05-10 13:00:00,57.9,5,13,6,42173.389,35272.877,3947.2357272727313,0.0
2020-05-10 14:00:00,59.0,5,14,6,41615.69,35387.028,3142.7847272727304,0.0
2020-05-10 15:00:00,60.1,5,15,6,41011.598,35449.719,2248.18736363636,0.0
2020-05-10 16:00:00,62.1,5,16,6,40566.598,35825.617,1360.236090909093,0.0
2020-05-10 17:00:00,61.0,5,17,6,40529.812,36595.055,841.0042727272667,0.0
2020-05-10 18:00:00,43.0,5,18,6,40311.164,36846.966,547.404363636364,0.0
2020-05-10 19:00:00,52.0,5,19,6,40088.801,36686.164,630.959727272726,0.0
2020-05-10 20:00:00,48.9,5,20,6,40687.818,36849.854,1347.6555454545378,0.0
2020-05-10 21:00:00,48.0,5,21,6,41219.335,36678.349,1931.158454545446,0.0
2020-05-10 22:00:00,46.9,5,22,6,40207.535,34966.822,2559.8073636363624,0.0
2020-05-10 23:00:00,45.0,5,23,6,38634.999,33137.249,3075.297272727279,0.0
2020-05-11 00:00:00,45.0,5,0,0,37412.538,31598.188,4081.020363636366,0.0
2020-05-11 01:00:00,45.0,5,1,0,36688.196,30583.306,4714.789727272724,0.0
2020-05-11 02:00:00,45.0,5,2,0,36352.351,29981.79,5273.088727272734,0.0
2020-05-11 03:00:00,42.1,5,3,0,36312.295,29725.863,5784.586545454538,0.0
2020-05-11 04:00:00,39.9,5,4,0,36589.873,30151.722,6189.188636363637,0.0
2020-05-11 05:00:00,37.0,5,5,0,37402.839,31488.965,6720.23272727272,806.35872727272
2020-05-11 06:00:00,37.0,5,6,0,38067.064,33540.218,6999.744363636357,2472.898363636359
2020-05-11 07:00:00,37.9,5,7,0,38770.843,35755.487,6796.58290909091,3781.2269090909103
2020-05-11 08:00:00,37.0,5,8,0,39286.011,37652.956,5712.438818181821,4079.383818181821
2020-05-11 09:00:00,37.9,5,9,0,39802.398,38794.838,4706.453818181828,3698.8938181818303
2020-05-11 10:00:00,41.0,5,10,0,39918.331,39464.727,3677.7815454545416,3224.1775454545423
2020-05-11 11:00:00,41.0,5,11,0,39723.394,39847.412,2565.4405454545413,2689.4585454545377
2020-05-11 12:00:00,41.0,5,12,0,39277.424,39974.042,1453.2952727272714,2149.9132727272736
2020-05-11 13:00:00,43.0,5,13,0,38459.415,40070.541,233.26172727272933,1844.387727272726
2020-05-11 14:00:00,42.1,5,14,0,37601.656,39712.844,0.0,1239.9387272727254
2020-05-11 15:00:00,42.1,5,15,0,36856.042,39151.907,0.0,388.4963636363609
2020-05-11 16:00:00,43.0,5,16,0,36450.831,38877.728,0.0,0.0
2020-05-11 17:00:00,42.1,5,17,0,36540.623,38948.556,0.0,0.0
2020-05-11 18:00:00,44.1,5,18,0,36617.348,38929.426,0.0,0.0
2020-05-11 19:00:00,43.0,5,19,0,36703.195,38551.275,0.0,0.0
2020-05-11 20:00:00,43.0,5,20,0,37608.974,39094.989,0.0,0.0
2020-05-11 21:00:00,43.0,5,21,0,38537.787,39109.437,0.0,0.0
2020-05-11 22:00:00,43.0,5,22,0,37711.43,37344.456,63.70236363635922,0.0
2020-05-11 23:00:00,43.0,5,23,0,36561.722,35413.942,1002.0202727272772,0.0
2020-05-12 00:00:00,43.0,5,0,1,35422.86,33725.744,2091.342363636366,394.2263636363641
2020-05-12 01:00:00,43.0,5,1,1,34701.564,32628.127,2728.157727272719,654.720727272721
2020-05-12 02:00:00,39.0,5,2,1,34443.763,32138.186,3364.5007272727307,1058.9237272727332
2020-05-12 03:00:00,37.9,5,3,1,34359.816,31973.92,3832.107545454539,1446.2115454545385
2020-05-12 04:00:00,37.0,5,4,1,34538.665,32514.367,4137.980636363638,2113.6826363636355
2020-05-12 05:00:00,36.0,5,5,1,34925.402,33896.534,4242.795727272722,3213.9277272727195
2020-05-12 06:00:00,32.0,5,6,1,35259.209,36182.839,4191.889363636361,5115.519363636358
2020-05-12 07:00:00,32.0,5,7,1,35715.122,38342.84,3740.861909090912,6368.579909090906
2020-05-12 08:00:00,37.0,5,8,1,36230.442,40184.304,2656.8698181818254,6610.731818181819
2020-05-12 09:00:00,43.0,5,9,1,36669.466,41252.154,1573.5218181818273,6156.209818181829
2020-05-12 10:00:00,48.0,5,10,1,36706.008,41986.616,465.45854545454495,5746.066545454545
2020-05-12 11:00:00,50.0,5,11,1,36445.802,42213.16,0.0,5055.2065454545445
2020-05-12 12:00:00,51.1,5,12,1,36203.734,42147.063,0.0,4322.934272727274
2020-05-12 13:00:00,54.0,5,13,1,35507.714,41953.019,0.0,3726.8657272727287
2020-05-12 14:00:00,55.0,5,14,1,34970.288,41392.781,0.0,2919.8757272727307
2020-05-12 15:00:00,55.9,5,15,1,34767.478,40713.386,0.0,1949.9753636363605
2020-05-12 16:00:00,57.0,5,16,1,35000.489,40564.458,0.0,1358.0960909090936
2020-05-12 17:00:00,55.9,5,17,1,35380.298,40610.459,0.0,921.6512727272712
2020-05-12 18:00:00,55.9,5,18,1,35665.464,40490.792,0.0,727.0323636363682
2020-05-12 19:00:00,55.9,5,19,1,35992.511,40265.646,0.0,807.8047272727272
2020-05-12 20:00:00,55.0,5,20,1,36859.971,40603.738,0.0,1263.575545454536
2020-05-12 21:00:00,52.0,5,21,1,37237.668,40279.664,0.0,991.487454545444
2020-05-12 22:00:00,50.0,5,22,1,36196.125,38745.508,0.0,1097.7803636363606
2020-05-12 23:00:00,48.0,5,23,1,34879.605,36975.859,0.0,1416.1572727272724
2020-05-13 00:00:00,46.9,5,0,2,33736.319,35420.873,404.8013636363685,2089.355363636365
2020-05-13 01:00:00,41.0,5,1,2,33192.377,34584.137,1218.970727272721,2610.730727272723
2020-05-13 02:00:00,41.0,5,2,2,33075.672,33941.263,1996.4097272727304,2862.0007272727307
2020-05-13 03:00:00,39.9,5,3,2,33119.486,33825.916,2591.777545454537,3298.207545454537
2020-05-13 04:00:00,37.9,5,4,2,34060.969,34206.796,3660.2846363636345,3806.1116363636393
2020-05-13 05:00:00,37.0,5,5,2,35689.421,35594.261,5006.814727272722,4911.654727272718
2020-05-13 06:00:00,35.1,5,6,2,38331.99,37861.52,7264.670363636356,6794.200363636355
2020-05-13 07:00:00,36.0,5,7,2,40656.651,39914.807,8682.390909090907,7940.54690909091
2020-05-13 08:00:00,41.0,5,8,2,42574.164,41227.805,9000.59181818182,7654.232818181823
2020-05-13 09:00:00,48.9,5,9,2,43430.313,41839.617,8334.368818181829,6743.672818181825
2020-05-13 10:00:00,55.9,5,10,2,43973.198,42038.129,7732.64854545454,5797.579545454544
2020-05-13 11:00:00,59.0,5,11,2,44439.155,42062.38,7281.20154545454,4904.426545454538
2020-05-13 12:00:00,60.1,5,12,2,44464.46,41873.946,6640.331272727271,4049.817272727276
2020-05-13 13:00:00,61.0,5,13,2,44194.719,41587.402,5968.565727272726,3361.2487272727303
2020-05-13 14:00:00,62.1,5,14,2,43470.953,40845.57,4998.047727272729,2372.664727272728
2020-05-13 15:00:00,64.0,5,15,2,42766.908,40086.208,4003.4973636363648,1322.7973636363604
2020-05-13 16:00:00,66.0,5,16,2,42179.525,39362.94,2973.1630909090964,156.57809090909723
2020-05-13 17:00:00,66.0,5,17,2,42363.823,39384.322,2675.0152727272653,0.0
2020-05-13 18:00:00,66.0,5,18,2,42298.751,39198.132,2534.9913636363635,0.0
2020-05-13 19:00:00,66.0,5,19,2,42068.537,39061.191,2610.695727272723,0.0
2020-05-13 20:00:00,62.1,5,20,2,42320.037,39630.938,2979.874545454535,290.7755454545404
2020-05-13 21:00:00,61.0,5,21,2,42123.082,40199.803,2834.905454545449,911.6264545454468
2020-05-13 22:00:00,59.0,5,22,2,40551.077,38814.512,2903.3493636363564,1166.7843636363614
2020-05-13 23:00:00,57.0,5,23,2,38611.522,37265.039,3051.820272727273,1705.3372727272726
2020-05-14 00:00:00,55.9,5,0,3,37269.01,35973.356,3937.492363636368,2641.838363636365
2020-05-14 01:00:00,54.0,5,1,3,36537.251,35282.516,4563.844727272717,3309.109727272724
2020-05-14 02:00:00,54.0,5,2,3,36069.549,34880.468,4990.286727272731,3801.205727272733
2020-05-14 03:00:00,55.0,5,3,3,36002.466,35039.599,5474.75754545454,4511.890545454542
2020-05-14 04:00:00,55.0,5,4,3,36615.08,35801.845,6214.395636363639,5401.160636363638
2020-05-14 05:00:00,55.0,5,5,3,38315.498,37371.398,7632.891727272719,6688.791727272721
2020-05-14 06:00:00,55.0,5,6,3,40238.158,39435.451,9170.83836363636,8368.13136363636
2020-05-14 07:00:00,54.0,5,7,3,42073.367,41155.587,10099.106909090908,9181.326909090909
2020-05-14 08:00:00,54.0,5,8,3,42793.878,41449.924,9220.30581818182,7876.351818181822
2020-05-14 09:00:00,55.9,5,9,3,42706.226,41341.752,7610.281818181829,6245.807818181827
2020-05-14 10:00:00,57.9,5,10,3,42486.423,40901.103,6245.873545454546,4660.553545454546
2020-05-14 11:00:00,59.0,5,11,3,42154.568,40747.934,4996.61454545454,3589.980545454542
2020-05-14 12:00:00,64.0,5,12,3,41766.125,40551.517,3941.996272727272,2727.388272727272
2020-05-14 13:00:00,68.0,5,13,3,41199.658,40246.613,2973.5047272727315,2020.459727272726
2020-05-14 14:00:00,69.1,5,14,3,40465.277,39545.317,1992.37172727273,1072.4117272727308
2020-05-14 15:00:00,66.9,5,15,3,39550.434,38684.768,787.0233636363628,0.0
2020-05-14 16:00:00,69.1,5,16,3,39171.374,38356.368,0.0,0.0
2020-05-14 17:00:00,72.0,5,17,3,38901.508,38270.398,0.0,0.0
2020-05-14 18:00:00,75.0,5,18,3,38729.79,38089.1,0.0,0.0
2020-05-14 19:00:00,62.1,5,19,3,38626.082,37829.326,0.0,0.0
2020-05-14 20:00:00,63.0,5,20,3,39015.727,38455.515,0.0,0.0
2020-05-14 21:00:00,63.0,5,21,3,39743.564,38871.049,455.3874545454455,0.0
2020-05-14 22:00:00,63.0,5,22,3,38400.42,37289.869,752.6923636363572,0.0
2020-05-14 23:00:00,62.1,5,23,3,36776.737,35595.392,1217.0352727272766,35.69027272727544
2020-05-15 00:00:00,61.0,5,0,4,35474.967,34047.168,2143.4493636363622,715.6503636363632
2020-05-15 01:00:00,62.1,5,1,4,34761.678,33197.796,2788.2717272727205,1224.389727272723
2020-05-15 02:00:00,63.0,5,2,4,34520.714,32715.038,3441.451727272732,1635.7757272727322
2020-05-15 03:00:00,62.1,5,3,4,34615.247,32655.245,4087.538545454543,2127.536545454539
2020-05-15 04:00:00,62.1,5,4,4,35165.588,33145.064,4764.9036363636405,2744.379636363636
2020-05-15 05:00:00,63.0,5,5,4,36789.829,34470.76,6107.222727272718,3788.153727272722
2020-05-15 06:00:00,64.0,5,6,4,38842.899,36379.587,7775.579363636356,5312.267363636358
2020-05-15 07:00:00,64.0,5,7,4,40763.122,38314.743,8788.861909090912,6340.482909090912
2020-05-15 08:00:00,66.0,5,8,4,41410.021,39957.951,7836.448818181823,6384.378818181824
2020-05-15 09:00:00,68.0,5,9,4,41656.028,41033.507,6560.083818181825,5937.562818181825
2020-05-15 10:00:00,70.0,5,10,4,41537.562,41627.925,5297.012545454541,5387.375545454546
2020-05-15 11:00:00,72.0,5,11,4,41245.704,41986.086,4087.750545454539,4828.132545454544
2020-05-15 12:00:00,73.0,5,12,4,41000.953,42323.987,3176.8242727272736,4499.858272727273
2020-05-15 13:00:00,75.0,5,13,4,40550.317,42173.389,2324.163727272731,3947.2357272727313
2020-05-15 14:00:00,73.9,5,14,4,39905.9,41615.69,1432.9947272727295,3142.7847272727304
2020-05-15 15:00:00,73.9,5,15,4,39064.841,41011.598,301.430363636362,2248.18736363636
2020-05-15 16:00:00,73.0,5,16,4,38737.111,40566.598,0.0,1360.236090909093
2020-05-15 17:00:00,71.1,5,17,4,38787.591,40529.812,0.0,841.0042727272667
2020-05-15 18:00:00,71.1,5,18,4,38709.688,40311.164,0.0,547.404363636364
2020-05-15 19:00:00,72.0,5,19,4,38632.244,40088.801,0.0,630.959727272726
2020-05-15 20:00:00,64.9,5,20,4,39089.341,40687.818,0.0,1347.6555454545378
2020-05-15 21:00:00,64.0,5,21,4,39298.351,41219.335,10.174454545449407,1931.158454545446
2020-05-15 22:00:00,62.1,5,22,4,37518.555,40207.535,0.0,2559.8073636363624
2020-05-15 23:00:00,62.1,5,23,4,35735.572,38634.999,175.87027272727573,3075.297272727279
2020-05-16 00:00:00,59.0,5,0,5,34035.054,37412.538,703.5363636363618,4081.020363636366
2020-05-16 01:00:00,57.0,5,1,5,33160.811,36688.196,1187.404727272722,4714.789727272724
2020-05-16 02:00:00,57.0,5,2,5,32547.078,36352.351,1467.815727272733,5273.088727272734
2020-05-16 03:00:00,55.9,5,3,5,32290.163,36312.295,1762.4545454545405,5784.586545454538
2020-05-16 04:00:00,55.9,5,4,5,32729.534,36589.873,2328.849636363637,6189.188636363637
2020-05-16 05:00:00,55.0,5,5,5,34057.954,37402.839,3375.3477272727177,6720.23272727272
2020-05-16 06:00:00,55.0,5,6,5,35964.353,38067.064,4897.033363636361,6999.744363636357
2020-05-16 07:00:00,55.0,5,7,5,38141.401,38770.843,6167.140909090907,6796.58290909091
2020-05-16 08:00:00,59.0,5,8,5,39726.719,39286.011,6153.14681818182,5712.438818181821
2020-05-16 09:00:00,60.1,5,9,5,40594.921,39802.398,5498.976818181829,4706.453818181828
2020-05-16 10:00:00,60.1,5,10,5,41095.214,39918.331,4854.664545454543,3677.7815454545416
2020-05-16 11:00:00,63.0,5,11,5,41288.619,39723.394,4130.66554545454,2565.4405454545413
2020-05-16 12:00:00,66.9,5,12,5,41593.299,39277.424,3769.170272727272,1453.2952727272714
2020-05-16 13:00:00,71.1,5,13,5,41701.007,38459.415,3474.8537272727262,233.26172727272933
2020-05-16 14:00:00,73.0,5,14,5,41542.533,37601.656,3069.627727272731,0.0
2020-05-16 15:00:00,75.9,5,15,5,41110.904,36856.042,2347.493363636364,0.0
2020-05-16 16:00:00,77.0,5,16,5,40764.499,36450.831,1558.1370909090983,0.0
2020-05-16 17:00:00,75.0,5,17,5,40838.053,36540.623,1149.2452727272685,0.0
2020-05-16 18:00:00,73.0,5,18,5,40727.39,36617.348,963.6303636363664,0.0
2020-05-16 19:00:00,73.0,5,19,5,40257.384,36703.195,799.5427272727247,0.0
2020-05-16 20:00:00,72.0,5,20,5,40344.422,37608.974,1004.2595454545371,0.0
2020-05-16 21:00:00,70.0,5,21,5,40348.292,38537.787,1060.1154545454483,0.0
2020-05-16 22:00:00,66.9,5,22,5,38505.431,37711.43,857.7033636363558,63.70236363635922
2020-05-16 23:00:00,66.0,5,23,5,36391.438,36561.722,831.7362727272775,1002.0202727272772
2020-05-17 00:00:00,66.0,5,0,6,34462.016,35422.86,1130.4983636363686,2091.342363636366
2020-05-17 01:00:00,64.9,5,1,6,33194.877,34701.564,1221.470727272721,2728.157727272719
2020-05-17 02:00:00,66.0,5,2,6,32346.242,34443.763,1266.97972727273,3364.5007272727307
2020-05-17 03:00:00,64.9,5,3,6,31854.887,34359.816,1327.1785454545388,3832.107545454539
2020-05-17 04:00:00,64.0,5,4,6,31978.467,34538.665,1577.7826363636375,4137.980636363638
2020-05-17 05:00:00,64.0,5,5,6,32949.04,34925.402,2266.4337272727207,4242.795727272722
2020-05-17 06:00:00,63.0,5,6,6,34511.553,35259.209,3444.2333636363583,4191.889363636361
2020-05-17 07:00:00,62.1,5,7,6,36663.023,35715.122,4688.76290909091,3740.861909090912
2020-05-17 08:00:00,64.9,5,8,6,38386.985,36230.442,4813.412818181823,2656.8698181818254
2020-05-17 09:00:00,68.0,5,9,6,39683.651,36669.466,4587.706818181825,1573.5218181818273
2020-05-17 10:00:00,70.0,5,10,6,40803.904,36706.008,4563.354545454546,465.45854545454495
2020-05-17 11:00:00,73.0,5,11,6,41690.613,36445.802,4532.659545454539,0.0
2020-05-17 12:00:00,75.0,5,12,6,42123.711,36203.734,4299.582272727275,0.0
2020-05-17 13:00:00,77.0,5,13,6,42382.919,35507.714,4156.76572727273,0.0
2020-05-17 14:00:00,78.1,5,14,6,42237.181,34970.288,3764.275727272725,0.0
2020-05-17 15:00:00,79.0,5,15,6,42071.037,34767.478,3307.6263636363583,0.0
2020-05-17 16:00:00,81.0,5,16,6,41793.833,35000.489,2587.4710909090936,0.0
2020-05-17 17:00:00,81.0,5,17,6,41844.02,35380.298,2155.2122727272654,0.0
2020-05-17 18:00:00,81.0,5,18,6,41388.233,35665.464,1624.4733636363671,0.0
2020-05-17 19:00:00,80.1,5,19,6,40625.265,35992.511,1167.423727272726,0.0
2020-05-17 20:00:00,77.0,5,20,6,40068.029,36859.971,727.8665454545408,0.0
2020-05-17 21:00:00,75.9,5,21,6,39916.167,37237.668,627.9904545454483,0.0
2020-05-17 22:00:00,75.9,5,22,6,38095.711,36196.125,447.9833636363619,0.0
2020-05-17 23:00:00,73.9,5,23,6,35571.478,34879.605,11.77627272727841,0.0
2020-05-18 00:00:00,71.1,5,0,0,33508.591,33736.319,177.07336363636568,404.8013636363685
2020-05-18 01:00:00,72.0,5,1,0,32072.824,33192.377,99.4177272727211,1218.970727272721
2020-05-18 02:00:00,73.0,5,2,0,31075.57,33075.672,0.0,1996.4097272727304
2020-05-18 03:00:00,71.1,5,3,0,30466.627,33119.486,0.0,2591.777545454537
2020-05-18 04:00:00,72.0,5,4,0,30230.554,34060.969,0.0,3660.2846363636345
2020-05-18 05:00:00,72.0,5,5,0,30473.823,35689.421,0.0,5006.814727272722
2020-05-18 06:00:00,70.0,5,6,0,30631.928,38331.99,0.0,7264.670363636356
2020-05-18 07:00:00,68.0,5,7,0,31447.559,40656.651,0.0,8682.390909090907
2020-05-18 08:00:00,66.9,5,8,0,33027.535,42574.164,0.0,9000.59181818182
2020-05-18 09:00:00,68.0,5,9,0,34541.543,43430.313,0.0,8334.368818181829
2020-05-18 10:00:00,64.9,5,10,0,35869.924,43973.198,0.0,7732.64854545454
2020-05-18 11:00:00,66.0,5,11,0,36759.034,44439.155,0.0,7281.20154545454
2020-05-18 12:00:00,66.9,5,12,0,37381.604,44464.46,0.0,6640.331272727271
2020-05-18 13:00:00,70.0,5,13,0,37788.651,44194.719,0.0,5968.565727272726
2020-05-18 14:00:00,73.0,5,14,0,38085.718,43470.953,0.0,4998.047727272729
2020-05-18 15:00:00,73.9,5,15,0,38431.225,42766.908,0.0,4003.4973636363648
2020-05-18 16:00:00,72.0,5,16,0,38798.325,42179.525,0.0,2973.1630909090964
2020-05-18 17:00:00,71.1,5,17,0,39085.291,42363.823,0.0,2675.0152727272653
2020-05-18 18:00:00,68.0,5,18,0,38838.535,42298.751,0.0,2534.9913636363635
2020-05-18 19:00:00,64.0,5,19,0,38340.721,42068.537,0.0,2610.695727272723
2020-05-18 20:00:00,66.0,5,20,0,38098.973,42320.037,0.0,2979.874545454535
2020-05-18 21:00:00,62.1,5,21,0,38232.538,42123.082,0.0,2834.905454545449
2020-05-18 22:00:00,63.0,5,22,0,36689.766,40551.077,0.0,2903.3493636363564
2020-05-18 23:00:00,63.0,5,23,0,34637.981,38611.522,0.0,3051.820272727273
2020-05-19 00:00:00,64.0,5,0,1,32930.17,37269.01,0.0,3937.492363636368
2020-05-19 01:00:00,62.1,5,1,1,31565.205,36537.251,0.0,4563.844727272717
2020-05-19 02:00:00,61.0,5,2,1,30466.333,36069.549,0.0,4990.286727272731
2020-05-19 03:00:00,61.0,5,3,1,29836.561,36002.466,0.0,5474.75754545454
2020-05-19 04:00:00,61.0,5,4,1,29576.396,36615.08,0.0,6214.395636363639
2020-05-19 05:00:00,61.0,5,5,1,29637.618,38315.498,0.0,7632.891727272719
2020-05-19 06:00:00,62.1,5,6,1,29745.395,40238.158,0.0,9170.83836363636
2020-05-19 07:00:00,61.0,5,7,1,30550.579,42073.367,0.0,10099.106909090908
2020-05-19 08:00:00,61.0,5,8,1,32139.164,42793.878,0.0,9220.30581818182
2020-05-19 09:00:00,60.1,5,9,1,33798.775,42706.226,0.0,7610.281818181829
2020-05-19 10:00:00,60.1,5,10,1,35391.326,42486.423,0.0,6245.873545454546
2020-05-19 11:00:00,59.0,5,11,1,36801.858,42154.568,0.0,4996.61454545454
2020-05-19 12:00:00,59.0,5,12,1,37927.488,41766.125,103.35927272726984,3941.996272727272
2020-05-19 13:00:00,59.0,5,13,1,38686.962,41199.658,460.808727272728,2973.5047272727315
2020-05-19 14:00:00,57.9,5,14,1,39221.437,40465.277,748.5317272727261,1992.37172727273
2020-05-19 15:00:00,55.9,5,15,1,39653.012,39550.434,889.6013636363641,787.0233636363628
2020-05-19 16:00:00,55.9,5,16,1,40027.49,39171.374,821.1280909090929,0.0
2020-05-19 17:00:00,55.9,5,17,1,40679.713,38901.508,990.905272727272,0.0
2020-05-19 18:00:00,55.9,5,18,1,40615.814,38729.79,852.0543636363655,0.0
2020-05-19 19:00:00,55.0,5,19,1,40443.888,38626.082,986.0467272727255,0.0
2020-05-19 20:00:00,53.1,5,20,1,40401.297,39015.727,1061.1345454545371,0.0
2020-05-19 21:00:00,53.1,5,21,1,40080.168,39743.564,791.9914545454449,455.3874545454455
2020-05-19 22:00:00,53.1,5,22,1,38391.918,38400.42,744.1903636363568,752.6923636363572
2020-05-19 23:00:00,53.1,5,23,1,36090.692,36776.737,530.9902727272784,1217.0352727272766
2020-05-20 00:00:00,51.1,5,0,2,34284.913,35474.967,953.3953636363658,2143.4493636363622
2020-05-20 01:00:00,51.1,5,1,2,33056.753,34761.678,1083.3467272727175,2788.2717272727205
2020-05-20 02:00:00,50.0,5,2,2,32146.106,34520.714,1066.8437272727317,3441.451727272732
2020-05-20 03:00:00,48.9,5,3,2,31739.605,34615.247,1211.8965454545396,4087.538545454543
2020-05-20 04:00:00,46.9,5,4,2,31943.648,35165.588,1542.9636363636382,4764.9036363636405
2020-05-20 05:00:00,48.0,5,5,2,33120.602,36789.829,2437.995727272719,6107.222727272718
2020-05-20 06:00:00,46.9,5,6,2,34904.356,38842.899,3837.036363636358,7775.579363636356
2020-05-20 07:00:00,46.9,5,7,2,37299.355,40763.122,5325.094909090913,8788.861909090912
2020-05-20 08:00:00,46.9,5,8,2,39546.501,41410.021,5972.928818181819,7836.448818181823
2020-05-20 09:00:00,48.0,5,9,2,41188.332,41656.028,6092.387818181829,6560.083818181825
2020-05-20 10:00:00,50.0,5,10,2,42412.697,41537.562,6172.147545454543,5297.012545454541
2020-05-20 11:00:00,50.0,5,11,2,43270.431,41245.704,6112.477545454538,4087.750545454539
2020-05-20 12:00:00,50.0,5,12,2,44038.712,41000.953,6214.583272727272,3176.8242727272736
2020-05-20 13:00:00,50.0,5,13,2,44305.532,40550.317,6079.378727272728,2324.163727272731
2020-05-20 14:00:00,51.1,5,14,2,44069.504,39905.9,5596.598727272729,1432.9947272727295
2020-05-20 15:00:00,52.0,5,15,2,43708.313,39064.841,4944.902363636364,301.430363636362
2020-05-20 16:00:00,51.1,5,16,2,43108.389,38737.111,3902.0270909090978,0.0
2020-05-20 17:00:00,51.1,5,17,2,43031.511,38787.591,3342.703272727267,0.0
2020-05-20 18:00:00,51.1,5,18,2,42514.316,38709.688,2750.556363636366,0.0
2020-05-20 19:00:00,52.0,5,19,2,41652.422,38632.244,2194.580727272725,0.0
2020-05-20 20:00:00,53.1,5,20,2,41517.255,39089.341,2177.092545454536,0.0
2020-05-20 21:00:00,53.1,5,21,2,41018.775,39298.351,1730.5984545454485,10.174454545449407
2020-05-20 22:00:00,54.0,5,22,2,39009.479,37518.555,1361.7513636363583,0.0
2020-05-20 23:00:00,55.0,5,23,2,36808.06,35735.572,1248.3582727272733,175.87027272727573
2020-05-21 00:00:00,55.9,5,0,3,34819.645,34035.054,1488.127363636362,703.5363636363618
2020-05-21 01:00:00,55.9,5,1,3,33541.0,33160.811,1567.5937272727206,1187.404727272722
2020-05-21 02:00:00,53.1,5,2,3,32861.395,32547.078,1782.1327272727283,1467.815727272733
2020-05-21 03:00:00,53.1,5,3,3,32347.049,32290.163,1819.340545454539,1762.4545454545405
2020-05-21 04:00:00,53.1,5,4,3,32447.285,32729.534,2046.600636363637,2328.849636363637
2020-05-21 05:00:00,52.0,5,5,3,33590.756,34057.954,2908.149727272721,3375.3477272727177
2020-05-21 06:00:00,52.0,5,6,3,35462.69,35964.353,4395.370363636361,4897.033363636361
2020-05-21 07:00:00,52.0,5,7,3,37576.78,38141.401,5602.519909090908,6167.140909090907
2020-05-21 08:00:00,52.0,5,8,3,39399.002,39726.719,5825.429818181823,6153.14681818182
2020-05-21 09:00:00,53.1,5,9,3,40541.979,40594.921,5446.034818181826,5498.976818181829
2020-05-21 10:00:00,54.0,5,10,3,41347.991,41095.214,5107.441545454545,4854.664545454543
2020-05-21 11:00:00,55.9,5,11,3,41816.743,41288.619,4658.789545454543,4130.66554545454
2020-05-21 12:00:00,55.9,5,12,3,42112.752,41593.299,4288.623272727273,3769.170272727272
2020-05-21 13:00:00,57.9,5,13,3,42216.153,41701.007,3989.999727272727,3474.8537272727262
2020-05-21 14:00:00,57.9,5,14,3,41801.576,41542.533,3328.670727272729,3069.627727272731
2020-05-21 15:00:00,60.1,5,15,3,41136.315,41110.904,2372.904363636364,2347.493363636364
2020-05-21 16:00:00,61.0,5,16,3,40945.65,40764.499,1739.2880909090964,1558.1370909090983
2020-05-21 17:00:00,61.0,5,17,3,40903.976,40838.053,1215.168272727271,1149.2452727272685
2020-05-21 18:00:00,61.0,5,18,3,40586.535,40727.39,822.7753636363705,963.6303636363664
2020-05-21 19:00:00,61.0,5,19,3,40134.433,40257.384,676.5917272727238,799.5427272727247
2020-05-21 20:00:00,60.1,5,20,3,40222.143,40344.422,881.9805454545349,1004.2595454545371
2020-05-21 21:00:00,60.1,5,21,3,39878.374,40348.292,590.1974545454505,1060.1154545454483
2020-05-21 22:00:00,59.0,5,22,3,37908.145,38505.431,260.41736363635573,857.7033636363558
2020-05-21 23:00:00,59.0,5,23,3,35918.811,36391.438,359.1092727272772,831.7362727272775
2020-05-22 00:00:00,59.0,5,0,4,34285.47,34462.016,953.9523636363664,1130.4983636363686
2020-05-22 01:00:00,59.0,5,1,4,32907.667,33194.877,934.260727272722,1221.470727272721
2020-05-22 02:00:00,59.0,5,2,4,32247.902,32346.242,1168.63972727273,1266.97972727273
2020-05-22 03:00:00,59.0,5,3,4,31781.6,31854.887,1253.8915454545386,1327.1785454545388
2020-05-22 04:00:00,59.0,5,4,4,32237.179,31978.467,1836.4946363636373,1577.7826363636375
2020-05-22 05:00:00,59.0,5,5,4,33642.861,32949.04,2960.254727272717,2266.4337272727207
2020-05-22 06:00:00,57.9,5,6,4,35630.202,34511.553,4562.882363636356,3444.2333636363583
2020-05-22 07:00:00,57.9,5,7,4,37887.612,36663.023,5913.35190909091,4688.76290909091
2020-05-22 08:00:00,57.9,5,8,4,39725.119,38386.985,6151.546818181821,4813.412818181823
2020-05-22 09:00:00,60.1,5,9,4,40667.682,39683.651,5571.737818181828,4587.706818181825
2020-05-22 10:00:00,62.1,5,10,4,41385.0,40803.904,5144.450545454543,4563.354545454546
2020-05-22 11:00:00,62.1,5,11,4,41738.848,41690.613,4580.894545454539,4532.659545454539
2020-05-22 12:00:00,64.0,5,12,4,41904.125,42123.711,4079.996272727272,4299.582272727275
2020-05-22 13:00:00,66.0,5,13,4,41632.943,42382.919,3406.789727272728,4156.76572727273
2020-05-22 14:00:00,70.0,5,14,4,41243.328,42237.181,2770.4227272727294,3764.275727272725
2020-05-22 15:00:00,70.0,5,15,4,40609.666,42071.037,1846.255363636359,3307.6263636363583
2020-05-22 16:00:00,69.1,5,16,4,40150.939,41793.833,944.5770909090934,2587.4710909090936
2020-05-22 17:00:00,72.0,5,17,4,40244.835,41844.02,556.0272727272677,2155.2122727272654
2020-05-22 18:00:00,70.0,5,18,4,40080.863,41388.233,317.1033636363645,1624.4733636363671
2020-05-22 19:00:00,72.0,5,19,4,39557.853,40625.265,100.01172727272932,1167.423727272726
2020-05-22 20:00:00,69.1,5,20,4,39743.033,40068.029,402.8705454545416,727.8665454545408
2020-05-22 21:00:00,68.0,5,21,4,39987.891,39916.167,699.7144545454503,627.9904545454483
2020-05-22 22:00:00,64.0,5,22,4,38475.367,38095.711,827.6393636363573,447.9833636363619
2020-05-22 23:00:00,62.1,5,23,4,36368.424,35571.478,808.7222727272747,11.77627272727841
2020-05-23 00:00:00,61.0,5,0,5,34662.226,33508.591,1330.7083636363675,177.07336363636568
2020-05-23 01:00:00,60.1,5,1,5,33457.148,32072.824,1483.7417272727216,99.4177272727211
2020-05-23 02:00:00,59.0,5,2,5,32678.588,31075.57,1599.3257272727317,0.0
2020-05-23 03:00:00,57.0,5,3,5,32268.766,30466.627,1741.0575454545396,0.0
2020-05-23 04:00:00,55.9,5,4,5,32599.179,30230.554,2198.4946363636373,0.0
2020-05-23 05:00:00,55.9,5,5,5,33803.607,30473.823,3121.0007272727235,0.0
2020-05-23 06:00:00,54.0,5,6,5,35587.557,30631.928,4520.237363636359,0.0
2020-05-23 07:00:00,55.0,5,7,5,37780.031,31447.559,5805.770909090912,0.0
2020-05-23 08:00:00,61.0,5,8,5,39309.661,33027.535,5736.088818181823,0.0
2020-05-23 09:00:00,64.9,5,9,5,40263.04,34541.543,5167.095818181828,0.0
2020-05-23 10:00:00,69.1,5,10,5,40880.635,35869.924,4640.085545454545,0.0
2020-05-23 11:00:00,71.1,5,11,5,41332.109,36759.034,4174.155545454538,0.0
2020-05-23 12:00:00,73.0,5,12,5,41628.88,37381.604,3804.7512727272697,0.0
2020-05-23 13:00:00,75.0,5,13,5,41748.66,37788.651,3522.506727272732,0.0
2020-05-23 14:00:00,77.0,5,14,5,41342.181,38085.718,2869.275727272725,0.0
2020-05-23 15:00:00,79.0,5,15,5,40867.028,38431.225,2103.61736363636,0.0
2020-05-23 16:00:00,80.1,5,16,5,40446.887,38798.325,1240.5250909090971,0.0
2020-05-23 17:00:00,79.0,5,17,5,40461.646,39085.291,772.8382727272692,0.0
2020-05-23 18:00:00,80.1,5,18,5,40075.038,38838.535,311.27836363636743,0.0
2020-05-23 19:00:00,78.1,5,19,5,39735.981,38340.721,278.1397272727263,0.0
2020-05-23 20:00:00,77.0,5,20,5,39784.738,38098.973,444.575545454536,0.0
2020-05-23 21:00:00,75.9,5,21,5,39937.843,38232.538,649.6664545454478,0.0
2020-05-23 22:00:00,73.9,5,22,5,38119.483,36689.766,471.7553636363591,0.0
2020-05-23 23:00:00,73.0,5,23,5,35881.321,34637.981,321.6192727272792,0.0
2020-05-24 00:00:00,72.0,5,0,6,34035.876,32930.17,704.3583636363619,0.0
2020-05-24 01:00:00,72.0,5,1,6,32837.409,31565.205,864.0027272727202,0.0
2020-05-24 02:00:00,70.0,5,2,6,32102.067,30466.333,1022.8047272727308,0.0
2020-05-24 03:00:00,68.0,5,3,6,31799.724,29836.561,1272.0155454545384,0.0
2020-05-24 04:00:00,68.0,5,4,6,31902.745,29576.396,1502.060636363636,0.0
2020-05-24 05:00:00,66.9,5,5,6,32953.927,29637.618,2271.320727272723,0.0
2020-05-24 06:00:00,64.9,5,6,6,34570.554,29745.395,3503.234363636355,0.0
2020-05-24 07:00:00,64.0,5,7,6,36512.566,30550.579,4538.305909090908,0.0
2020-05-24 08:00:00,70.0,5,8,6,38232.906,32139.164,4659.333818181825,0.0
2020-05-24 09:00:00,73.0,5,9,6,39392.163,33798.775,4296.218818181827,0.0
2020-05-24 10:00:00,75.0,5,10,6,40175.086,35391.326,3934.5365454545454,0.0
2020-05-24 11:00:00,77.0,5,11,6,40827.069,36801.858,3669.115545454544,0.0
2020-05-24 12:00:00,80.1,5,12,6,41138.164,37927.488,3314.0352727272693,103.35927272726984
2020-05-24 13:00:00,82.0,5,13,6,41135.919,38686.962,2909.76572727273,460.808727272728
2020-05-24 14:00:00,82.9,5,14,6,41062.953,39221.437,2590.0477272727294,748.5317272727261
2020-05-24 15:00:00,84.9,5,15,6,40668.805,39653.012,1905.394363636362,889.6013636363641
2020-05-24 16:00:00,84.9,5,16,6,40444.984,40027.49,1238.6220909090916,821.1280909090929
2020-05-24 17:00:00,84.9,5,17,6,40373.207,40679.713,684.3992727272707,990.905272727272
2020-05-24 18:00:00,84.9,5,18,6,40032.837,40615.814,269.0773636363665,852.0543636363655
2020-05-24 19:00:00,84.0,5,19,6,39344.295,40443.888,0.0,986.0467272727255
2020-05-24 20:00:00,82.9,5,20,6,39056.724,40401.297,0.0,1061.1345454545371
2020-05-24 21:00:00,82.0,5,21,6,39208.735,40080.168,0.0,791.9914545454449
2020-05-24 22:00:00,79.0,5,22,6,37516.82,38391.918,0.0,744.1903636363568
2020-05-24 23:00:00,73.0,5,23,6,35292.045,36090.692,0.0,530.9902727272784
2020-05-25 00:00:00,75.0,5,0,0,33239.936,34284.913,0.0,953.3953636363658
2020-05-25 01:00:00,72.0,5,1,0,31777.358,33056.753,0.0,1083.3467272727175
2020-05-25 02:00:00,72.0,5,2,0,30802.463,32146.106,0.0,1066.8437272727317
2020-05-25 03:00:00,70.0,5,3,0,30146.173,31739.605,0.0,1211.8965454545396
2020-05-25 04:00:00,70.0,5,4,0,29983.161,31943.648,0.0,1542.9636363636382
2020-05-25 05:00:00,69.1,5,5,0,30150.487,33120.602,0.0,2437.995727272719
2020-05-25 06:00:00,66.9,5,6,0,30316.84,34904.356,0.0,3837.036363636358
2020-05-25 07:00:00,68.0,5,7,0,31215.53,37299.355,0.0,5325.094909090913
2020-05-25 08:00:00,71.1,5,8,0,32784.992,39546.501,0.0,5972.928818181819
2020-05-25 09:00:00,73.9,5,9,0,34517.874,41188.332,0.0,6092.387818181829
2020-05-25 10:00:00,77.0,5,10,0,35949.9,42412.697,0.0,6172.147545454543
2020-05-25 11:00:00,80.1,5,11,0,37324.133,43270.431,166.17954545454268,6112.477545454538
2020-05-25 12:00:00,82.0,5,12,0,38281.694,44038.712,457.5652727272754,6214.583272727272
2020-05-25 13:00:00,84.9,5,13,0,39150.489,44305.532,924.33572727273,6079.378727272728
2020-05-25 14:00:00,84.0,5,14,0,39746.643,44069.504,1273.7377272727244,5596.598727272729
2020-05-25 15:00:00,86.0,5,15,0,40443.651,43708.313,1680.2403636363597,4944.902363636364
2020-05-25 16:00:00,86.0,5,16,0,41076.9,43108.389,1870.5380909090964,3902.0270909090978
2020-05-25 17:00:00,86.0,5,17,0,41475.487,43031.511,1786.6792727272696,3342.703272727267
2020-05-25 18:00:00,84.9,5,18,0,41374.2,42514.316,1610.440363636364,2750.556363636366
2020-05-25 19:00:00,81.0,5,19,0,40533.74,41652.422,1075.8987272727245,2194.580727272725
2020-05-25 20:00:00,78.1,5,20,0,40009.392,41517.255,669.2295454545383,2177.092545454536
2020-05-25 21:00:00,75.9,5,21,0,39919.377,41018.775,631.2004545454474,1730.5984545454485
2020-05-25 22:00:00,75.0,5,22,0,38385.595,39009.479,737.8673636363601,1361.7513636363583
2020-05-25 23:00:00,73.0,5,23,0,36121.204,36808.06,561.5022727272735,1248.3582727272733
2020-05-26 00:00:00,72.0,5,0,1,34016.815,34819.645,685.2973636363677,1488.127363636362
2020-05-26 01:00:00,70.0,5,1,1,32355.371,33541.0,381.96472727271976,1567.5937272727206
2020-05-26 02:00:00,68.0,5,2,1,31179.165,32861.395,99.9027272727326,1782.1327272727283
2020-05-26 03:00:00,69.1,5,3,1,30407.727,32347.049,0.0,1819.340545454539
2020-05-26 04:00:00,69.1,5,4,1,29994.506,32447.285,0.0,2046.600636363637
2020-05-26 05:00:00,66.9,5,5,1,30008.938,33590.756,0.0,2908.149727272721
2020-05-26 06:00:00,66.9,5,6,1,29836.364,35462.69,0.0,4395.370363636361
2020-05-26 07:00:00,68.0,5,7,1,30743.877,37576.78,0.0,5602.519909090908
2020-05-26 08:00:00,71.1,5,8,1,32921.68,39399.002,0.0,5825.429818181823
2020-05-26 09:00:00,73.9,5,9,1,35526.011,40541.979,430.0668181818255,5446.034818181826
2020-05-26 10:00:00,77.0,5,10,1,37980.274,41347.991,1739.724545454541,5107.441545454545
2020-05-26 11:00:00,79.0,5,11,1,40449.528,41816.743,3291.5745454545395,4658.789545454543
2020-05-26 12:00:00,82.0,5,12,1,42591.976,42112.752,4767.847272727275,4288.623272727273
2020-05-26 13:00:00,84.9,5,13,1,44301.654,42216.153,6075.500727272731,3989.999727272727
2020-05-26 14:00:00,86.0,5,14,1,45775.392,41801.576,7302.486727272728,3328.670727272729
2020-05-26 15:00:00,88.0,5,15,1,47023.38,41136.315,8259.969363636359,2372.904363636364
2020-05-26 16:00:00,87.1,5,16,1,47978.618,40945.65,8772.256090909097,1739.2880909090964
2020-05-26 17:00:00,88.0,5,17,1,48538.887,40903.976,8850.079272727271,1215.168272727271
2020-05-26 18:00:00,88.0,5,18,1,48519.958,40586.535,8756.198363636366,822.7753636363705
2020-05-26 19:00:00,86.0,5,19,1,47599.502,40134.433,8141.660727272727,676.5917272727238
2020-05-26 20:00:00,84.9,5,20,1,46328.481,40222.143,6988.318545454538,881.9805454545349
2020-05-26 21:00:00,82.0,5,21,1,45744.74,39878.374,6456.563454545445,590.1974545454505
2020-05-26 22:00:00,80.1,5,22,1,43772.31,37908.145,6124.582363636357,260.41736363635573
2020-05-26 23:00:00,78.1,5,23,1,40934.821,35918.811,5375.119272727279,359.1092727272772
2020-05-27 00:00:00,75.9,5,0,2,38138.832,34285.47,4807.314363636368,953.9523636363664
2020-05-27 01:00:00,73.9,5,1,2,35840.425,32907.667,3867.018727272724,934.260727272722
2020-05-27 02:00:00,73.0,5,2,2,34148.998,32247.902,3069.735727272732,1168.63972727273
2020-05-27 03:00:00,73.0,5,3,2,33039.43,31781.6,2511.7215454545403,1253.8915454545386
2020-05-27 04:00:00,72.0,5,4,2,32389.364,32237.179,1988.6796363636383,1836.4946363636373
2020-05-27 05:00:00,72.0,5,5,2,32263.034,33642.861,1580.4277272727195,2960.254727272717
2020-05-27 06:00:00,71.1,5,6,2,32008.706,35630.202,941.3863636363568,4562.882363636356
2020-05-27 07:00:00,71.1,5,7,2,33043.506,37887.612,1069.2459090909106,5913.35190909091
2020-05-27 08:00:00,71.1,5,8,2,35545.293,39725.119,1971.7208181818205,6151.546818181821
2020-05-27 09:00:00,72.0,5,9,2,38846.532,40667.682,3750.587818181826,5571.737818181828
2020-05-27 10:00:00,73.9,5,10,2,42203.226,41385.0,5962.676545454546,5144.450545454543
2020-05-27 11:00:00,77.0,5,11,2,45430.008,41738.848,8272.054545454543,4580.894545454539
2020-05-27 12:00:00,79.0,5,12,2,48035.978,41904.125,10211.849272727275,4079.996272727272
2020-05-27 13:00:00,81.0,5,13,2,49749.16,41632.943,11523.006727272732,3406.789727272728
2020-05-27 14:00:00,82.0,5,14,2,50838.63,41243.328,12365.724727272724,2770.4227272727294
2020-05-27 15:00:00,82.9,5,15,2,51566.281,40609.666,12802.870363636364,1846.255363636359
2020-05-27 16:00:00,82.9,5,16,2,52170.818,40150.939,12964.456090909094,944.5770909090934
2020-05-27 17:00:00,82.9,5,17,2,52109.221,40244.835,12420.413272727266,556.0272727272677
2020-05-27 18:00:00,84.0,5,18,2,51191.278,40080.863,11427.518363636364,317.1033636363645
2020-05-27 19:00:00,82.0,5,19,2,49776.944,39557.853,10319.10272727273,100.01172727272932
2020-05-27 20:00:00,81.0,5,20,2,48423.588,39743.033,9083.425545454542,402.8705454545416
2020-05-27 21:00:00,80.1,5,21,2,47673.164,39987.891,8384.987454545444,699.7144545454503
2020-05-27 22:00:00,79.0,5,22,2,45456.601,38475.367,7808.873363636361,827.6393636363573
2020-05-27 23:00:00,77.0,5,23,2,42225.41,36368.424,6665.708272727279,808.7222727272747
2020-05-28 00:00:00,75.9,5,0,3,39287.999,34662.226,5956.481363636369,1330.7083636363675
2020-05-28 01:00:00,75.0,5,1,3,37203.268,33457.148,5229.861727272717,1483.7417272727216
2020-05-28 02:00:00,72.0,5,2,3,35584.301,32678.588,4505.038727272731,1599.3257272727317
2020-05-28 03:00:00,70.0,5,3,3,34642.167,32268.766,4114.458545454541,1741.0575454545396
2020-05-28 04:00:00,66.9,5,4,3,34457.288,32599.179,4056.6036363636376,2198.4946363636373
2020-05-28 05:00:00,66.0,5,5,3,35366.69,33803.607,4684.083727272722,3121.0007272727235
2020-05-28 06:00:00,66.0,5,6,3,37088.792,35587.557,6021.47236363636,4520.237363636359
2020-05-28 07:00:00,66.0,5,7,3,40439.375,37780.031,8465.11490909091,5805.770909090912
2020-05-28 08:00:00,66.0,5,8,3,44152.466,39309.661,10578.893818181825,5736.088818181823
2020-05-28 09:00:00,66.0,5,9,3,47779.271,40263.04,12683.326818181828,5167.095818181828
2020-05-28 10:00:00,66.9,5,10,3,51063.188,40880.635,14822.638545454543,4640.085545454545
2020-05-28 11:00:00,66.9,5,11,3,54133.398,41332.109,16975.444545454542,4174.155545454538
2020-05-28 12:00:00,71.1,5,12,3,56857.723,41628.88,19033.59427272727,3804.7512727272697
2020-05-28 13:00:00,75.0,5,13,3,59073.006,41748.66,20846.85272727273,3522.506727272732
2020-05-28 14:00:00,78.1,5,14,3,60651.952,41342.181,22179.04672727273,2869.275727272725
2020-05-28 15:00:00,82.0,5,15,3,61642.758,40867.028,22879.347363636363,2103.61736363636
2020-05-28 16:00:00,82.0,5,16,3,61907.594,40446.887,22701.23209090909,1240.5250909090971
2020-05-28 17:00:00,82.0,5,17,3,61914.495,40461.646,22225.68727272727,772.8382727272692
2020-05-28 18:00:00,82.0,5,18,3,61306.989,40075.038,21543.22936363637,311.27836363636743
2020-05-28 19:00:00,81.0,5,19,3,59391.433,39735.981,19933.591727272724,278.1397272727263
2020-05-28 20:00:00,80.1,5,20,3,56757.413,39784.738,17417.25054545454,444.575545454536
2020-05-28 21:00:00,79.0,5,21,3,55100.379,39937.843,15812.202454545448,649.6664545454478
2020-05-28 22:00:00,78.1,5,22,3,51567.677,38119.483,13919.949363636362,471.7553636363591
2020-05-28 23:00:00,77.0,5,23,3,47286.578,35881.321,11726.876272727275,321.6192727272792
2020-05-29 00:00:00,75.0,5,0,4,43651.02,34035.876,10319.502363636362,704.3583636363619
2020-05-29 01:00:00,73.9,5,1,4,40867.137,32837.409,8893.730727272723,864.0027272727202
2020-05-29 02:00:00,73.0,5,2,4,39054.371,32102.067,7975.108727272731,1022.8047272727308
2020-05-29 03:00:00,72.0,5,3,4,37849.406,31799.724,7321.697545454543,1272.0155454545384
2020-05-29 04:00:00,71.1,5,4,4,37420.621,31902.745,7019.936636363636,1502.060636363636
2020-05-29 05:00:00,70.0,5,5,4,38291.654,32953.927,7609.047727272722,2271.320727272723
2020-05-29 06:00:00,68.0,5,6,4,39804.434,34570.554,8737.11436363636,3503.234363636355
2020-05-29 07:00:00,69.1,5,7,4,42456.347,36512.566,10482.086909090913,4538.305909090908
2020-05-29 08:00:00,69.1,5,8,4,45310.118,38232.906,11736.545818181825,4659.333818181825
2020-05-29 09:00:00,70.0,5,9,4,48080.572,39392.163,12984.627818181829,4296.218818181827
2020-05-29 10:00:00,71.1,5,10,4,50655.175,40175.086,14414.625545454546,3934.5365454545454
2020-05-29 11:00:00,73.0,5,11,4,53238.506,40827.069,16080.552545454542,3669.115545454544
2020-05-29 12:00:00,75.0,5,12,4,55682.167,41138.164,17858.038272727274,3314.0352727272693
2020-05-29 13:00:00,79.0,5,13,4,57583.258,41135.919,19357.10472727273,2909.76572727273
2020-05-29 14:00:00,77.0,5,14,4,58782.734,41062.953,20309.828727272725,2590.0477272727294
2020-05-29 15:00:00,73.9,5,15,4,59029.146,40668.805,20265.73536363636,1905.394363636362
2020-05-29 16:00:00,73.0,5,16,4,58770.271,40444.984,19563.909090909096,1238.6220909090916
2020-05-29 17:00:00,69.1,5,17,4,57788.04,40373.207,18099.23227272727,684.3992727272707
2020-05-29 18:00:00,66.9,5,18,4,56526.14,40032.837,16762.380363636366,269.0773636363665
2020-05-29 19:00:00,68.0,5,19,4,54669.325,39344.295,15211.483727272724,0.0
2020-05-29 20:00:00,66.9,5,20,4,53022.98,39056.724,13682.817545454542,0.0
2020-05-29 21:00:00,66.0,5,21,4,51942.495,39208.735,12654.31845454545,0.0
2020-05-29 22:00:00,63.0,5,22,4,48975.535,37516.82,11327.807363636362,0.0
2020-05-29 23:00:00,62.1,5,23,4,45475.435,35292.045,9915.733272727271,0.0
2020-05-30 00:00:00,59.0,5,0,5,42385.647,33239.936,9054.129363636364,0.0
2020-05-30 01:00:00,57.0,5,1,5,39947.761,31777.358,7974.354727272719,0.0
2020-05-30 02:00:00,57.0,5,2,5,38536.784,30802.463,7457.521727272731,0.0
2020-05-30 03:00:00,59.0,5,3,5,37507.053,30146.173,6979.34454545454,0.0
2020-05-30 04:00:00,60.1,5,4,5,37144.059,29983.161,6743.374636363638,0.0
2020-05-30 05:00:00,60.1,5,5,5,37977.556,30150.487,7294.949727272717,0.0
2020-05-30 06:00:00,60.1,5,6,5,39745.274,30316.84,8677.954363636356,0.0
2020-05-30 07:00:00,61.0,5,7,5,42252.519,31215.53,10278.25890909091,0.0
2020-05-30 08:00:00,61.0,5,8,5,44474.314,32784.992,10900.74181818182,0.0
2020-05-30 09:00:00,63.0,5,9,5,46314.366,34517.874,11218.421818181829,0.0
2020-05-30 10:00:00,64.9,5,10,5,48162.494,35949.9,11921.944545454542,0.0
2020-05-30 11:00:00,68.0,5,11,5,49756.271,37324.133,12598.317545454542,166.17954545454268
2020-05-30 12:00:00,69.1,5,12,5,51403.694,38281.694,13579.565272727275,457.5652727272754
2020-05-30 13:00:00,70.0,5,13,5,53012.204,39150.489,14786.050727272726,924.33572727273
2020-05-30 14:00:00,68.0,5,14,5,54198.929,39746.643,15726.023727272724,1273.7377272727244
2020-05-30 15:00:00,69.1,5,15,5,55258.839,40443.651,16495.42836363636,1680.2403636363597
2020-05-30 16:00:00,71.1,5,16,5,55985.054,41076.9,16778.69209090909,1870.5380909090964
2020-05-30 17:00:00,72.0,5,17,5,56282.005,41475.487,16593.197272727266,1786.6792727272696
2020-05-30 18:00:00,72.0,5,18,5,55460.318,41374.2,15696.558363636366,1610.440363636364
2020-05-30 19:00:00,69.1,5,19,5,53859.237,40533.74,14401.395727272728,1075.8987272727245
2020-05-30 20:00:00,68.0,5,20,5,51595.532,40009.392,12255.369545454538,669.2295454545383
2020-05-30 21:00:00,64.9,5,21,5,50324.885,39919.377,11036.708454545447,631.2004545454474
2020-05-30 22:00:00,63.0,5,22,5,47458.063,38385.595,9810.33536363636,737.8673636363601
2020-05-30 23:00:00,61.0,5,23,5,43855.991,36121.204,8296.289272727277,561.5022727272735
2020-05-31 00:00:00,57.9,5,0,6,40711.244,34016.815,7379.726363636364,685.2973636363677
2020-05-31 01:00:00,57.9,5,1,6,38517.87,32355.371,6544.463727272723,381.96472727271976
2020-05-31 02:00:00,57.9,5,2,6,36858.988,31179.165,5779.725727272729,99.9027272727326
2020-05-31 03:00:00,55.9,5,3,6,35884.483,30407.727,5356.77454545454,0.0
2020-05-31 04:00:00,55.0,5,4,6,35560.304,29994.506,5159.619636363634,0.0
2020-05-31 05:00:00,53.1,5,5,6,36282.245,30008.938,5599.6387272727225,0.0
2020-05-31 06:00:00,52.0,5,6,6,37676.722,29836.364,6609.40236363636,0.0
2020-05-31 07:00:00,53.1,5,7,6,40298.101,30743.877,8323.840909090912,0.0
2020-05-31 08:00:00,55.0,5,8,6,42912.724,32921.68,9339.151818181825,0.0
2020-05-31 09:00:00,57.9,5,9,6,44984.845,35526.011,9888.900818181828,430.0668181818255
2020-05-31 10:00:00,62.1,5,10,6,47132.779,37980.274,10892.229545454546,1739.724545454541
2020-05-31 11:00:00,62.1,5,11,6,48929.168,40449.528,11771.21454545454,3291.5745454545395
2020-05-31 12:00:00,63.0,5,12,6,50149.301,42591.976,12325.172272727272,4767.847272727275
2020-05-31 13:00:00,64.9,5,13,6,50918.862,44301.654,12692.70872727273,6075.500727272731
2020-05-31 14:00:00,66.0,5,14,6,50409.44,45775.392,11936.53472727273,7302.486727272728
2020-05-31 15:00:00,66.9,5,15,6,49805.637,47023.38,11042.226363636364,8259.969363636359
2020-05-31 16:00:00,66.9,5,16,6,48925.788,47978.618,9719.426090909095,8772.256090909097
2020-05-31 17:00:00,66.9,5,17,6,48259.755,48538.887,8570.947272727266,8850.079272727271
2020-05-31 18:00:00,66.0,5,18,6,46780.816,48519.958,7017.056363636366,8756.198363636366
2020-05-31 19:00:00,64.9,5,19,6,44953.199,47599.502,5495.357727272727,8141.660727272727
2020-05-31 20:00:00,61.0,5,20,6,43398.968,46328.481,4058.8055454545392,6988.318545454538
2020-05-31 21:00:00,57.9,5,21,6,42631.407,45744.74,3343.2304545454463,6456.563454545445
2020-05-31 22:00:00,55.9,5,22,6,40579.22,43772.31,2931.49236363636,6124.582363636357
2020-05-31 23:00:00,53.1,5,23,6,37720.595,40934.821,2160.893272727277,5375.119272727279
2020-06-01 00:00:00,50.0,6,0,0,35172.351,38138.832,1840.833363636368,4807.314363636368
2020-06-01 01:00:00,48.9,6,1,0,33442.847,35840.425,1469.440727272722,3867.018727272724
2020-06-01 02:00:00,48.9,6,2,0,32224.687,34148.998,1145.4247272727334,3069.735727272732
2020-06-01 03:00:00,48.0,6,3,0,31373.619,33039.43,845.9105454545388,2511.7215454545403
2020-06-01 04:00:00,46.9,6,4,0,31137.863,32389.364,737.1786363636384,1988.6796363636383
2020-06-01 05:00:00,45.0,6,5,0,31232.926,32263.034,550.3197272727193,1580.4277272727195
2020-06-01 06:00:00,43.0,6,6,0,31257.914,32008.706,190.59436363635905,941.3863636363568
2020-06-01 07:00:00,44.1,6,7,0,32318.945,33043.506,344.68490909090906,1069.2459090909106
2020-06-01 08:00:00,50.0,6,8,0,34185.637,35545.293,612.0648181818251,1971.7208181818205
2020-06-01 09:00:00,54.0,6,9,0,36005.702,38846.532,909.7578181818244,3750.587818181826
2020-06-01 10:00:00,57.9,6,10,0,37608.846,42203.226,1368.296545454541,5962.676545454546
2020-06-01 11:00:00,62.1,6,11,0,38632.439,45430.008,1474.4855454545395,8272.054545454543
2020-06-01 12:00:00,64.9,6,12,0,39330.814,48035.978,1506.6852727272708,10211.849272727275
2020-06-01 13:00:00,68.0,6,13,0,39806.075,49749.16,1579.9217272727255,11523.006727272732
2020-06-01 14:00:00,69.1,6,14,0,40026.823,50838.63,1553.9177272727247,12365.724727272724
2020-06-01 15:00:00,71.1,6,15,0,40218.145,51566.281,1454.7343636363585,12802.870363636364
2020-06-01 16:00:00,73.0,6,16,0,40757.914,52170.818,1551.552090909092,12964.456090909094
2020-06-01 17:00:00,73.0,6,17,0,41122.875,52109.221,1434.0672727272686,12420.413272727266
2020-06-01 18:00:00,72.0,6,18,0,40884.403,51191.278,1120.6433636363654,11427.518363636364
2020-06-01 19:00:00,71.1,6,19,0,40002.241,49776.944,544.3997272727283,10319.10272727273
2020-06-01 20:00:00,71.1,6,20,0,38652.381,48423.588,0.0,9083.425545454542
2020-06-01 21:00:00,70.0,6,21,0,38310.827,47673.164,0.0,8384.987454545444
2020-06-01 22:00:00,68.0,6,22,0,36763.541,45456.601,0.0,7808.873363636361
2020-06-01 23:00:00,66.9,6,23,0,34647.903,42225.41,0.0,6665.708272727279
2020-06-02 00:00:00,66.0,6,0,1,32614.41,39287.999,0.0,5956.481363636369
2020-06-02 01:00:00,66.0,6,1,1,31128.851,37203.268,0.0,5229.861727272717
2020-06-02 02:00:00,64.9,6,2,1,30054.125,35584.301,0.0,4505.038727272731
2020-06-02 03:00:00,63.0,6,3,1,29431.982,34642.167,0.0,4114.458545454541
2020-06-02 04:00:00,63.0,6,4,1,29196.387,34457.288,0.0,4056.6036363636376
2020-06-02 05:00:00,63.0,6,5,1,29242.219,35366.69,0.0,4684.083727272722
2020-06-02 06:00:00,62.1,6,6,1,29010.273,37088.792,0.0,6021.47236363636
2020-06-02 07:00:00,62.1,6,7,1,29906.689,40439.375,0.0,8465.11490909091
2020-06-02 08:00:00,64.9,6,8,1,31372.429,44152.466,0.0,10578.893818181825
2020-06-02 09:00:00,69.1,6,9,1,32901.921,47779.271,0.0,12683.326818181828
2020-06-02 10:00:00,73.9,6,10,1,33887.953,51063.188,0.0,14822.638545454543
2020-06-02 11:00:00,79.0,6,11,1,34848.26,54133.398,0.0,16975.444545454542
2020-06-02 12:00:00,82.0,6,12,1,35555.562,56857.723,0.0,19033.59427272727
2020-06-02 13:00:00,82.9,6,13,1,35951.443,59073.006,0.0,20846.85272727273
2020-06-02 14:00:00,86.0,6,14,1,36167.596,60651.952,0.0,22179.04672727273
2020-06-02 15:00:00,87.1,6,15,1,36597.728,61642.758,0.0,22879.347363636363
2020-06-02 16:00:00,88.0,6,16,1,37404.114,61907.594,0.0,22701.23209090909
2020-06-02 17:00:00,88.0,6,17,1,38223.244,61914.495,0.0,22225.68727272727
2020-06-02 18:00:00,88.0,6,18,1,38508.101,61306.989,0.0,21543.22936363637
2020-06-02 19:00:00,87.1,6,19,1,38117.079,59391.433,0.0,19933.591727272724
2020-06-02 20:00:00,86.0,6,20,1,37399.792,56757.413,0.0,17417.25054545454
2020-06-02 21:00:00,82.9,6,21,1,37558.412,55100.379,0.0,15812.202454545448
2020-06-02 22:00:00,81.0,6,22,1,36206.032,51567.677,0.0,13919.949363636362
2020-06-02 23:00:00,79.0,6,23,1,34222.763,47286.578,0.0,11726.876272727275
2020-06-03 00:00:00,78.1,6,0,2,32553.609,43651.02,0.0,10319.502363636362
2020-06-03 01:00:00,77.0,6,1,2,31376.369,40867.137,0.0,8893.730727272723
2020-06-03 02:00:00,75.9,6,2,2,30781.422,39054.371,0.0,7975.108727272731
2020-06-03 03:00:00,75.0,6,3,2,30585.52,37849.406,0.0,7321.697545454543
2020-06-03 04:00:00,75.0,6,4,2,31032.685,37420.621,0.0,7019.936636363636
2020-06-03 05:00:00,73.0,6,5,2,32435.398,38291.654,0.0,7609.047727272722
2020-06-03 06:00:00,72.0,6,6,2,34242.877,39804.434,0.0,8737.11436363636
2020-06-03 07:00:00,71.1,6,7,2,36804.739,42456.347,138.4164285714287,10482.086909090913
2020-06-03 08:00:00,72.0,6,8,2,38739.565,45310.118,12.928047619054269,11736.545818181825
2020-06-03 09:00:00,73.9,6,9,2,40165.089,48080.572,0.0,12984.627818181829
2020-06-03 10:00:00,78.1,6,10,2,41129.413,50655.175,0.0,14414.625545454546
2020-06-03 11:00:00,81.0,6,11,2,41813.157,53238.506,0.0,16080.552545454542
2020-06-03 12:00:00,82.9,6,12,2,42292.982,55682.167,0.0,17858.038272727274
2020-06-03 13:00:00,87.1,6,13,2,42786.841,57583.258,0.0,19357.10472727273
2020-06-03 14:00:00,88.0,6,14,2,42831.379,58782.734,0.0,20309.828727272725
2020-06-03 15:00:00,88.0,6,15,2,42879.13,59029.146,0.0,20265.73536363636
2020-06-03 16:00:00,89.1,6,16,2,43167.538,58770.271,0.0,19563.909090909096
2020-06-03 17:00:00,89.1,6,17,2,43643.815,57788.04,0.0,18099.23227272727
2020-06-03 18:00:00,88.0,6,18,2,43608.832,56526.14,0.0,16762.380363636366
2020-06-03 19:00:00,84.9,6,19,2,42810.358,54669.325,0.0,15211.483727272724
2020-06-03 20:00:00,84.9,6,20,2,42211.044,53022.98,0.0,13682.817545454542
2020-06-03 21:00:00,80.1,6,21,2,42022.337,51942.495,0.0,12654.31845454545
2020-06-03 22:00:00,81.0,6,22,2,40296.456,48975.535,0.0,11327.807363636362
2020-06-03 23:00:00,78.1,6,23,2,37815.534,45475.435,0.0,9915.733272727271
2020-06-04 00:00:00,72.0,6,0,3,35637.256,42385.647,0.0,9054.129363636364
2020-06-04 01:00:00,72.0,6,1,3,34152.826,39947.761,0.0,7974.354727272719
2020-06-04 02:00:00,70.0,6,2,3,33063.909,38536.784,0.0,7457.521727272731
2020-06-04 03:00:00,70.0,6,3,3,32690.348,37507.053,0.0,6979.34454545454
2020-06-04 04:00:00,70.0,6,4,3,32911.746,37144.059,0.0,6743.374636363638
2020-06-04 05:00:00,70.0,6,5,3,34132.171,37977.556,242.5389047619028,7294.949727272717
2020-06-04 06:00:00,70.0,6,6,3,35894.308,39745.274,1101.821904761906,8677.954363636356
2020-06-04 07:00:00,69.1,6,7,3,38437.017,42252.519,1770.6944285714271,10278.25890909091
2020-06-04 08:00:00,71.1,6,8,3,40922.644,44474.314,2196.007047619052,10900.74181818182
2020-06-04 09:00:00,72.0,6,9,3,43042.373,46314.366,2439.4125238095294,11218.421818181829
2020-06-04 10:00:00,75.0,6,10,3,45212.687,48162.494,3038.7159047619207,11921.944545454542
2020-06-04 11:00:00,79.0,6,11,3,47366.067,49756.271,3909.926190476195,12598.317545454542
2020-06-04 12:00:00,82.0,6,12,3,49532.722,51403.694,4965.148333333338,13579.565272727275
2020-06-04 13:00:00,81.0,6,13,3,51884.315,53012.204,6396.1848095238165,14786.050727272726
2020-06-04 14:00:00,77.0,6,14,3,54000.863,54198.929,7826.632523809516,15726.023727272724
2020-06-04 15:00:00,70.0,6,15,3,55956.877,55258.839,9215.865333333337,16495.42836363636
2020-06-04 16:00:00,73.0,6,16,3,57982.458,55985.054,10664.171047619056,16778.69209090909
2020-06-04 17:00:00,69.1,6,17,3,59680.473,56282.005,12006.427952380944,16593.197272727266
2020-06-04 18:00:00,71.1,6,18,3,60112.966,55460.318,12807.792095238088,15696.558363636366
2020-06-04 19:00:00,73.9,6,19,3,59316.04,53859.237,13037.397047619052,14401.395727272728
2020-06-04 20:00:00,73.0,6,20,3,57394.917,51595.532,12225.076285714284,12255.369545454538
2020-06-04 21:00:00,72.0,6,21,3,55972.411,50324.885,11322.718476190472,11036.708454545447
2020-06-04 22:00:00,71.1,6,22,3,52998.879,47458.063,10348.14176190475,9810.33536363636
2020-06-04 23:00:00,70.0,6,23,3,48905.618,43855.991,9137.297666666673,8296.289272727277
2020-06-05 00:00:00,70.0,6,0,4,45247.9,40711.244,8325.916857142853,7379.726363636364
2020-06-05 01:00:00,70.0,6,1,4,42338.205,38517.87,7213.315190476191,6544.463727272723
2020-06-05 02:00:00,69.1,6,2,4,40090.691,36858.988,6307.785666666663,5779.725727272729
2020-06-05 03:00:00,68.0,6,3,4,38454.114,35884.483,5177.913714285707,5356.77454545454
2020-06-05 04:00:00,68.0,6,4,4,38028.334,35560.304,4828.934095238095,5159.619636363634
2020-06-05 05:00:00,68.0,6,5,4,38775.944,36282.245,4886.311904761904,5599.6387272727225
2020-06-05 06:00:00,68.0,6,6,4,40172.146,37676.722,5379.659904761909,6609.40236363636
2020-06-05 07:00:00,69.1,6,7,4,42723.684,40298.101,6057.361428571428,8323.840909090912
2020-06-05 08:00:00,70.0,6,8,4,45528.185,42912.724,6801.54804761905,9339.151818181825
2020-06-05 09:00:00,70.0,6,9,4,48399.725,44984.845,7796.764523809528,9888.900818181828
2020-06-05 10:00:00,72.0,6,10,4,51198.012,47132.779,9024.040904761923,10892.229545454546
2020-06-05 11:00:00,75.0,6,11,4,53466.314,48929.168,10010.173190476193,11771.21454545454
2020-06-05 12:00:00,79.0,6,12,4,55711.21,50149.301,11143.636333333336,12325.172272727272
2020-06-05 13:00:00,82.9,6,13,4,57494.128,50918.862,12005.997809523811,12692.70872727273
2020-06-05 14:00:00,84.9,6,14,4,58874.517,50409.44,12700.286523809518,11936.53472727273
2020-06-05 15:00:00,82.9,6,15,4,59482.203,49805.637,12741.191333333336,11042.226363636364
2020-06-05 16:00:00,84.0,6,16,4,60363.768,48925.788,13045.481047619054,9719.426090909095
2020-06-05 17:00:00,84.9,6,17,4,60714.688,48259.755,13040.64295238095,8570.947272727266
2020-06-05 18:00:00,84.0,6,18,4,60092.997,46780.816,12787.82309523809,7017.056363636366
2020-06-05 19:00:00,84.9,6,19,4,58147.599,44953.199,11868.956047619053,5495.357727272727
2020-06-05 20:00:00,82.9,6,20,4,55651.463,43398.968,10481.622285714286,4058.8055454545392
2020-06-05 21:00:00,81.0,6,21,4,53784.041,42631.407,9134.34847619047,3343.2304545454463
2020-06-05 22:00:00,80.1,6,22,4,50577.986,40579.22,7927.248761904746,2931.49236363636
2020-06-05 23:00:00,78.1,6,23,4,46352.345,37720.595,6584.024666666672,2160.893272727277
2020-06-06 00:00:00,75.9,6,0,5,42994.277,35172.351,6072.293857142853,1840.833363636368
2020-06-06 01:00:00,75.0,6,1,5,40364.502,33442.847,5239.612190476189,1469.440727272722
2020-06-06 02:00:00,72.0,6,2,5,38749.231,32224.687,4966.325666666664,1145.4247272727334
2020-06-06 03:00:00,70.0,6,3,5,37647.294,31373.619,4371.093714285707,845.9105454545388
2020-06-06 04:00:00,69.1,6,4,5,37355.654,31137.863,4156.254095238095,737.1786363636384
2020-06-06 05:00:00,70.0,6,5,5,38214.337,31232.926,4324.7049047619,550.3197272727193
2020-06-06 06:00:00,69.1,6,6,5,40008.686,31257.914,5216.19990476191,190.59436363635905
2020-06-06 07:00:00,68.0,6,7,5,42781.283,32318.945,6114.96042857143,344.68490909090906
2020-06-06 08:00:00,73.9,6,8,5,45678.456,34185.637,6951.81904761905,612.0648181818251
2020-06-06 09:00:00,75.9,6,9,5,48806.039,36005.702,8203.078523809527,909.7578181818244
2020-06-06 10:00:00,79.0,6,10,5,52178.443,37608.846,10004.471904761922,1368.296545454541
2020-06-06 11:00:00,82.0,6,11,5,55260.673,38632.439,11804.532190476197,1474.4855454545395
2020-06-06 12:00:00,84.0,6,12,5,57822.867,39330.814,13255.293333333337,1506.6852727272708
2020-06-06 13:00:00,82.9,6,13,5,59741.905,39806.075,14253.774809523811,1579.9217272727255
2020-06-06 14:00:00,86.0,6,14,5,59866.112,40026.823,13691.88152380952,1553.9177272727247
2020-06-06 15:00:00,86.0,6,15,5,59547.06,40218.145,12806.048333333332,1454.7343636363585
2020-06-06 16:00:00,87.1,6,16,5,59540.266,40757.914,12221.97904761906,1551.552090909092
2020-06-06 17:00:00,87.1,6,17,5,59261.54,41122.875,11587.494952380948,1434.0672727272686
2020-06-06 18:00:00,86.0,6,18,5,58112.719,40884.403,10807.545095238083,1120.6433636363654
2020-06-06 19:00:00,84.9,6,19,5,56139.997,40002.241,9861.354047619054,544.3997272727283
2020-06-06 20:00:00,84.0,6,20,5,54118.666,38652.381,8948.82528571428,0.0
2020-06-06 21:00:00,81.0,6,21,5,52222.415,38310.827,7572.722476190473,0.0
2020-06-06 22:00:00,75.9,6,22,5,49476.544,36763.541,6825.806761904751,0.0
2020-06-06 23:00:00,72.0,6,23,5,45811.848,34647.903,6043.527666666669,0.0
2020-06-07 00:00:00,70.0,6,0,6,42589.943,32614.41,5667.9598571428505,0.0
2020-06-07 01:00:00,68.0,6,1,6,40213.709,31128.851,5088.819190476192,0.0
2020-06-07 02:00:00,66.9,6,2,6,38486.182,30054.125,4703.276666666665,0.0
2020-06-07 03:00:00,64.9,6,3,6,37492.668,29431.982,4216.467714285704,0.0
2020-06-07 04:00:00,62.1,6,4,6,37355.81,29196.387,4156.41009523809,0.0
2020-06-07 05:00:00,60.1,6,5,6,38104.773,29242.219,4215.140904761902,0.0
2020-06-07 06:00:00,59.0,6,6,6,39744.088,29010.273,4951.601904761912,0.0
2020-06-07 07:00:00,59.0,6,7,6,42484.501,29906.689,5818.178428571424,0.0
2020-06-07 08:00:00,63.0,6,8,6,45534.617,31372.429,6807.98004761905,0.0
2020-06-07 09:00:00,66.0,6,9,6,48448.018,32901.921,7845.057523809526,0.0
2020-06-07 10:00:00,70.0,6,10,6,51434.806,33887.953,9260.83490476192,0.0
2020-06-07 11:00:00,73.0,6,11,6,54396.698,34848.26,10940.55719047619,0.0
2020-06-07 12:00:00,75.0,6,12,6,56777.761,35555.562,12210.187333333335,0.0
2020-06-07 13:00:00,75.9,6,13,6,58831.605,35951.443,13343.474809523816,0.0
2020-06-07 14:00:00,78.1,6,14,6,60081.762,36167.596,13907.53152380952,0.0
2020-06-07 15:00:00,79.0,6,15,6,61096.786,36597.728,14355.774333333336,0.0
2020-06-07 16:00:00,79.0,6,16,6,61547.703,37404.114,14229.41604761906,0.0
2020-06-07 17:00:00,80.1,6,17,6,61542.972,38223.244,13868.926952380947,0.0
2020-06-07 18:00:00,78.1,6,18,6,60618.015,38508.101,13312.841095238087,0.0
2020-06-07 19:00:00,78.1,6,19,6,58934.314,38117.079,12655.67104761905,0.0
2020-06-07 20:00:00,75.9,6,20,6,56446.686,37399.792,11276.845285714284,0.0
2020-06-07 21:00:00,72.0,6,21,6,54535.891,37558.412,9886.198476190477,0.0
2020-06-07 22:00:00,69.1,6,22,6,51498.567,36206.032,8847.829761904752,0.0
2020-06-07 23:00:00,66.0,6,23,6,47298.245,34222.763,7529.924666666673,0.0
2020-06-08 00:00:00,64.0,6,0,0,43588.255,32553.609,6666.271857142849,0.0
2020-06-08 01:00:00,64.0,6,1,0,40766.706,31376.369,5641.816190476187,0.0
2020-06-08 02:00:00,63.0,6,2,0,38654.978,30781.422,4872.072666666667,0.0
2020-06-08 03:00:00,62.1,6,3,0,37171.509,30585.52,3895.308714285704,0.0
2020-06-08 04:00:00,61.0,6,4,0,36372.604,31032.685,3173.204095238092,0.0
2020-06-08 05:00:00,60.1,6,5,0,36149.676,32435.398,2260.0439047619,0.0
2020-06-08 06:00:00,60.1,6,6,0,35876.644,34242.877,1084.1579047619089,0.0
2020-06-08 07:00:00,61.0,6,7,0,37632.009,36804.739,965.6864285714256,138.4164285714287
2020-06-08 08:00:00,64.0,6,8,0,40774.914,38739.565,2048.277047619049,12.928047619054269
2020-06-08 09:00:00,66.9,6,9,0,44101.388,40165.089,3498.427523809529,0.0
2020-06-08 10:00:00,71.1,6,10,0,47247.836,41129.413,5073.864904761926,0.0
2020-06-08 11:00:00,73.9,6,11,0,49713.019,41813.157,6256.878190476193,0.0
2020-06-08 12:00:00,78.1,6,12,0,51681.4,42292.982,7113.826333333338,0.0
2020-06-08 13:00:00,81.0,6,13,0,52942.222,42786.841,7454.091809523816,0.0
2020-06-08 14:00:00,82.9,6,14,0,53761.94,42831.379,7587.709523809521,0.0
2020-06-08 15:00:00,84.0,6,15,0,54733.565,42879.13,7992.553333333337,0.0
2020-06-08 16:00:00,84.9,6,16,0,55353.927,43167.538,8035.640047619061,0.0
2020-06-08 17:00:00,86.0,6,17,0,55642.188,43643.815,7968.142952380949,0.0
2020-06-08 18:00:00,84.0,6,18,0,54799.407,43608.832,7494.233095238087,0.0
2020-06-08 19:00:00,84.0,6,19,0,52490.461,42810.358,6211.818047619054,0.0
2020-06-08 20:00:00,80.1,6,20,0,49324.354,42211.044,4154.513285714282,0.0
2020-06-08 21:00:00,75.9,6,21,0,47303.612,42022.337,2653.919476190473,0.0
2020-06-08 22:00:00,73.0,6,22,0,44649.66,40296.456,1998.9227619047524,0.0
2020-06-08 23:00:00,70.0,6,23,0,41128.187,37815.534,1359.8666666666686,0.0
2020-06-09 00:00:00,68.0,6,0,1,38067.344,35637.256,1145.3608571428483,0.0
2020-06-09 01:00:00,66.9,6,1,1,35667.086,34152.826,542.196190476192,0.0
2020-06-09 02:00:00,66.0,6,2,1,33959.709,33063.909,176.8036666666667,0.0
2020-06-09 03:00:00,68.0,6,3,1,32769.234,32690.348,0.0,0.0
2020-06-09 04:00:00,63.0,6,4,1,31964.035,32911.746,0.0,0.0
2020-06-09 05:00:00,64.9,6,5,1,31661.323,34132.171,0.0,242.5389047619028
2020-06-09 06:00:00,64.9,6,6,1,31280.011,35894.308,0.0,1101.821904761906
2020-06-09 07:00:00,69.1,6,7,1,32404.368,38437.017,0.0,1770.6944285714271
2020-06-09 08:00:00,70.0,6,8,1,34493.616,40922.644,0.0,2196.007047619052
2020-06-09 09:00:00,72.0,6,9,1,36932.461,43042.373,0.0,2439.4125238095294
2020-06-09 10:00:00,77.0,6,10,1,39241.872,45212.687,0.0,3038.7159047619207
2020-06-09 11:00:00,82.0,6,11,1,41229.707,47366.067,0.0,3909.926190476195
2020-06-09 12:00:00,86.0,6,12,1,43093.781,49532.722,0.0,4965.148333333338
2020-06-09 13:00:00,88.0,6,13,1,44479.03,51884.315,0.0,6396.1848095238165
2020-06-09 14:00:00,90.0,6,14,1,45964.927,54000.863,0.0,7826.632523809516
2020-06-09 15:00:00,91.9,6,15,1,47471.791,55956.877,730.779333333332,9215.865333333337
2020-06-09 16:00:00,91.9,6,16,1,49076.875,57982.458,1758.5880476190578,10664.171047619056
2020-06-09 17:00:00,91.9,6,17,1,50350.219,59680.473,2676.1739523809447,12006.427952380944
2020-06-09 18:00:00,88.0,6,18,1,50522.333,60112.966,3217.1590952380866,12807.792095238088
2020-06-09 19:00:00,87.1,6,19,1,49485.157,59316.04,3206.51404761905,13037.397047619052
2020-06-09 20:00:00,87.1,6,20,1,47327.581,57394.917,2157.7402857142806,12225.076285714284
2020-06-09 21:00:00,86.0,6,21,1,45773.792,55972.411,1124.099476190473,11322.718476190472
2020-06-09 22:00:00,84.0,6,22,1,43425.024,52998.879,774.2867619047465,10348.14176190475
2020-06-09 23:00:00,82.9,6,23,1,40143.663,48905.618,375.342666666671,9137.297666666673
2020-06-10 00:00:00,82.0,6,0,2,37278.487,45247.9,356.5038571428522,8325.916857142853
2020-06-10 01:00:00,82.0,6,1,2,35413.625,42338.205,288.735190476189,7213.315190476191
2020-06-10 02:00:00,80.1,6,2,2,34035.104,40090.691,252.19866666666348,6307.785666666663
2020-06-10 03:00:00,79.0,6,3,2,33365.128,38454.114,88.92771428570268,5177.913714285707
2020-06-10 04:00:00,77.0,6,4,2,33472.383,38028.334,272.9830952380944,4828.934095238095
2020-06-10 05:00:00,77.0,6,5,2,34605.901,38775.944,716.2689047618987,4886.311904761904
2020-06-10 06:00:00,75.9,6,6,2,36186.75,40172.146,1394.2639047619086,5379.659904761909
2020-06-10 07:00:00,77.0,6,7,2,39272.175,42723.684,2605.85242857143,6057.361428571428
2020-06-10 08:00:00,77.0,6,8,2,42322.795,45528.185,3596.15804761905,6801.54804761905
2020-06-10 09:00:00,77.0,6,9,2,44972.024,48399.725,4369.063523809527,7796.764523809528
2020-06-10 10:00:00,77.0,6,10,2,47482.12,51198.012,5308.148904761925,9024.040904761923
2020-06-10 11:00:00,80.1,6,11,2,49777.848,53466.314,6321.707190476191,10010.173190476193
2020-06-10 12:00:00,81.0,6,12,2,52158.542,55711.21,7590.968333333338,11143.636333333336
2020-06-10 13:00:00,84.9,6,13,2,54452.544,57494.128,8964.413809523816,12005.997809523811
2020-06-10 14:00:00,87.1,6,14,2,56422.022,58874.517,10247.791523809516,12700.286523809518
2020-06-10 15:00:00,89.1,6,15,2,57956.896,59482.203,11215.884333333335,12741.191333333336
2020-06-10 16:00:00,89.1,6,16,2,59481.613,60363.768,12163.326047619055,13045.481047619054
2020-06-10 17:00:00,90.0,6,17,2,60431.776,60714.688,12757.730952380944,13040.64295238095
2020-06-10 18:00:00,89.1,6,18,2,60066.291,60092.997,12761.117095238083,12787.82309523809
2020-06-10 19:00:00,78.1,6,19,2,58195.857,58147.599,11917.214047619054,11868.956047619053
2020-06-10 20:00:00,73.0,6,20,2,55483.912,55651.463,10314.07128571428,10481.622285714286
2020-06-10 21:00:00,73.0,6,21,2,53316.457,53784.041,8666.764476190474,9134.34847619047
2020-06-10 22:00:00,73.0,6,22,2,50121.245,50577.986,7470.507761904751,7927.248761904746
2020-06-10 23:00:00,73.9,6,23,2,45980.867,46352.345,6212.546666666669,6584.024666666672
2020-06-11 00:00:00,72.0,6,0,3,42350.056,42994.277,5428.072857142848,6072.293857142853
2020-06-11 01:00:00,71.1,6,1,3,39666.597,40364.502,4541.707190476191,5239.612190476189
2020-06-11 02:00:00,70.0,6,2,3,37827.027,38749.231,4044.121666666666,4966.325666666664
2020-06-11 03:00:00,68.0,6,3,3,36810.06,37647.294,3533.8597142857034,4371.093714285707
2020-06-11 04:00:00,66.9,6,4,3,36693.64,37355.654,3494.240095238092,4156.254095238095
2020-06-11 05:00:00,66.0,6,5,3,37328.69,38214.337,3439.057904761903,4324.7049047619
2020-06-11 06:00:00,64.9,6,6,3,38943.068,40008.686,4150.581904761908,5216.19990476191
2020-06-11 07:00:00,63.0,6,7,3,41932.33,42781.283,5266.007428571429,6114.96042857143
2020-06-11 08:00:00,64.9,6,8,3,45532.531,45678.456,6805.894047619055,6951.81904761905
2020-06-11 09:00:00,66.9,6,9,3,49295.139,48806.039,8692.178523809533,8203.078523809527
2020-06-11 10:00:00,69.1,6,10,3,53537.063,52178.443,11363.091904761925,10004.471904761922
2020-06-11 11:00:00,72.0,6,11,3,57642.972,55260.673,14186.831190476194,11804.532190476197
2020-06-11 12:00:00,72.0,6,12,3,61194.077,57822.867,16626.503333333334,13255.293333333337
2020-06-11 13:00:00,77.0,6,13,3,64046.22,59741.905,18558.08980952381,14253.774809523811
2020-06-11 14:00:00,75.9,6,14,3,65890.35,59866.112,19716.119523809524,13691.88152380952
2020-06-11 15:00:00,79.0,6,15,3,66386.745,59547.06,19645.73333333333,12806.048333333332
2020-06-11 16:00:00,79.0,6,16,3,65974.713,59540.266,18656.42604761906,12221.97904761906
2020-06-11 17:00:00,80.1,6,17,3,65590.817,59261.54,17916.771952380943,11587.494952380948
2020-06-11 18:00:00,77.0,6,18,3,64315.504,58112.719,17010.33009523809,10807.545095238083
2020-06-11 19:00:00,79.0,6,19,3,62590.722,56139.997,16312.079047619052,9861.354047619054
2020-06-11 20:00:00,78.1,6,20,3,60730.73,54118.666,15560.889285714286,8948.82528571428
2020-06-11 21:00:00,73.9,6,21,3,59391.906,52222.415,14742.213476190474,7572.722476190473
2020-06-11 22:00:00,70.0,6,22,3,56487.351,49476.544,13836.613761904751,6825.806761904751
2020-06-11 23:00:00,69.1,6,23,3,52863.447,45811.848,13095.12666666667,6043.527666666669
2020-06-12 00:00:00,64.9,6,0,4,49504.229,42589.943,12582.24585714285,5667.9598571428505
2020-06-12 01:00:00,62.1,6,1,4,46810.668,40213.709,11685.778190476189,5088.819190476192
2020-06-12 02:00:00,62.1,6,2,4,45024.409,38486.182,11241.503666666664,4703.276666666665
2020-06-12 03:00:00,60.1,6,3,4,43723.353,37492.668,10447.152714285708,4216.467714285704
2020-06-12 04:00:00,59.0,6,4,4,43516.794,37355.81,10317.394095238094,4156.41009523809
2020-06-12 05:00:00,57.9,6,5,4,44319.788,38104.773,10430.1559047619,4215.140904761902
2020-06-12 06:00:00,59.0,6,6,4,45789.678,39744.088,10997.191904761909,4951.601904761912
2020-06-12 07:00:00,59.0,6,7,4,49110.489,42484.501,12444.166428571429,5818.178428571424
2020-06-12 08:00:00,64.9,6,8,4,52392.689,45534.617,13666.05204761905,6807.98004761905
2020-06-12 09:00:00,70.0,6,9,4,55496.64,48448.018,14893.67952380953,7845.057523809526
2020-06-12 10:00:00,73.9,6,10,4,58163.108,51434.806,15989.136904761925,9260.83490476192
2020-06-12 11:00:00,77.0,6,11,4,60921.426,54396.698,17465.285190476192,10940.55719047619
2020-06-12 12:00:00,79.0,6,12,4,63993.363,56777.761,19425.78933333333,12210.187333333335
2020-06-12 13:00:00,80.1,6,13,4,65969.445,58831.605,20481.31480952382,13343.474809523816
2020-06-12 14:00:00,81.0,6,14,4,66799.868,60081.762,20625.63752380952,13907.53152380952
2020-06-12 15:00:00,82.0,6,15,4,66297.264,61096.786,19556.25233333333,14355.774333333336
2020-06-12 16:00:00,82.0,6,16,4,65199.204,61547.703,17880.917047619056,14229.41604761906
2020-06-12 17:00:00,82.0,6,17,4,63980.321,61542.972,16306.275952380953,13868.926952380947
2020-06-12 18:00:00,80.1,6,18,4,61755.899,60618.015,14450.725095238084,13312.841095238087
2020-06-12 19:00:00,78.1,6,19,4,58482.57,58934.314,12203.92704761905,12655.67104761905
2020-06-12 20:00:00,75.9,6,20,4,55418.424,56446.686,10248.58328571428,11276.845285714284
2020-06-12 21:00:00,73.9,6,21,4,52880.421,54535.891,8230.728476190474,9886.198476190477
2020-06-12 22:00:00,69.1,6,22,4,49495.726,51498.567,6844.988761904751,8847.829761904752
2020-06-12 23:00:00,66.9,6,23,4,45857.228,47298.245,6088.907666666673,7529.924666666673
2020-06-13 00:00:00,66.0,6,0,5,42566.927,43588.255,5644.943857142855,6666.271857142849
2020-06-13 01:00:00,66.9,6,1,5,40154.978,40766.706,5030.088190476192,5641.816190476187
2020-06-13 02:00:00,66.0,6,2,5,38428.99,38654.978,4646.084666666662,4872.072666666667
2020-06-13 03:00:00,64.9,6,3,5,37358.642,37171.509,4082.4417142857055,3895.308714285704
2020-06-13 04:00:00,62.1,6,4,5,36958.039,36372.604,3758.63909523809,3173.204095238092
2020-06-13 05:00:00,60.1,6,5,5,37569.377,36149.676,3679.744904761901,2260.0439047619
2020-06-13 06:00:00,59.0,6,6,5,38945.548,35876.644,4153.061904761911,1084.1579047619089
2020-06-13 07:00:00,59.0,6,7,5,41740.02,37632.009,5073.697428571424,965.6864285714256
2020-06-13 08:00:00,57.9,6,8,5,44196.157,40774.914,5469.520047619051,2048.277047619049
2020-06-13 09:00:00,57.9,6,9,5,46201.296,44101.388,5598.335523809532,3498.427523809529
2020-06-13 10:00:00,57.9,6,10,5,48077.126,47247.836,5903.154904761919,5073.864904761926
2020-06-13 11:00:00,59.0,6,11,5,49497.099,49713.019,6040.958190476194,6256.878190476193
2020-06-13 12:00:00,64.0,6,12,5,51034.128,51681.4,6466.5543333333335,7113.826333333338
2020-06-13 13:00:00,66.9,6,13,5,52487.407,52942.222,6999.276809523813,7454.091809523816
2020-06-13 14:00:00,66.9,6,14,5,53380.803,53761.94,7206.572523809518,7587.709523809521
2020-06-13 15:00:00,69.1,6,15,5,54126.643,54733.565,7385.631333333331,7992.553333333337
2020-06-13 16:00:00,68.0,6,16,5,54677.703,55353.927,7359.416047619059,8035.640047619061
2020-06-13 17:00:00,70.0,6,17,5,55207.588,55642.188,7533.542952380951,7968.142952380949
2020-06-13 18:00:00,70.0,6,18,5,54761.926,54799.407,7456.752095238087,7494.233095238087
2020-06-13 19:00:00,68.0,6,19,5,53083.568,52490.461,6804.92504761905,6211.818047619054
2020-06-13 20:00:00,68.0,6,20,5,50470.869,49324.354,5301.028285714281,4154.513285714282
2020-06-13 21:00:00,64.0,6,21,5,48764.397,47303.612,4114.704476190469,2653.919476190473
2020-06-13 22:00:00,62.1,6,22,5,45911.321,44649.66,3260.5837619047525,1998.9227619047524
2020-06-13 23:00:00,59.0,6,23,5,42399.566,41128.187,2631.2456666666694,1359.8666666666686
2020-06-14 00:00:00,57.0,6,0,6,39297.483,38067.344,2375.4998571428514,1145.3608571428483
2020-06-14 01:00:00,55.9,6,1,6,36982.122,35667.086,1857.232190476192,542.196190476192
2020-06-14 02:00:00,55.9,6,2,6,35343.785,33959.709,1560.8796666666676,176.8036666666667
2020-06-14 03:00:00,55.0,6,3,6,34318.035,32769.234,1041.8347142857092,0.0
2020-06-14 04:00:00,54.0,6,4,6,34326.712,31964.035,1127.3120952380923,0.0
2020-06-14 05:00:00,52.0,6,5,6,35157.863,31661.323,1268.2309047618985,0.0
2020-06-14 06:00:00,51.1,6,6,6,36302.415,31280.011,1509.9289047619095,0.0
2020-06-14 07:00:00,52.0,6,7,6,39055.311,32404.368,2388.988428571429,0.0
2020-06-14 08:00:00,55.0,6,8,6,42033.13,34493.616,3306.4930476190493,0.0
2020-06-14 09:00:00,57.0,6,9,6,44432.624,36932.461,3829.663523809533,0.0
2020-06-14 10:00:00,59.0,6,10,6,46658.734,39241.872,4484.762904761919,0.0
2020-06-14 11:00:00,63.0,6,11,6,48433.125,41229.707,4976.984190476192,0.0
2020-06-14 12:00:00,64.9,6,12,6,50068.914,43093.781,5501.340333333334,0.0
2020-06-14 13:00:00,68.0,6,13,6,51235.32,44479.03,5747.189809523814,0.0
2020-06-14 14:00:00,71.1,6,14,6,52151.537,45964.927,5977.306523809515,0.0
2020-06-14 15:00:00,72.0,6,15,6,52752.464,47471.791,6011.452333333335,730.779333333332
2020-06-14 16:00:00,71.1,6,16,6,53329.522,49076.875,6011.235047619055,1758.5880476190578
2020-06-14 17:00:00,70.0,6,17,6,53272.048,50350.219,5598.00295238095,2676.1739523809447
2020-06-14 18:00:00,69.1,6,18,6,52149.903,50522.333,4844.729095238086,3217.1590952380866
2020-06-14 19:00:00,72.0,6,19,6,49858.328,49485.157,3579.685047619052,3206.51404761905
2020-06-14 20:00:00,70.0,6,20,6,46942.857,47327.581,1773.016285714286,2157.7402857142806
2020-06-14 21:00:00,64.9,6,21,6,45300.01,45773.792,650.3174761904738,1124.099476190473
2020-06-14 22:00:00,63.0,6,22,6,42761.78,43425.024,111.04276190474776,774.2867619047465
2020-06-14 23:00:00,62.1,6,23,6,39357.833,40143.663,0.0,375.342666666671
2020-06-15 00:00:00,62.1,6,0,0,36423.802,37278.487,0.0,356.5038571428522
2020-06-15 01:00:00,61.0,6,1,0,34427.644,35413.625,0.0,288.735190476189
2020-06-15 02:00:00,61.0,6,2,0,32940.947,34035.104,0.0,252.19866666666348
2020-06-15 03:00:00,61.0,6,3,0,32073.451,33365.128,0.0,88.92771428570268
2020-06-15 04:00:00,61.0,6,4,0,31656.416,33472.383,0.0,272.9830952380944
2020-06-15 05:00:00,59.0,6,5,0,31817.127,34605.901,0.0,716.2689047618987
2020-06-15 06:00:00,59.0,6,6,0,31860.325,36186.75,0.0,1394.2639047619086
2020-06-15 07:00:00,60.1,6,7,0,32860.117,39272.175,0.0,2605.85242857143
2020-06-15 08:00:00,61.0,6,8,0,34515.637,42322.795,0.0,3596.15804761905
2020-06-15 09:00:00,62.1,6,9,0,36142.308,44972.024,0.0,4369.063523809527
2020-06-15 10:00:00,64.0,6,10,0,37462.036,47482.12,0.0,5308.148904761925
2020-06-15 11:00:00,68.0,6,11,0,38499.194,49777.848,0.0,6321.707190476191
2020-06-15 12:00:00,70.0,6,12,0,39287.069,52158.542,0.0,7590.968333333338
2020-06-15 13:00:00,73.0,6,13,0,39788.808,54452.544,0.0,8964.413809523816
2020-06-15 14:00:00,72.0,6,14,0,40073.227,56422.022,0.0,10247.791523809516
2020-06-15 15:00:00,73.9,6,15,0,40435.051,57956.896,0.0,11215.884333333335
2020-06-15 16:00:00,75.9,6,16,0,40982.122,59481.613,0.0,12163.326047619055
2020-06-15 17:00:00,79.0,6,17,0,41426.412,60431.776,0.0,12757.730952380944
2020-06-15 18:00:00,75.9,6,18,0,41105.307,60066.291,0.0,12761.117095238083
2020-06-15 19:00:00,78.1,6,19,0,40201.843,58195.857,0.0,11917.214047619054
2020-06-15 20:00:00,75.0,6,20,0,38902.488,55483.912,0.0,10314.07128571428
2020-06-15 21:00:00,72.0,6,21,0,38590.117,53316.457,0.0,8666.764476190474
2020-06-15 22:00:00,69.1,6,22,0,37312.599,50121.245,0.0,7470.507761904751
2020-06-15 23:00:00,66.9,6,23,0,35017.654,45980.867,0.0,6212.546666666669
2020-06-16 00:00:00,64.0,6,0,1,32935.768,42350.056,0.0,5428.072857142848
2020-06-16 01:00:00,63.0,6,1,1,31626.173,39666.597,0.0,4541.707190476191
2020-06-16 02:00:00,62.1,6,2,1,30661.073,37827.027,0.0,4044.121666666666
2020-06-16 03:00:00,62.1,6,3,1,30082.817,36810.06,0.0,3533.8597142857034
2020-06-16 04:00:00,61.0,6,4,1,29808.363,36693.64,0.0,3494.240095238092
2020-06-16 05:00:00,59.0,6,5,1,29921.064,37328.69,0.0,3439.057904761903
2020-06-16 06:00:00,59.0,6,6,1,29638.741,38943.068,0.0,4150.581904761908
2020-06-16 07:00:00,59.0,6,7,1,30509.179,41932.33,0.0,5266.007428571429
2020-06-16 08:00:00,63.0,6,8,1,31972.904,45532.531,0.0,6805.894047619055
2020-06-16 09:00:00,69.1,6,9,1,33606.216,49295.139,0.0,8692.178523809533
2020-06-16 10:00:00,73.9,6,10,1,34917.22,53537.063,0.0,11363.091904761925
2020-06-16 11:00:00,75.0,6,11,1,35934.244,57642.972,0.0,14186.831190476194
2020-06-16 12:00:00,79.0,6,12,1,36734.323,61194.077,0.0,16626.503333333334
2020-06-16 13:00:00,78.1,6,13,1,37223.729,64046.22,0.0,18558.08980952381
2020-06-16 14:00:00,79.0,6,14,1,37701.393,65890.35,0.0,19716.119523809524
2020-06-16 15:00:00,80.1,6,15,1,38198.095,66386.745,0.0,19645.73333333333
2020-06-16 16:00:00,79.0,6,16,1,38883.982,65974.713,0.0,18656.42604761906
2020-06-16 17:00:00,81.0,6,17,1,39730.572,65590.817,0.0,17916.771952380943
2020-06-16 18:00:00,80.1,6,18,1,39931.627,64315.504,0.0,17010.33009523809
2020-06-16 19:00:00,80.1,6,19,1,39714.551,62590.722,0.0,16312.079047619052
2020-06-16 20:00:00,78.1,6,20,1,39091.501,60730.73,0.0,15560.889285714286
2020-06-16 21:00:00,75.0,6,21,1,38918.86,59391.906,0.0,14742.213476190474
2020-06-16 22:00:00,72.0,6,22,1,37648.497,56487.351,0.0,13836.613761904751
2020-06-16 23:00:00,68.0,6,23,1,35663.149,52863.447,0.0,13095.12666666667
2020-06-17 00:00:00,64.0,6,0,2,33858.831,49504.229,0.0,12582.24585714285
2020-06-17 01:00:00,64.9,6,1,2,32644.685,46810.668,0.0,11685.778190476189
2020-06-17 02:00:00,64.0,6,2,2,31881.452,45024.409,0.0,11241.503666666664
2020-06-17 03:00:00,64.0,6,3,2,31507.572,43723.353,0.0,10447.152714285708
2020-06-17 04:00:00,64.0,6,4,2,31891.791,43516.794,0.0,10317.394095238094
2020-06-17 05:00:00,63.0,6,5,2,33085.958,44319.788,0.0,10430.1559047619
2020-06-17 06:00:00,62.1,6,6,2,34844.969,45789.678,52.48290476190596,10997.191904761909
2020-06-17 07:00:00,63.0,6,7,2,37436.079,49110.489,769.7564285714252,12444.166428571429
2020-06-17 08:00:00,64.9,6,8,2,39767.336,52392.689,1040.699047619055,13666.05204761905
2020-06-17 09:00:00,68.0,6,9,2,41397.554,55496.64,794.5935238095262,14893.67952380953
2020-06-17 10:00:00,73.0,6,10,2,42916.666,58163.108,742.69490476192,15989.136904761925
2020-06-17 11:00:00,75.9,6,11,2,44123.265,60921.426,667.1241904761919,17465.285190476192
2020-06-17 12:00:00,78.1,6,12,2,45336.396,63993.363,768.8223333333372,19425.78933333333
2020-06-17 13:00:00,81.0,6,13,2,46146.628,65969.445,658.4978095238112,20481.31480952382
2020-06-17 14:00:00,78.1,6,14,2,46576.592,66799.868,402.36152380951535,20625.63752380952
2020-06-17 15:00:00,77.0,6,15,2,46825.278,66297.264,84.26633333333302,19556.25233333333
2020-06-17 16:00:00,77.0,6,16,2,47344.749,65199.204,26.462047619061195,17880.917047619056
2020-06-17 17:00:00,77.0,6,17,2,47886.674,63980.321,212.62895238094643,16306.275952380953
2020-06-17 18:00:00,75.9,6,18,2,47795.072,61755.899,489.898095238088,14450.725095238084
2020-06-17 19:00:00,75.0,6,19,2,46814.617,58482.57,535.9740476190491,12203.92704761905
2020-06-17 20:00:00,73.9,6,20,2,45372.753,55418.424,202.91228571427928,10248.58328571428
2020-06-17 21:00:00,71.1,6,21,2,44406.827,52880.421,0.0,8230.728476190474
2020-06-17 22:00:00,69.1,6,22,2,42473.489,49495.726,0.0,6844.988761904751
2020-06-17 23:00:00,64.9,6,23,2,39358.268,45857.228,0.0,6088.907666666673
2020-06-18 00:00:00,66.9,6,0,3,36675.775,42566.927,0.0,5644.943857142855
2020-06-18 01:00:00,64.9,6,1,3,34960.116,40154.978,0.0,5030.088190476192
2020-06-18 02:00:00,64.9,6,2,3,33843.396,38428.99,60.490666666664765,4646.084666666662
2020-06-18 03:00:00,64.9,6,3,3,33257.209,37358.642,0.0,4082.4417142857055
2020-06-18 04:00:00,64.0,6,4,3,33394.958,36958.039,195.55809523809148,3758.63909523809
2020-06-18 05:00:00,62.1,6,5,3,34400.699,37569.377,511.0669047619013,3679.744904761901
2020-06-18 06:00:00,63.0,6,6,3,35856.465,38945.548,1063.9789047619051,4153.061904761911
2020-06-18 07:00:00,64.9,6,7,3,38653.766,41740.02,1987.4434285714303,5073.697428571424
2020-06-18 08:00:00,68.0,6,8,3,41135.193,44196.157,2408.5560476190512,5469.520047619051
2020-06-18 09:00:00,70.0,6,9,3,43385.251,46201.296,2782.2905238095263,5598.335523809532
2020-06-18 10:00:00,75.0,6,10,3,45392.935,48077.126,3218.9639047619203,5903.154904761919
2020-06-18 11:00:00,73.9,6,11,3,47196.358,49497.099,3740.2171904761926,6040.958190476194
2020-06-18 12:00:00,73.9,6,12,3,48913.517,51034.128,4345.943333333336,6466.5543333333335
2020-06-18 13:00:00,75.0,6,13,3,50564.151,52487.407,5076.020809523812,6999.276809523813
2020-06-18 14:00:00,78.1,6,14,3,51737.15,53380.803,5562.91952380952,7206.572523809518
2020-06-18 15:00:00,78.1,6,15,3,52622.453,54126.643,5881.441333333336,7385.631333333331
2020-06-18 16:00:00,77.0,6,16,3,53581.421,54677.703,6263.13404761906,7359.416047619059
2020-06-18 17:00:00,68.0,6,17,3,54171.849,55207.588,6497.803952380949,7533.542952380951
2020-06-18 18:00:00,69.1,6,18,3,54013.468,54761.926,6708.294095238089,7456.752095238087
2020-06-18 19:00:00,70.0,6,19,3,52429.025,53083.568,6150.382047619052,6804.92504761905
2020-06-18 20:00:00,70.0,6,20,3,50424.128,50470.869,5254.287285714279,5301.028285714281
2020-06-18 21:00:00,69.1,6,21,3,48738.72,48764.397,4089.027476190473,4114.704476190469
2020-06-18 22:00:00,66.9,6,22,3,46191.731,45911.321,3540.9937619047487,3260.5837619047525
2020-06-18 23:00:00,66.9,6,23,3,42416.137,42399.566,2647.816666666673,2631.2456666666694
2020-06-19 00:00:00,66.0,6,0,4,39311.845,39297.483,2389.8618571428524,2375.4998571428514
2020-06-19 01:00:00,64.0,6,1,4,37156.379,36982.122,2031.4891904761896,1857.232190476192
2020-06-19 02:00:00,63.0,6,2,4,35680.639,35343.785,1897.733666666667,1560.8796666666676
2020-06-19 03:00:00,62.1,6,3,4,34804.227,34318.035,1528.0267142857049,1041.8347142857092
2020-06-19 04:00:00,61.0,6,4,4,34717.16,34326.712,1517.7600952380965,1127.3120952380923
2020-06-19 05:00:00,60.1,6,5,4,35631.81,35157.863,1742.1779047618984,1268.2309047618985
2020-06-19 06:00:00,61.0,6,6,4,37177.637,36302.415,2385.150904761911,1509.9289047619095
2020-06-19 07:00:00,63.0,6,7,4,40041.884,39055.311,3375.561428571425,2388.988428571429
2020-06-19 08:00:00,64.9,6,8,4,42895.941,42033.13,4169.304047619051,3306.4930476190493
2020-06-19 09:00:00,68.0,6,9,4,45262.937,44432.624,4659.976523809528,3829.663523809533
2020-06-19 10:00:00,72.0,6,10,4,47427.71,46658.734,5253.738904761922,4484.762904761919
2020-06-19 11:00:00,73.9,6,11,4,49495.72,48433.125,6039.579190476194,4976.984190476192
2020-06-19 12:00:00,75.9,6,12,4,51340.366,50068.914,6772.792333333338,5501.340333333334
2020-06-19 13:00:00,77.0,6,13,4,52990.962,51235.32,7502.831809523814,5747.189809523814
2020-06-19 14:00:00,81.0,6,14,4,54064.378,52151.537,7890.147523809515,5977.306523809515
2020-06-19 15:00:00,80.1,6,15,4,54739.718,52752.464,7998.706333333335,6011.452333333335
2020-06-19 16:00:00,84.9,6,16,4,55474.65,53329.522,8156.363047619059,6011.235047619055
2020-06-19 17:00:00,82.9,6,17,4,55721.242,53272.048,8047.196952380946,5598.00295238095
2020-06-19 18:00:00,84.9,6,18,4,55231.092,52149.903,7925.918095238085,4844.729095238086
2020-06-19 19:00:00,82.9,6,19,4,53727.086,49858.328,7448.443047619054,3579.685047619052
2020-06-19 20:00:00,81.0,6,20,4,51710.755,46942.857,6540.91428571428,1773.016285714286
2020-06-19 21:00:00,79.0,6,21,4,50158.064,45300.01,5508.37147619047,650.3174761904738
2020-06-19 22:00:00,75.9,6,22,4,47538.552,42761.78,4887.814761904752,111.04276190474776
2020-06-19 23:00:00,72.0,6,23,4,43983.076,39357.833,4214.755666666672,0.0
2020-06-20 00:00:00,71.1,6,0,5,40789.506,36423.802,3867.522857142853,0.0
2020-06-20 01:00:00,69.1,6,1,5,38321.898,34427.644,3197.00819047619,0.0
2020-06-20 02:00:00,66.0,6,2,5,36727.05,32940.947,2944.144666666667,0.0
2020-06-20 03:00:00,66.0,6,3,5,35773.292,32073.451,2497.091714285707,0.0
2020-06-20 04:00:00,66.0,6,4,5,35694.977,31656.416,2495.577095238092,0.0
2020-06-20 05:00:00,63.0,6,5,5,36590.793,31817.127,2701.1609047618986,0.0
2020-06-20 06:00:00,64.9,6,6,5,38095.324,31860.325,3302.837904761909,0.0
2020-06-20 07:00:00,64.9,6,7,5,40880.233,32860.117,4213.910428571428,0.0
2020-06-20 08:00:00,69.1,6,8,5,43843.777,34515.637,5117.140047619054,0.0
2020-06-20 09:00:00,73.0,6,9,5,46659.556,36142.308,6056.595523809527,0.0
2020-06-20 10:00:00,78.1,6,10,5,49143.779,37462.036,6969.807904761925,0.0
2020-06-20 11:00:00,82.0,6,11,5,51457.214,38499.194,8001.073190476192,0.0
2020-06-20 12:00:00,84.9,6,12,5,53568.862,39287.069,9001.288333333338,0.0
2020-06-20 13:00:00,88.0,6,13,5,55504.464,39788.808,10016.333809523814,0.0
2020-06-20 14:00:00,89.1,6,14,5,57042.859,40073.227,10868.628523809515,0.0
2020-06-20 15:00:00,89.1,6,15,5,57855.025,40435.051,11114.013333333336,0.0
2020-06-20 16:00:00,91.0,6,16,5,58133.019,40982.122,10814.732047619058,0.0
2020-06-20 17:00:00,91.0,6,17,5,57952.285,41426.412,10278.23995238095,0.0
2020-06-20 18:00:00,91.0,6,18,5,56898.307,41105.307,9593.133095238089,0.0
2020-06-20 19:00:00,90.0,6,19,5,55099.187,40201.843,8820.544047619049,0.0
2020-06-20 20:00:00,87.1,6,20,5,53066.093,38902.488,7896.252285714283,0.0
2020-06-20 21:00:00,84.0,6,21,5,51331.78,38590.117,6682.087476190471,0.0
2020-06-20 22:00:00,82.0,6,22,5,48742.439,37312.599,6091.701761904747,0.0
2020-06-20 23:00:00,80.1,6,23,5,45108.492,35017.654,5340.171666666669,0.0
2020-06-21 00:00:00,78.1,6,0,6,41672.144,32935.768,4750.160857142852,0.0
2020-06-21 01:00:00,78.1,6,1,6,39123.589,31626.173,3998.699190476189,0.0
2020-06-21 02:00:00,75.9,6,2,6,37398.919,30661.073,3616.013666666666,0.0
2020-06-21 03:00:00,71.1,6,3,6,36306.926,30082.817,3030.725714285705,0.0
2020-06-21 04:00:00,73.9,6,4,6,36175.981,29808.363,2976.5810952380925,0.0
2020-06-21 05:00:00,73.0,6,5,6,37027.517,29921.064,3137.8849047619005,0.0
2020-06-21 06:00:00,72.0,6,6,6,38420.454,29638.741,3627.9679047619065,0.0
2020-06-21 07:00:00,71.1,6,7,6,41273.357,30509.179,4607.034428571431,0.0
2020-06-21 08:00:00,75.0,6,8,6,44521.27,31972.904,5794.633047619049,0.0
2020-06-21 09:00:00,78.1,6,9,6,47843.963,33606.216,7241.002523809533,0.0
2020-06-21 10:00:00,79.0,6,10,6,51176.498,34917.22,9002.526904761922,0.0
2020-06-21 11:00:00,84.0,6,11,6,54182.475,35934.244,10726.334190476193,0.0
2020-06-21 12:00:00,88.0,6,12,6,56742.189,36734.323,12174.615333333337,0.0
2020-06-21 13:00:00,90.0,6,13,6,58682.79,37223.729,13194.659809523817,0.0
2020-06-21 14:00:00,90.0,6,14,6,59921.263,37701.393,13747.032523809516,0.0
2020-06-21 15:00:00,91.9,6,15,6,60543.497,38198.095,13802.485333333338,0.0
2020-06-21 16:00:00,91.0,6,16,6,61087.415,38883.982,13769.12804761906,0.0
2020-06-21 17:00:00,91.9,6,17,6,60928.132,39730.572,13254.086952380943,0.0
2020-06-21 18:00:00,89.1,6,18,6,60076.615,39931.627,12771.441095238086,0.0
2020-06-21 19:00:00,80.1,6,19,6,58196.961,39714.551,11918.318047619054,0.0
2020-06-21 20:00:00,77.0,6,20,6,55578.537,39091.501,10408.69628571428,0.0
2020-06-21 21:00:00,75.9,6,21,6,53469.449,38918.86,8819.756476190472,0.0
2020-06-21 22:00:00,73.0,6,22,6,50520.371,37648.497,7869.633761904748,0.0
2020-06-21 23:00:00,72.0,6,23,6,46287.19,35663.149,6518.869666666673,0.0
2020-06-22 00:00:00,71.1,6,0,0,42549.372,33858.831,5627.388857142854,0.0
2020-06-22 01:00:00,71.1,6,1,0,39856.397,32644.685,4731.507190476186,0.0
2020-06-22 02:00:00,72.0,6,2,0,37773.892,31881.452,3990.986666666664,0.0
2020-06-22 03:00:00,69.1,6,3,0,36474.477,31507.572,3198.2767142857047,0.0
2020-06-22 04:00:00,69.1,6,4,0,35754.927,31891.791,2555.527095238096,0.0
2020-06-22 05:00:00,68.0,6,5,0,35546.017,33085.958,1656.3849047619003,0.0
2020-06-22 06:00:00,68.0,6,6,0,35255.516,34844.969,463.0299047619119,52.48290476190596
2020-06-22 07:00:00,68.0,6,7,0,36969.549,37436.079,303.2264285714264,769.7564285714252
2020-06-22 08:00:00,68.0,6,8,0,40207.273,39767.336,1480.636047619053,1040.699047619055
2020-06-22 09:00:00,69.1,6,9,0,43991.188,41397.554,3388.227523809532,794.5935238095262
2020-06-22 10:00:00,69.1,6,10,0,47842.223,42916.666,5668.251904761921,742.69490476192
2020-06-22 11:00:00,70.0,6,11,0,51396.456,44123.265,7940.315190476191,667.1241904761919
2020-06-22 12:00:00,73.9,6,12,0,54190.217,45336.396,9622.643333333332,768.8223333333372
2020-06-22 13:00:00,77.0,6,13,0,55986.189,46146.628,10498.058809523813,658.4978095238112
2020-06-22 14:00:00,75.9,6,14,0,57135.549,46576.592,10961.318523809518,402.36152380951535
2020-06-22 15:00:00,81.0,6,15,0,58276.679,46825.278,11535.667333333333,84.26633333333302
2020-06-22 16:00:00,82.9,6,16,0,58947.561,47344.749,11629.27404761906,26.462047619061195
2020-06-22 17:00:00,82.0,6,17,0,59816.273,47886.674,12142.227952380948,212.62895238094643
2020-06-22 18:00:00,82.9,6,18,0,59314.328,47795.072,12009.15409523809,489.898095238088
2020-06-22 19:00:00,82.9,6,19,0,57675.668,46814.617,11397.025047619049,535.9740476190491
2020-06-22 20:00:00,82.9,6,20,0,54956.224,45372.753,9786.383285714284,202.91228571427928
2020-06-22 21:00:00,80.1,6,21,0,53127.944,44406.827,8478.251476190475,0.0
2020-06-22 22:00:00,72.0,6,22,0,50336.669,42473.489,7685.931761904751,0.0
2020-06-22 23:00:00,73.0,6,23,0,46494.141,39358.268,6725.820666666674,0.0
2020-06-23 00:00:00,73.0,6,0,1,42964.612,36675.775,6042.628857142852,0.0
2020-06-23 01:00:00,73.0,6,1,1,40206.519,34960.116,5081.629190476189,0.0
2020-06-23 02:00:00,73.0,6,2,1,38185.253,33843.396,4402.347666666661,60.490666666664765
2020-06-23 03:00:00,73.0,6,3,1,36705.279,33257.209,3429.078714285708,0.0
2020-06-23 04:00:00,73.0,6,4,1,35822.623,33394.958,2623.2230952380924,195.55809523809148
2020-06-23 05:00:00,70.0,6,5,1,35314.889,34400.699,1425.2569047619036,511.0669047619013
2020-06-23 06:00:00,70.0,6,6,1,34797.043,35856.465,4.55690476190648,1063.9789047619051
2020-06-23 07:00:00,70.0,6,7,1,36242.494,38653.766,0.0,1987.4434285714303
2020-06-23 08:00:00,71.1,6,8,1,39631.376,41135.193,904.7390476190484,2408.5560476190512
2020-06-23 09:00:00,72.0,6,9,1,43637.097,43385.251,3034.136523809532,2782.2905238095263
2020-06-23 10:00:00,73.0,6,10,1,47561.1,45392.935,5387.128904761921,3218.9639047619203
2020-06-23 11:00:00,71.1,6,11,1,51142.478,47196.358,7686.337190476195,3740.2171904761926
2020-06-23 12:00:00,70.0,6,12,1,53974.704,48913.517,9407.130333333334,4345.943333333336
2020-06-23 13:00:00,75.9,6,13,1,55898.611,50564.151,10410.480809523811,5076.020809523812
2020-06-23 14:00:00,77.0,6,14,1,57075.46,51737.15,10901.229523809518,5562.91952380952
2020-06-23 15:00:00,79.0,6,15,1,57376.1,52622.453,10635.088333333331,5881.441333333336
2020-06-23 16:00:00,79.0,6,16,1,57173.298,53581.421,9855.01104761906,6263.13404761906
2020-06-23 17:00:00,75.9,6,17,1,56717.357,54171.849,9043.311952380953,6497.803952380949
2020-06-23 18:00:00,79.0,6,18,1,55487.733,54013.468,8182.559095238088,6708.294095238089
2020-06-23 19:00:00,75.9,6,19,1,53730.036,52429.025,7451.393047619051,6150.382047619052
2020-06-23 20:00:00,75.0,6,20,1,51929.053,50424.128,6759.212285714282,5254.287285714279
2020-06-23 21:00:00,72.0,6,21,1,50584.572,48738.72,5934.879476190472,4089.027476190473
2020-06-23 22:00:00,69.1,6,22,1,48241.713,46191.731,5590.975761904752,3540.9937619047487
2020-06-23 23:00:00,66.0,6,23,1,45022.284,42416.137,5253.96366666667,2647.816666666673
2020-06-24 00:00:00,66.9,6,0,2,42181.621,39311.845,5259.63785714285,2389.8618571428524
2020-06-24 01:00:00,64.9,6,1,2,39949.235,37156.379,4824.34519047619,2031.4891904761896
2020-06-24 02:00:00,64.0,6,2,2,38318.198,35680.639,4535.292666666661,1897.733666666667
2020-06-24 03:00:00,63.0,6,3,2,37554.928,34804.227,4278.727714285706,1528.0267142857049
2020-06-24 04:00:00,62.1,6,4,2,37415.444,34717.16,4216.044095238096,1517.7600952380965
2020-06-24 05:00:00,62.1,6,5,2,38544.603,35631.81,4654.970904761904,1742.1779047618984
2020-06-24 06:00:00,63.0,6,6,2,40425.123,37177.637,5632.636904761908,2385.150904761911
2020-06-24 07:00:00,64.0,6,7,2,43544.945,40041.884,6878.622428571427,3375.561428571425
2020-06-24 08:00:00,64.9,6,8,2,46592.317,42895.941,7865.680047619055,4169.304047619051
2020-06-24 09:00:00,68.0,6,9,2,49128.651,45262.937,8525.690523809528,4659.976523809528
2020-06-24 10:00:00,70.0,6,10,2,51583.877,47427.71,9409.905904761925,5253.738904761922
2020-06-24 11:00:00,73.0,6,11,2,54185.101,49495.72,10728.960190476197,6039.579190476194
2020-06-24 12:00:00,73.9,6,12,2,56919.656,51340.366,12352.08233333334,6772.792333333338
2020-06-24 13:00:00,75.0,6,13,2,59207.473,52990.962,13719.342809523812,7502.831809523814
2020-06-24 14:00:00,78.1,6,14,2,60210.924,54064.378,14036.693523809518,7890.147523809515
2020-06-24 15:00:00,75.0,6,15,2,60329.582,54739.718,13588.570333333337,7998.706333333335
2020-06-24 16:00:00,75.9,6,16,2,60550.867,55474.65,13232.580047619056,8156.363047619059
2020-06-24 17:00:00,73.0,6,17,2,60406.446,55721.242,12732.400952380953,8047.196952380946
2020-06-24 18:00:00,70.0,6,18,2,59595.593,55231.092,12290.419095238089,7925.918095238085
2020-06-24 19:00:00,72.0,6,19,2,57699.573,53727.086,11420.930047619047,7448.443047619054
2020-06-24 20:00:00,73.0,6,20,2,55698.652,51710.755,10528.811285714284,6540.91428571428
2020-06-24 21:00:00,71.1,6,21,2,53873.999,50158.064,9224.306476190475,5508.37147619047
2020-06-24 22:00:00,68.0,6,22,2,50806.935,47538.552,8156.197761904747,4887.814761904752
2020-06-24 23:00:00,64.9,6,23,2,47129.844,43983.076,7361.523666666668,4214.755666666672
2020-06-25 00:00:00,64.9,6,0,3,43766.432,40789.506,6844.448857142852,3867.522857142853
2020-06-25 01:00:00,62.1,6,1,3,41222.171,38321.898,6097.281190476191,3197.00819047619
2020-06-25 02:00:00,62.1,6,2,3,39495.639,36727.05,5712.733666666667,2944.144666666667
2020-06-25 03:00:00,63.0,6,3,3,38325.02,35773.292,5048.819714285703,2497.091714285707
2020-06-25 04:00:00,60.1,6,4,3,38096.567,35694.977,4897.167095238096,2495.577095238092
2020-06-25 05:00:00,59.0,6,5,3,38935.75,36590.793,5046.117904761901,2701.1609047618986
2020-06-25 06:00:00,59.0,6,6,3,40692.972,38095.324,5900.48590476191,3302.837904761909
2020-06-25 07:00:00,61.0,6,7,3,43178.94,40880.233,6512.61742857143,4213.910428571428
2020-06-25 08:00:00,64.0,6,8,3,45577.041,43843.777,6850.404047619049,5117.140047619054
2020-06-25 09:00:00,68.0,6,9,3,47289.44,46659.556,6686.479523809532,6056.595523809527
2020-06-25 10:00:00,73.0,6,10,3,49372.994,49143.779,7199.022904761921,6969.807904761925
2020-06-25 11:00:00,75.9,6,11,3,51115.366,51457.214,7659.225190476194,8001.073190476192
2020-06-25 12:00:00,78.1,6,12,3,52511.754,53568.862,7944.180333333337,9001.288333333338
2020-06-25 13:00:00,78.1,6,13,3,53621.186,55504.464,8133.055809523816,10016.333809523814
2020-06-25 14:00:00,80.1,6,14,3,54453.014,57042.859,8278.783523809521,10868.628523809515
2020-06-25 15:00:00,82.9,6,15,3,54989.331,57855.025,8248.319333333333,11114.013333333336
2020-06-25 16:00:00,82.9,6,16,3,54984.144,58133.019,7665.857047619058,10814.732047619058
2020-06-25 17:00:00,80.1,6,17,3,54855.224,57952.285,7181.178952380949,10278.23995238095
2020-06-25 18:00:00,81.0,6,18,3,53765.72,56898.307,6460.546095238089,9593.133095238089
2020-06-25 19:00:00,81.0,6,19,3,51850.281,55099.187,5571.638047619053,8820.544047619049
2020-06-25 20:00:00,80.1,6,20,3,49661.802,53066.093,4491.961285714286,7896.252285714283
2020-06-25 21:00:00,77.0,6,21,3,48062.482,51331.78,3412.7894761904754,6682.087476190471
2020-06-25 22:00:00,75.9,6,22,3,45613.302,48742.439,2962.564761904752,6091.701761904747
2020-06-25 23:00:00,70.0,6,23,3,42277.142,45108.492,2508.8216666666704,5340.171666666669
2020-06-26 00:00:00,66.9,6,0,4,39316.344,41672.144,2394.3608571428485,4750.160857142852
2020-06-26 01:00:00,66.9,6,1,4,37136.394,39123.589,2011.5041904761893,3998.699190476189
2020-06-26 02:00:00,64.0,6,2,4,35722.675,37398.919,1939.769666666667,3616.013666666666
2020-06-26 03:00:00,64.9,6,3,4,34934.424,36306.926,1658.2237142857048,3030.725714285705
2020-06-26 04:00:00,64.9,6,4,4,34886.647,36175.981,1687.24709523809,2976.5810952380925
2020-06-26 05:00:00,63.0,6,5,4,35867.8,37027.517,1978.167904761904,3137.8849047619005
2020-06-26 06:00:00,64.0,6,6,4,37482.843,38420.454,2690.3569047619094,3627.9679047619065
2020-06-26 07:00:00,64.0,6,7,4,40214.336,41273.357,3548.0134285714303,4607.034428571431
2020-06-26 08:00:00,68.0,6,8,4,42735.711,44521.27,4009.074047619055,5794.633047619049
2020-06-26 09:00:00,73.0,6,9,4,45054.646,47843.963,4451.68552380953,7241.002523809533
2020-06-26 10:00:00,79.0,6,10,4,47261.819,51176.498,5087.847904761926,9002.526904761922
2020-06-26 11:00:00,80.1,6,11,4,49149.788,54182.475,5693.647190476193,10726.334190476193
2020-06-26 12:00:00,82.0,6,12,4,50783.694,56742.189,6216.12033333334,12174.615333333337
2020-06-26 13:00:00,82.9,6,13,4,51743.529,58682.79,6255.398809523816,13194.659809523817
2020-06-26 14:00:00,84.9,6,14,4,52578.212,59921.263,6403.981523809518,13747.032523809516
2020-06-26 15:00:00,86.0,6,15,4,52911.368,60543.497,6170.356333333337,13802.485333333338
2020-06-26 16:00:00,84.9,6,16,4,53370.345,61087.415,6052.058047619059,13769.12804761906
2020-06-26 17:00:00,78.1,6,17,4,53592.728,60928.132,5918.68295238095,13254.086952380943
2020-06-26 18:00:00,80.1,6,18,4,53156.999,60076.615,5851.825095238091,12771.441095238086
2020-06-26 19:00:00,81.0,6,19,4,51543.423,58196.961,5264.780047619053,11918.318047619054
2020-06-26 20:00:00,80.1,6,20,4,49586.674,55578.537,4416.833285714281,10408.69628571428
2020-06-26 21:00:00,79.0,6,21,4,48090.387,53469.449,3440.6944761904742,8819.756476190472
2020-06-26 22:00:00,77.0,6,22,4,45637.7,50520.371,2986.962761904746,7869.633761904748
2020-06-26 23:00:00,77.0,6,23,4,42145.161,46287.19,2376.8406666666706,6518.869666666673
2020-06-27 00:00:00,75.9,6,0,5,39131.319,42549.372,2209.3358571428544,5627.388857142854
2020-06-27 01:00:00,75.9,6,1,5,37071.192,39856.397,1946.302190476192,4731.507190476186
2020-06-27 02:00:00,77.0,6,2,5,35620.211,37773.892,1837.305666666667,3990.986666666664
2020-06-27 03:00:00,77.0,6,3,5,34798.946,36474.477,1522.7457142857093,3198.2767142857047
2020-06-27 04:00:00,75.9,6,4,5,34657.344,35754.927,1457.94409523809,2555.527095238096
2020-06-27 05:00:00,75.0,6,5,5,35600.391,35546.017,1710.758904761904,1656.3849047619003
2020-06-27 06:00:00,75.0,6,6,5,37181.503,35255.516,2389.0169047619056,463.0299047619119
2020-06-27 07:00:00,75.0,6,7,5,39968.519,36969.549,3302.1964285714275,303.2264285714264
2020-06-27 08:00:00,75.0,6,8,5,42822.25,40207.273,4095.613047619052,1480.636047619053
2020-06-27 09:00:00,75.9,6,9,5,45535.558,43991.188,4932.597523809527,3388.227523809532
2020-06-27 10:00:00,77.0,6,10,5,48005.99,47842.223,5832.018904761921,5668.251904761921
2020-06-27 11:00:00,81.0,6,11,5,50350.02,51396.456,6893.879190476189,7940.315190476191
2020-06-27 12:00:00,81.0,6,12,5,52338.913,54190.217,7771.339333333337,9622.643333333332
2020-06-27 13:00:00,75.0,6,13,5,53656.152,55986.189,8168.021809523816,10498.058809523813
2020-06-27 14:00:00,75.9,6,14,5,54331.144,57135.549,8156.913523809519,10961.318523809518
2020-06-27 15:00:00,77.0,6,15,5,55694.789,58276.679,8953.777333333332,11535.667333333333
2020-06-27 16:00:00,75.9,6,16,5,56778.413,58947.561,9460.126047619058,11629.27404761906
2020-06-27 17:00:00,79.0,6,17,5,56986.779,59816.273,9312.73395238095,12142.227952380948
2020-06-27 18:00:00,80.1,6,18,5,56474.428,59314.328,9169.254095238088,12009.15409523809
2020-06-27 19:00:00,79.0,6,19,5,54890.425,57675.668,8611.782047619054,11397.025047619049
2020-06-27 20:00:00,79.0,6,20,5,52569.661,54956.224,7399.820285714282,9786.383285714284
2020-06-27 21:00:00,78.1,6,21,5,50746.053,53127.944,6096.360476190472,8478.251476190475
2020-06-27 22:00:00,77.0,6,22,5,48050.903,50336.669,5400.165761904747,7685.931761904751
2020-06-27 23:00:00,75.9,6,23,5,44251.063,46494.141,4482.742666666672,6725.820666666674
2020-06-28 00:00:00,75.9,6,0,6,41039.899,42964.612,4117.915857142849,6042.628857142852
2020-06-28 01:00:00,73.9,6,1,6,38544.826,40206.519,3419.93619047619,5081.629190476189
2020-06-28 02:00:00,73.0,6,2,6,36871.276,38185.253,3088.370666666662,4402.347666666661
2020-06-28 03:00:00,72.0,6,3,6,35822.183,36705.279,2545.982714285703,3429.078714285708
2020-06-28 04:00:00,71.1,6,4,6,35564.218,35822.623,2364.818095238093,2623.2230952380924
2020-06-28 05:00:00,71.1,6,5,6,36266.646,35314.889,2377.0139047619014,1425.2569047619036
2020-06-28 06:00:00,71.1,6,6,6,37820.905,34797.043,3028.4189047619075,4.55690476190648
2020-06-28 07:00:00,71.1,6,7,6,40615.158,36242.494,3948.8354285714304,0.0
2020-06-28 08:00:00,72.0,6,8,6,43663.367,39631.376,4936.73004761905,904.7390476190484
2020-06-28 09:00:00,73.0,6,9,6,46500.417,43637.097,5897.456523809531,3034.136523809532
2020-06-28 10:00:00,75.9,6,10,6,49318.958,47561.1,7144.986904761921,5387.128904761921
2020-06-28 11:00:00,77.0,6,11,6,51911.381,51142.478,8455.240190476194,7686.337190476195
2020-06-28 12:00:00,80.1,6,12,6,54295.884,53974.704,9728.310333333337,9407.130333333334
2020-06-28 13:00:00,80.1,6,13,6,55803.022,55898.611,10314.891809523811,10410.480809523811
2020-06-28 14:00:00,81.0,6,14,6,57109.296,57075.46,10935.06552380952,10901.229523809518
2020-06-28 15:00:00,81.0,6,15,6,57464.985,57376.1,10723.973333333335,10635.088333333331
2020-06-28 16:00:00,81.0,6,16,6,57384.223,57173.298,10065.936047619056,9855.01104761906
2020-06-28 17:00:00,82.0,6,17,6,57180.632,56717.357,9506.586952380943,9043.311952380953
2020-06-28 18:00:00,82.9,6,18,6,56376.566,55487.733,9071.392095238089,8182.559095238088
2020-06-28 19:00:00,82.9,6,19,6,55123.507,53730.036,8844.864047619049,7451.393047619051
2020-06-28 20:00:00,82.9,6,20,6,53313.018,51929.053,8143.177285714279,6759.212285714282
2020-06-28 21:00:00,81.0,6,21,6,51908.968,50584.572,7259.275476190473,5934.879476190472
2020-06-28 22:00:00,78.1,6,22,6,49423.243,48241.713,6772.505761904751,5590.975761904752
2020-06-28 23:00:00,78.1,6,23,6,46081.593,45022.284,6313.272666666671,5253.96366666667
2020-06-29 00:00:00,75.0,6,0,0,42852.394,42181.621,5930.410857142852,5259.63785714285
2020-06-29 01:00:00,73.0,6,1,0,40430.566,39949.235,5305.676190476188,4824.34519047619
2020-06-29 02:00:00,73.0,6,2,0,38920.872,38318.198,5137.966666666667,4535.292666666661
2020-06-29 03:00:00,72.0,6,3,0,37679.23,37554.928,4403.029714285709,4278.727714285706
2020-06-29 04:00:00,70.0,6,4,0,37170.068,37415.444,3970.668095238092,4216.044095238096
2020-06-29 05:00:00,69.1,6,5,0,37273.03,38544.603,3383.3979047619,4654.970904761904
2020-06-29 06:00:00,68.0,6,6,0,37502.479,40425.123,2709.992904761908,5632.636904761908
2020-06-29 07:00:00,68.0,6,7,0,38872.555,43544.945,2206.232428571428,6878.622428571427
2020-06-29 08:00:00,72.0,6,8,0,41382.92,46592.317,2656.28304761905,7865.680047619055
2020-06-29 09:00:00,75.0,6,9,0,44411.251,49128.651,3808.2905238095263,8525.690523809528
2020-06-29 10:00:00,78.1,6,10,0,47475.586,51583.877,5301.614904761926,9409.905904761925
2020-06-29 11:00:00,81.0,6,11,0,50096.696,54185.101,6640.555190476196,10728.960190476197
2020-06-29 12:00:00,84.0,6,12,0,51817.51,56919.656,7249.936333333339,12352.08233333334
2020-06-29 13:00:00,87.1,6,13,0,53088.211,59207.473,7600.080809523817,13719.342809523812
2020-06-29 14:00:00,88.0,6,14,0,54103.758,60210.924,7929.52752380952,14036.693523809518
2020-06-29 15:00:00,90.0,6,15,0,54880.861,60329.582,8139.849333333332,13588.570333333337
2020-06-29 16:00:00,89.1,6,16,0,55830.914,60550.867,8512.627047619055,13232.580047619056
2020-06-29 17:00:00,88.0,6,17,0,56397.841,60406.446,8723.795952380948,12732.400952380953
2020-06-29 18:00:00,86.0,6,18,0,55900.303,59595.593,8595.129095238088,12290.419095238089
2020-06-29 19:00:00,87.1,6,19,0,54484.22,57699.573,8205.577047619052,11420.930047619047
2020-06-29 20:00:00,84.0,6,20,0,52410.289,55698.652,7240.448285714279,10528.811285714284
2020-06-29 21:00:00,81.0,6,21,0,51092.541,53873.999,6442.848476190469,9224.306476190475
2020-06-29 22:00:00,79.0,6,22,0,48759.182,50806.935,6108.44476190475,8156.197761904747
2020-06-29 23:00:00,79.0,6,23,0,45630.25,47129.844,5861.929666666671,7361.523666666668
2020-06-30 00:00:00,78.1,6,0,1,42657.817,43766.432,5735.833857142854,6844.448857142852
2020-06-30 01:00:00,75.9,6,1,1,40226.905,41222.171,5102.015190476188,6097.281190476191
2020-06-30 02:00:00,71.1,6,2,1,38342.63,39495.639,4559.7246666666615,5712.733666666667
2020-06-30 03:00:00,70.0,6,3,1,37070.859,38325.02,3794.6587142857024,5048.819714285703
2020-06-30 04:00:00,70.0,6,4,1,36273.364,38096.567,3073.964095238094,4897.167095238096
2020-06-30 05:00:00,68.0,6,5,1,36021.004,38935.75,2131.371904761901,5046.117904761901
2020-06-30 06:00:00,69.1,6,6,1,35740.93,40692.972,948.4439047619088,5900.48590476191
2020-06-30 07:00:00,69.1,6,7,1,36949.652,43178.94,283.3294285714292,6512.61742857143
2020-06-30 08:00:00,73.0,6,8,1,39416.984,45577.041,690.3470476190487,6850.404047619049
2020-06-30 09:00:00,77.0,6,9,1,42457.237,47289.44,1854.2765238095308,6686.479523809532
2020-06-30 10:00:00,81.0,6,10,1,45382.472,49372.994,3208.500904761924,7199.022904761921
2020-06-30 11:00:00,82.9,6,11,1,48333.464,51115.366,4877.323190476192,7659.225190476194
2020-06-30 12:00:00,86.0,6,12,1,51042.291,52511.754,6474.717333333334,7944.180333333337
2020-06-30 13:00:00,86.0,6,13,1,52975.348,53621.186,7487.217809523812,8133.055809523816
2020-06-30 14:00:00,89.1,6,14,1,54574.589,54453.014,8400.358523809518,8278.783523809521
2020-06-30 15:00:00,88.0,6,15,1,55894.162,54989.331,9153.150333333331,8248.319333333333
2020-06-30 16:00:00,87.1,6,16,1,57143.202,54984.144,9824.915047619055,7665.857047619058
2020-06-30 17:00:00,91.0,6,17,1,58297.339,54855.224,10623.293952380947,7181.178952380949
2020-06-30 18:00:00,89.1,6,18,1,58123.473,53765.72,10818.299095238086,6460.546095238089
2020-06-30 19:00:00,88.0,6,19,1,56858.214,51850.281,10579.57104761905,5571.638047619053
2020-06-30 20:00:00,86.0,6,20,1,54675.39,49661.802,9505.549285714282,4491.961285714286
2020-06-30 21:00:00,82.9,6,21,1,52904.125,48062.482,8254.432476190472,3412.7894761904754
2020-06-30 22:00:00,78.1,6,22,1,50109.068,45613.302,7458.330761904748,2962.564761904752
